1.005265e+00,1.064399e+00,5.321994e-01,8.869990e-01,7.687324e-01,8.869990e-01,1.123532e+00,1.064399e+00,1.064399e+00,8.869990e-01,5.913326e-01,7.687324e-01,8.869990e-01,5.913326e-01,7.095992e-01,8.869990e-01,1.123532e+00,8.869990e-01,1.123532e+00,7.687324e-01,1.241799e+00,1.182665e+00,1.005265e+00,7.095992e-01,1.182665e+00,1.123532e+00,1.182665e+00,1.182665e+00,8.869990e-01,1.478332e+00,6.504659e-01,1.005265e+00,1.241799e+00,1.360065e+00,1.537465e+00,1.419198e+00,9.461322e-01,9.461322e-01,1.241799e+00,1.182665e+00,1.241799e+00,1.833131e+00,1.655731e+00,1.360065e+00,1.005265e+00,1.419198e+00,1.300932e+00,1.773998e+00,1.478332e+00,1.655731e+00,1.064399e+00,1.478332e+00,1.182665e+00,1.773998e+00,1.833131e+00,2.542730e+00,2.069664e+00,1.773998e+00,2.483597e+00,1.833131e+00,1.773998e+00,1.892264e+00,1.537465e+00,1.537465e+00,1.833131e+00,2.365331e+00,1.833131e+00,2.247064e+00,2.010531e+00,2.010531e+00,1.892264e+00,2.897530e+00,2.424464e+00,2.779263e+00,2.365331e+00,2.838397e+00,3.370596e+00,2.128798e+00,2.247064e+00,2.897530e+00,2.424464e+00,2.897530e+00,2.424464e+00,2.424464e+00,3.311463e+00,2.720130e+00,3.488863e+00,2.720130e+00,4.198462e+00,3.134063e+00,3.666262e+00,3.015796e+00,4.553261e+00,3.725396e+00,4.316728e+00,3.488863e+00,4.139328e+00,4.257595e+00,3.961929e+00,4.494128e+00,4.316728e+00,4.021062e+00,5.085461e+00,3.666262e+00,4.139328e+00,4.553261e+00,5.913326e+00,4.730661e+00,4.434995e+00,4.139328e+00,4.198462e+00,5.854193e+00,5.381127e+00,6.622926e+00,4.494128e+00,5.617660e+00,6.327259e+00,4.967194e+00,6.563792e+00,7.332525e+00,7.923857e+00,7.509925e+00,7.687324e+00,7.332525e+00,8.278657e+00,7.391658e+00,7.273391e+00,7.864724e+00,7.509925e+00,7.982991e+00,8.219524e+00,8.219524e+00,1.005265e+01,8.633457e+00,1.005265e+01,1.011179e+01,9.816122e+00,1.028919e+01,1.034832e+01,9.106523e+00,9.047389e+00,9.165656e+00,1.141272e+01,1.153099e+01,1.271365e+01,1.135359e+01,1.159012e+01,1.164925e+01,1.159012e+01,1.247712e+01,1.194492e+01,1.365978e+01,1.105792e+01,1.277279e+01,1.318672e+01,1.212232e+01,1.336412e+01,1.235885e+01,1.176752e+01,1.454678e+01,1.259539e+01,1.300932e+01,1.365978e+01,1.259539e+01,1.164925e+01,1.318672e+01,1.300932e+01,1.360065e+01,1.247712e+01,1.200405e+01,1.312758e+01,1.164925e+01,1.247712e+01,1.052572e+01,1.064399e+01,1.070312e+01,1.164925e+01,1.123532e+01,1.011179e+01,8.869990e+00,1.164925e+01,1.040745e+01,7.687324e+00,8.337790e+00,9.579589e+00,9.579589e+00,8.929123e+00,7.569058e+00,6.327259e+00,7.864724e+00,6.090726e+00,7.391658e+00,6.622926e+00,7.509925e+00,6.031593e+00,4.908061e+00,5.144594e+00,4.257595e+00,4.375862e+00,4.375862e+00,4.434995e+00,3.843662e+00,3.902795e+00,3.488863e+00,3.429729e+00,3.370596e+00,3.134063e+00,3.134063e+00,2.483597e+00,2.247064e+00,2.897530e+00,2.128798e+00,1.773998e+00,1.833131e+00,1.182665e+00,1.005265e+00,1.360065e+00,1.300932e+00,1.714865e+00,9.461322e-01,8.278657e-01,1.360065e+00,1.241799e+00,9.461322e-01,1.005265e+00,6.504659e-01,8.278657e-01,1.005265e+00,7.687324e-01,2.956663e-01,5.913326e-01,7.687324e-01,3.547996e-01,8.869990e-01,7.095992e-01,7.687324e-01,5.321994e-01,5.321994e-01,5.913326e-01,7.687324e-01,3.547996e-01,1.123532e+00,5.913326e-01,4.730661e-01,6.504659e-01,5.913326e-01,5.913326e-01,5.913326e-01,1.773998e-01,7.687324e-01,5.913326e-01,7.687324e-01,2.365331e-01,2.956663e-01,3.547996e-01,1.182665e-01,5.913326e-01,3.547996e-01,1.773998e-01,2.365331e-01,3.547996e-01,7.687324e-01,2.365331e-01,4.730661e-01,2.956663e-01,5.321994e-01,4.139328e-01,5.913326e-01,5.321994e-01,7.687324e-01,4.730661e-01,7.095992e-01,3.547996e-01,4.730661e-01,7.687324e-01,4.139328e-01,5.913326e-01,4.139328e-01,5.321994e-01,6.504659e-01
1.300932e+00,8.278657e-01,6.504659e-01,5.321994e-01,7.095992e-01,8.278657e-01,8.869990e-01,1.005265e+00,7.687324e-01,7.687324e-01,1.005265e+00,1.123532e+00,1.300932e+00,1.005265e+00,4.730661e-01,6.504659e-01,1.064399e+00,1.419198e+00,1.182665e+00,1.123532e+00,8.869990e-01,1.123532e+00,1.596598e+00,1.241799e+00,1.123532e+00,1.064399e+00,1.064399e+00,1.005265e+00,1.064399e+00,7.095992e-01,1.300932e+00,9.461322e-01,1.537465e+00,1.360065e+00,1.064399e+00,1.064399e+00,1.714865e+00,1.300932e+00,1.951398e+00,1.123532e+00,1.300932e+00,1.773998e+00,1.360065e+00,1.773998e+00,1.478332e+00,1.596598e+00,2.010531e+00,1.773998e+00,1.537465e+00,1.300932e+00,1.419198e+00,1.714865e+00,1.360065e+00,2.069664e+00,1.300932e+00,1.300932e+00,1.419198e+00,1.419198e+00,1.596598e+00,2.069664e+00,2.306197e+00,1.892264e+00,2.010531e+00,1.478332e+00,2.010531e+00,1.360065e+00,2.010531e+00,2.128798e+00,2.247064e+00,1.833131e+00,1.714865e+00,2.424464e+00,1.596598e+00,2.365331e+00,2.956663e+00,2.956663e+00,3.015796e+00,2.542730e+00,2.424464e+00,2.779263e+00,2.779263e+00,2.542730e+00,3.311463e+00,2.306197e+00,2.601864e+00,2.601864e+00,3.134063e+00,3.902795e+00,2.956663e+00,3.134063e+00,3.607129e+00,4.080195e+00,2.128798e+00,3.902795e+00,3.488863e+00,4.021062e+00,3.666262e+00,3.784529e+00,4.434995e+00,5.026327e+00,4.316728e+00,5.440260e+00,4.080195e+00,4.139328e+00,4.257595e+00,4.375862e+00,4.375862e+00,5.795060e+00,4.967194e+00,5.085461e+00,5.617660e+00,4.671528e+00,4.908061e+00,5.026327e+00,6.445526e+00,4.612395e+00,5.913326e+00,6.504659e+00,6.504659e+00,6.445526e+00,5.972460e+00,6.327259e+00,7.923857e+00,6.977725e+00,7.332525e+00,8.810856e+00,7.569058e+00,7.864724e+00,8.042124e+00,8.396923e+00,8.160390e+00,7.509925e+00,9.283922e+00,8.337790e+00,9.756989e+00,9.579589e+00,9.283922e+00,9.875255e+00,1.005265e+01,1.070312e+01,1.028919e+01,1.005265e+01,1.034832e+01,1.028919e+01,1.170839e+01,1.123532e+01,1.052572e+01,1.259539e+01,1.040745e+01,1.176752e+01,1.176752e+01,1.188579e+01,1.300932e+01,1.176752e+01,1.360065e+01,1.259539e+01,1.312758e+01,1.312758e+01,1.306845e+01,1.277279e+01,1.206319e+01,1.200405e+01,1.265452e+01,1.590685e+01,1.324585e+01,1.318672e+01,1.259539e+01,1.490158e+01,1.312758e+01,1.383718e+01,1.401458e+01,1.105792e+01,1.300932e+01,1.194492e+01,1.182665e+01,1.135359e+01,1.040745e+01,1.324585e+01,1.176752e+01,9.461322e+00,1.028919e+01,1.040745e+01,9.520455e+00,9.047389e+00,7.864724e+00,9.343056e+00,9.697855e+00,6.149859e+00,7.155125e+00,6.918592e+00,6.386393e+00,6.208993e+00,7.509925e+00,6.386393e+00,6.445526e+00,5.321994e+00,4.848928e+00,6.208993e+00,5.203727e+00,3.961929e+00,4.494128e+00,3.902795e+00,4.080195e+00,4.434995e+00,2.660997e+00,3.134063e+00,2.897530e+00,2.660997e+00,2.660997e+00,2.601864e+00,2.838397e+00,2.306197e+00,1.892264e+00,2.306197e+00,1.596598e+00,1.537465e+00,1.833131e+00,1.655731e+00,1.123532e+00,8.869990e-01,1.300932e+00,1.537465e+00,7.687324e-01,8.869990e-01,1.300932e+00,1.064399e+00,7.687324e-01,5.321994e-01,6.504659e-01,8.278657e-01,3.547996e-01,8.869990e-01,8.869990e-01,8.869990e-01,5.913326e-01,5.913326e-01,4.730661e-01,4.730661e-01,3.547996e-01,8.869990e-01,8.278657e-01,4.730661e-01,7.095992e-01,6.504659e-01,4.139328e-01,7.687324e-01,4.730661e-01,5.321994e-01,5.321994e-01,6.504659e-01,6.504659e-01,8.278657e-01,7.687324e-01,4.139328e-01,6.504659e-01,5.321994e-01,6.504659e-01,2.365331e-01,7.095992e-01,4.730661e-01,7.095992e-01,4.139328e-01,8.278657e-01,5.321994e-01,1.182665e-01,3.547996e-01,7.095992e-01,1.005265e+00,5.321994e-01,3.547996e-01,2.956663e-01,3.547996e-01,2.365331e-01,6.504659e-01,2.365331e-01,5.913326e-01,4.730661e-01,5.913326e-01,5.321994e-01,5.913326e-01
7.095992e-01,5.913326e-01,1.182665e+00,5.321994e-01,9.461322e-01,4.139328e-01,1.005265e+00,7.687324e-01,8.869990e-01,1.005265e+00,1.241799e+00,5.913326e-01,1.064399e+00,7.687324e-01,8.869990e-01,9.461322e-01,8.869990e-01,6.504659e-01,7.687324e-01,9.461322e-01,9.461322e-01,1.123532e+00,1.064399e+00,1.005265e+00,1.300932e+00,1.300932e+00,1.123532e+00,1.419198e+00,1.123532e+00,9.461322e-01,7.687324e-01,1.655731e+00,2.010531e+00,1.241799e+00,1.182665e+00,1.596598e+00,1.005265e+00,1.005265e+00,1.005265e+00,1.123532e+00,1.241799e+00,1.360065e+00,1.773998e+00,1.182665e+00,1.300932e+00,1.478332e+00,1.241799e+00,1.123532e+00,2.128798e+00,1.773998e+00,1.241799e+00,1.655731e+00,1.773998e+00,2.247064e+00,8.869990e-01,1.478332e+00,1.478332e+00,1.714865e+00,1.655731e+00,2.483597e+00,1.951398e+00,2.247064e+00,1.951398e+00,2.365331e+00,2.720130e+00,1.537465e+00,2.483597e+00,2.660997e+00,2.010531e+00,2.010531e+00,2.247064e+00,2.128798e+00,2.306197e+00,2.483597e+00,2.247064e+00,2.128798e+00,2.720130e+00,3.074930e+00,2.247064e+00,2.897530e+00,3.607129e+00,2.956663e+00,2.128798e+00,3.488863e+00,3.074930e+00,3.370596e+00,2.779263e+00,3.429729e+00,3.311463e+00,3.370596e+00,3.488863e+00,2.838397e+00,4.494128e+00,3.488863e+00,3.784529e+00,3.429729e+00,3.607129e+00,3.134063e+00,4.375862e+00,4.494128e+00,5.499394e+00,5.144594e+00,4.257595e+00,4.730661e+00,3.725396e+00,4.434995e+00,4.434995e+00,5.321994e+00,4.967194e+00,5.795060e+00,5.499394e+00,6.090726e+00,5.558527e+00,4.908061e+00,5.144594e+00,6.090726e+00,7.036858e+00,6.563792e+00,7.214258e+00,6.090726e+00,7.095992e+00,6.327259e+00,7.509925e+00,6.268126e+00,7.982991e+00,8.042124e+00,7.391658e+00,6.268126e+00,8.633457e+00,8.278657e+00,8.101257e+00,8.515190e+00,7.569058e+00,8.219524e+00,8.692590e+00,9.993522e+00,1.082139e+01,8.278657e+00,8.574323e+00,9.343056e+00,1.028919e+01,1.017092e+01,9.638722e+00,1.129445e+01,1.070312e+01,9.638722e+00,9.816122e+00,1.099879e+01,1.259539e+01,1.283192e+01,1.206319e+01,1.289105e+01,1.123532e+01,1.046659e+01,1.365978e+01,1.300932e+01,1.241799e+01,1.277279e+01,1.235885e+01,1.218145e+01,1.182665e+01,1.318672e+01,1.342325e+01,1.218145e+01,1.129445e+01,1.354152e+01,1.188579e+01,1.283192e+01,1.342325e+01,1.377805e+01,1.170839e+01,1.170839e+01,1.365978e+01,1.194492e+01,1.046659e+01,1.153099e+01,1.277279e+01,1.023005e+01,9.520455e+00,1.105792e+01,1.064399e+01,1.052572e+01,1.011179e+01,8.929123e+00,1.082139e+01,9.047389e+00,7.569058e+00,8.160390e+00,7.923857e+00,7.273391e+00,7.273391e+00,7.214258e+00,7.095992e+00,6.268126e+00,5.026327e+00,5.617660e+00,5.617660e+00,5.203727e+00,5.144594e+00,4.612395e+00,4.021062e+00,4.612395e+00,3.784529e+00,2.542730e+00,2.897530e+00,4.021062e+00,2.601864e+00,2.542730e+00,2.424464e+00,2.779263e+00,2.187931e+00,2.720130e+00,2.010531e+00,1.537465e+00,1.773998e+00,2.010531e+00,2.128798e+00,1.596598e+00,1.300932e+00,8.278657e-01,1.537465e+00,8.869990e-01,8.278657e-01,1.064399e+00,1.064399e+00,1.005265e+00,9.461322e-01,7.687324e-01,8.278657e-01,7.095992e-01,5.913326e-01,4.730661e-01,5.321994e-01,6.504659e-01,1.064399e+00,7.687324e-01,4.730661e-01,7.095992e-01,5.913326e-01,2.956663e-01,6.504659e-01,2.365331e-01,7.095992e-01,4.730661e-01,1.005265e+00,5.321994e-01,1.123532e+00,5.321994e-01,8.278657e-01,7.095992e-01,6.504659e-01,4.730661e-01,4.139328e-01,2.956663e-01,5.321994e-01,4.730661e-01,7.095992e-01,5.913326e-01,4.139328e-01,7.095992e-01,5.321994e-01,2.956663e-01,2.956663e-01,5.913326e-01,6.504659e-01,4.139328e-01,7.687324e-01,4.139328e-01,2.365331e-01,2.365331e-01,3.547996e-01,4.730661e-01,6.504659e-01,5.913326e-01,2.956663e-01,7.095992e-01,2.956663e-01,6.504659e-01,3.547996e-01,5.321994e-01
1.182665e+00,1.005265e+00,9.461322e-01,1.123532e+00,6.504659e-01,8.869990e-01,6.504659e-01,8.869990e-01,9.461322e-01,1.123532e+00,9.461322e-01,8.869990e-01,1.005265e+00,1.123532e+00,1.123532e+00,5.913326e-01,1.182665e+00,1.300932e+00,1.123532e+00,5.913326e-01,8.278657e-01,1.241799e+00,1.123532e+00,7.687324e-01,1.419198e+00,1.005265e+00,5.913326e-01,1.300932e+00,1.241799e+00,1.596598e+00,1.123532e+00,7.687324e-01,1.419198e+00,1.241799e+00,8.869990e-01,1.064399e+00,1.241799e+00,1.655731e+00,1.241799e+00,1.064399e+00,1.300932e+00,1.833131e+00,1.478332e+00,1.241799e+00,1.005265e+00,1.714865e+00,1.300932e+00,1.478332e+00,2.365331e+00,8.869990e-01,1.478332e+00,1.892264e+00,1.833131e+00,1.833131e+00,2.365331e+00,1.478332e+00,1.951398e+00,1.951398e+00,2.010531e+00,1.655731e+00,1.773998e+00,1.892264e+00,1.655731e+00,1.596598e+00,2.779263e+00,2.660997e+00,2.424464e+00,2.069664e+00,1.537465e+00,2.424464e+00,2.542730e+00,1.951398e+00,2.542730e+00,1.951398e+00,2.306197e+00,3.607129e+00,2.897530e+00,2.897530e+00,2.306197e+00,3.015796e+00,2.660997e+00,2.897530e+00,2.660997e+00,2.542730e+00,2.365331e+00,3.725396e+00,2.956663e+00,3.547996e+00,3.193196e+00,2.720130e+00,4.375862e+00,4.375862e+00,3.843662e+00,3.607129e+00,2.897530e+00,3.134063e+00,4.316728e+00,4.198462e+00,4.553261e+00,4.021062e+00,4.848928e+00,4.789794e+00,5.085461e+00,4.139328e+00,4.730661e+00,4.080195e+00,4.139328e+00,4.730661e+00,4.908061e+00,5.440260e+00,5.085461e+00,5.676793e+00,5.676793e+00,5.913326e+00,5.913326e+00,6.682059e+00,5.854193e+00,4.848928e+00,6.859459e+00,6.622926e+00,6.268126e+00,7.155125e+00,7.509925e+00,7.982991e+00,7.509925e+00,6.622926e+00,6.682059e+00,8.219524e+00,7.923857e+00,8.160390e+00,8.929123e+00,8.633457e+00,8.810856e+00,8.574323e+00,7.450791e+00,1.082139e+01,9.816122e+00,8.219524e+00,8.751723e+00,9.638722e+00,1.011179e+01,1.123532e+01,1.159012e+01,1.176752e+01,1.046659e+01,1.052572e+01,1.099879e+01,1.265452e+01,1.170839e+01,1.271365e+01,1.070312e+01,1.253625e+01,1.241799e+01,1.206319e+01,1.123532e+01,1.212232e+01,1.229972e+01,1.265452e+01,1.324585e+01,1.241799e+01,1.312758e+01,1.247712e+01,1.330498e+01,1.277279e+01,1.188579e+01,1.265452e+01,1.425112e+01,1.478332e+01,1.277279e+01,1.295018e+01,1.419198e+01,1.164925e+01,1.360065e+01,1.064399e+01,1.206319e+01,1.235885e+01,1.253625e+01,1.182665e+01,1.017092e+01,9.283922e+00,9.224789e+00,8.278657e+00,8.988256e+00,9.993522e+00,9.875255e+00,8.396923e+00,8.219524e+00,8.160390e+00,8.456057e+00,6.918592e+00,7.214258e+00,6.445526e+00,6.682059e+00,5.558527e+00,5.676793e+00,5.321994e+00,5.735927e+00,5.617660e+00,4.848928e+00,5.262860e+00,4.730661e+00,4.434995e+00,3.488863e+00,3.961929e+00,3.074930e+00,3.074930e+00,2.838397e+00,2.660997e+00,2.660997e+00,2.660997e+00,2.306197e+00,2.424464e+00,2.247064e+00,1.892264e+00,1.833131e+00,1.951398e+00,1.773998e+00,1.833131e+00,1.419198e+00,1.419198e+00,1.241799e+00,1.419198e+00,1.300932e+00,7.687324e-01,1.182665e+00,1.241799e+00,7.687324e-01,7.687324e-01,7.687324e-01,5.321994e-01,9.461322e-01,7.687324e-01,5.913326e-01,4.730661e-01,6.504659e-01,6.504659e-01,6.504659e-01,7.687324e-01,9.461322e-01,8.278657e-01,7.687324e-01,6.504659e-01,2.956663e-01,5.321994e-01,7.687324e-01,5.321994e-01,2.365331e-01,4.730661e-01,2.956663e-01,4.730661e-01,5.913326e-01,3.547996e-01,4.730661e-01,1.773998e-01,4.139328e-01,1.419198e+00,5.913326e-01,3.547996e-01,5.913326e-01,2.956663e-01,8.869990e-01,4.730661e-01,4.139328e-01,2.365331e-01,5.321994e-01,5.913326e-01,5.913326e-01,7.687324e-01,4.730661e-01,4.139328e-01,3.547996e-01,1.182665e-01,6.504659e-01,5.321994e-01,8.869990e-01,6.504659e-01,4.730661e-01,2.365331e-01,4.139328e-01,5.913326e-01
9.461322e-01,7.095992e-01,8.278657e-01,7.687324e-01,1.360065e+00,8.278657e-01,4.730661e-01,3.547996e-01,8.869990e-01,5.321994e-01,9.461322e-01,8.278657e-01,7.095992e-01,5.321994e-01,7.095992e-01,5.913326e-01,8.278657e-01,1.123532e+00,1.300932e+00,1.005265e+00,1.005265e+00,7.687324e-01,8.278657e-01,1.537465e+00,1.123532e+00,8.869990e-01,7.095992e-01,8.869990e-01,1.005265e+00,1.241799e+00,1.123532e+00,1.182665e+00,1.300932e+00,8.278657e-01,1.064399e+00,1.182665e+00,1.241799e+00,1.300932e+00,1.064399e+00,1.241799e+00,1.419198e+00,1.300932e+00,1.064399e+00,1.241799e+00,1.951398e+00,1.360065e+00,1.419198e+00,1.655731e+00,1.182665e+00,1.478332e+00,1.833131e+00,1.655731e+00,1.714865e+00,1.123532e+00,1.241799e+00,2.128798e+00,1.478332e+00,1.892264e+00,2.010531e+00,1.655731e+00,1.951398e+00,2.483597e+00,2.187931e+00,2.601864e+00,1.892264e+00,2.424464e+00,2.424464e+00,2.306197e+00,2.010531e+00,2.779263e+00,2.365331e+00,2.660997e+00,2.306197e+00,2.483597e+00,2.542730e+00,2.838397e+00,2.483597e+00,2.660997e+00,2.660997e+00,2.483597e+00,2.779263e+00,3.015796e+00,3.607129e+00,2.956663e+00,3.134063e+00,3.666262e+00,3.429729e+00,3.311463e+00,3.784529e+00,3.725396e+00,3.784529e+00,4.375862e+00,2.956663e+00,2.838397e+00,3.015796e+00,3.961929e+00,3.666262e+00,3.547996e+00,3.725396e+00,3.547996e+00,4.730661e+00,3.961929e+00,4.494128e+00,4.967194e+00,4.671528e+00,4.967194e+00,5.262860e+00,4.494128e+00,4.908061e+00,4.848928e+00,5.617660e+00,5.676793e+00,7.805591e+00,6.268126e+00,4.848928e+00,5.913326e+00,6.268126e+00,6.918592e+00,6.445526e+00,7.095992e+00,7.569058e+00,6.327259e+00,6.800325e+00,6.622926e+00,8.219524e+00,9.224789e+00,7.332525e+00,8.337790e+00,7.982991e+00,8.929123e+00,7.805591e+00,8.456057e+00,8.337790e+00,9.224789e+00,1.028919e+01,1.058485e+01,8.278657e+00,8.396923e+00,1.070312e+01,9.993522e+00,1.034832e+01,1.040745e+01,1.076225e+01,1.241799e+01,1.105792e+01,1.058485e+01,1.289105e+01,1.247712e+01,1.253625e+01,1.212232e+01,1.117619e+01,1.034832e+01,1.064399e+01,1.330498e+01,1.247712e+01,1.141272e+01,1.283192e+01,1.342325e+01,1.283192e+01,1.194492e+01,1.330498e+01,1.419198e+01,1.496072e+01,1.289105e+01,1.218145e+01,1.348238e+01,1.271365e+01,1.164925e+01,1.206319e+01,1.253625e+01,1.259539e+01,1.277279e+01,1.330498e+01,1.194492e+01,1.093965e+01,1.099879e+01,1.176752e+01,1.023005e+01,1.082139e+01,1.017092e+01,9.402189e+00,9.047389e+00,1.034832e+01,9.283922e+00,1.028919e+01,9.697855e+00,8.160390e+00,8.574323e+00,7.273391e+00,7.509925e+00,6.741192e+00,7.036858e+00,6.682059e+00,5.558527e+00,5.381127e+00,5.262860e+00,5.913326e+00,5.144594e+00,5.321994e+00,4.198462e+00,2.956663e+00,3.311463e+00,3.607129e+00,3.607129e+00,3.547996e+00,3.134063e+00,2.424464e+00,2.660997e+00,2.187931e+00,2.010531e+00,2.838397e+00,2.306197e+00,2.010531e+00,1.892264e+00,1.714865e+00,1.951398e+00,1.951398e+00,1.714865e+00,1.182665e+00,1.300932e+00,1.005265e+00,1.123532e+00,1.182665e+00,7.095992e-01,8.869990e-01,1.123532e+00,9.461322e-01,1.123532e+00,4.730661e-01,7.095992e-01,9.461322e-01,3.547996e-01,8.278657e-01,8.278657e-01,4.730661e-01,8.278657e-01,7.095992e-01,5.913326e-01,3.547996e-01,4.139328e-01,2.365331e-01,5.913326e-01,4.730661e-01,4.730661e-01,8.869990e-01,7.687324e-01,4.730661e-01,5.913326e-01,3.547996e-01,1.182665e-01,4.139328e-01,5.321994e-01,5.913326e-01,2.956663e-01,4.730661e-01,7.095992e-01,4.139328e-01,5.321994e-01,4.139328e-01,6.504659e-01,2.365331e-01,2.956663e-01,5.913326e-01,7.095992e-01,1.182665e-01,2.956663e-01,5.913326e-01,5.321994e-01,5.913326e-01,4.139328e-01,5.913326e-01,2.956663e-01,4.139328e-01,4.139328e-01,2.956663e-01,5.321994e-01,5.913326e-01,5.913326e-01,5.913326e-01,5.321994e-01
1.241799e+00,1.005265e+00,7.687324e-01,5.321994e-01,1.123532e+00,7.095992e-01,8.278657e-01,7.095992e-01,9.461322e-01,7.095992e-01,5.913326e-01,1.064399e+00,1.123532e+00,1.123532e+00,1.064399e+00,1.123532e+00,7.687324e-01,7.687324e-01,1.123532e+00,7.095992e-01,8.278657e-01,8.869990e-01,1.123532e+00,5.913326e-01,1.419198e+00,1.005265e+00,8.869990e-01,8.278657e-01,1.005265e+00,7.687324e-01,1.478332e+00,1.064399e+00,9.461322e-01,1.182665e+00,1.360065e+00,1.419198e+00,9.461322e-01,1.241799e+00,1.419198e+00,1.241799e+00,1.360065e+00,1.596598e+00,1.241799e+00,1.419198e+00,1.419198e+00,1.596598e+00,1.596598e+00,1.360065e+00,5.321994e-01,1.951398e+00,1.596598e+00,1.892264e+00,1.300932e+00,1.596598e+00,2.069664e+00,1.655731e+00,1.360065e+00,1.596598e+00,1.892264e+00,1.182665e+00,1.537465e+00,1.951398e+00,1.833131e+00,2.010531e+00,1.892264e+00,1.773998e+00,1.714865e+00,2.424464e+00,2.306197e+00,2.187931e+00,2.247064e+00,2.128798e+00,2.720130e+00,2.542730e+00,2.660997e+00,3.074930e+00,2.365331e+00,2.779263e+00,2.660997e+00,2.542730e+00,3.311463e+00,3.015796e+00,3.784529e+00,3.784529e+00,3.429729e+00,3.134063e+00,2.956663e+00,3.370596e+00,2.897530e+00,3.429729e+00,3.488863e+00,2.424464e+00,4.198462e+00,3.843662e+00,4.671528e+00,3.902795e+00,3.666262e+00,3.252330e+00,3.725396e+00,4.375862e+00,5.381127e+00,4.316728e+00,4.908061e+00,5.085461e+00,4.494128e+00,5.085461e+00,3.725396e+00,3.843662e+00,5.262860e+00,5.144594e+00,5.735927e+00,6.327259e+00,5.735927e+00,5.972460e+00,6.268126e+00,6.386393e+00,5.972460e+00,6.445526e+00,5.854193e+00,6.563792e+00,7.982991e+00,5.795060e+00,8.160390e+00,7.155125e+00,5.676793e+00,6.682059e+00,7.864724e+00,6.918592e+00,7.982991e+00,7.687324e+00,9.638722e+00,8.456057e+00,9.106523e+00,7.923857e+00,9.343056e+00,8.869990e+00,8.988256e+00,1.005265e+01,9.165656e+00,1.093965e+01,8.751723e+00,1.123532e+01,1.170839e+01,1.064399e+01,1.023005e+01,1.135359e+01,1.247712e+01,9.638722e+00,1.271365e+01,1.176752e+01,1.306845e+01,1.312758e+01,1.289105e+01,1.289105e+01,1.218145e+01,1.135359e+01,1.277279e+01,1.300932e+01,1.265452e+01,1.324585e+01,1.218145e+01,1.153099e+01,1.318672e+01,1.247712e+01,1.235885e+01,1.224059e+01,1.212232e+01,1.306845e+01,1.235885e+01,1.395545e+01,1.194492e+01,1.253625e+01,9.934388e+00,1.088052e+01,1.312758e+01,1.111705e+01,1.182665e+01,1.011179e+01,1.147185e+01,1.088052e+01,9.697855e+00,1.011179e+01,8.219524e+00,9.875255e+00,9.579589e+00,9.047389e+00,9.697855e+00,7.923857e+00,8.456057e+00,6.268126e+00,8.101257e+00,8.278657e+00,7.036858e+00,5.854193e+00,6.031593e+00,5.913326e+00,5.676793e+00,5.617660e+00,5.085461e+00,3.961929e+00,4.671528e+00,3.488863e+00,4.671528e+00,3.488863e+00,3.193196e+00,2.897530e+00,2.542730e+00,2.247064e+00,2.838397e+00,2.010531e+00,2.660997e+00,2.424464e+00,1.655731e+00,1.833131e+00,2.542730e+00,1.478332e+00,1.537465e+00,1.537465e+00,1.300932e+00,1.241799e+00,8.869990e-01,9.461322e-01,9.461322e-01,1.005265e+00,1.005265e+00,9.461322e-01,1.005265e+00,4.139328e-01,4.730661e-01,9.461322e-01,4.730661e-01,4.139328e-01,4.730661e-01,4.139328e-01,5.913326e-01,5.321994e-01,3.547996e-01,7.687324e-01,7.095992e-01,4.139328e-01,5.321994e-01,4.139328e-01,6.504659e-01,4.730661e-01,6.504659e-01,5.913326e-01,4.139328e-01,5.321994e-01,7.095992e-01,7.095992e-01,5.321994e-01,4.139328e-01,4.730661e-01,3.547996e-01,4.730661e-01,5.913326e-01,2.365331e-01,7.687324e-01,3.547996e-01,5.321994e-01,3.547996e-01,5.913326e-01,3.547996e-01,7.095992e-01,8.869990e-01,4.139328e-01,4.139328e-01,4.730661e-01,9.461322e-01,7.687324e-01,5.321994e-01,4.730661e-01,5.321994e-01,6.504659e-01,3.547996e-01,5.321994e-01,4.139328e-01,4.139328e-01,3.547996e-01,4.730661e-01
1.064399e+00,1.005265e+00,1.123532e+00,8.869990e-01,4.730661e-01,6.504659e-01,8.869990e-01,7.095992e-01,7.095992e-01,6.504659e-01,7.095992e-01,7.095992e-01,9.461322e-01,8.278657e-01,1.182665e+00,1.005265e+00,1.241799e+00,7.687324e-01,1.123532e+00,1.123532e+00,1.005265e+00,4.730661e-01,1.123532e+00,8.869990e-01,7.687324e-01,9.461322e-01,8.869990e-01,9.461322e-01,1.360065e+00,8.869990e-01,1.064399e+00,1.300932e+00,1.241799e+00,1.064399e+00,1.123532e+00,1.182665e+00,1.241799e+00,1.714865e+00,1.182665e+00,1.655731e+00,9.461322e-01,1.064399e+00,1.419198e+00,1.773998e+00,1.655731e+00,1.596598e+00,8.869990e-01,1.833131e+00,2.010531e+00,2.010531e+00,1.241799e+00,1.596598e+00,1.478332e+00,1.596598e+00,1.596598e+00,1.241799e+00,1.773998e+00,1.833131e+00,1.537465e+00,1.005265e+00,2.010531e+00,2.424464e+00,1.892264e+00,1.951398e+00,2.542730e+00,1.773998e+00,1.714865e+00,1.360065e+00,1.833131e+00,2.306197e+00,2.187931e+00,2.838397e+00,1.773998e+00,2.838397e+00,2.187931e+00,2.838397e+00,2.069664e+00,2.542730e+00,2.779263e+00,2.247064e+00,2.424464e+00,3.370596e+00,2.424464e+00,3.134063e+00,2.956663e+00,4.139328e+00,3.607129e+00,2.720130e+00,3.193196e+00,3.193196e+00,3.252330e+00,2.956663e+00,3.843662e+00,3.370596e+00,3.370596e+00,3.843662e+00,3.429729e+00,4.257595e+00,4.375862e+00,4.021062e+00,4.730661e+00,4.789794e+00,4.198462e+00,3.843662e+00,3.488863e+00,5.854193e+00,5.085461e+00,5.203727e+00,5.440260e+00,5.262860e+00,5.321994e+00,5.440260e+00,5.440260e+00,5.735927e+00,6.031593e+00,6.386393e+00,6.682059e+00,5.913326e+00,6.741192e+00,5.854193e+00,6.800325e+00,6.800325e+00,6.327259e+00,7.273391e+00,6.741192e+00,7.982991e+00,7.332525e+00,8.751723e+00,8.633457e+00,8.456057e+00,7.628191e+00,9.047389e+00,8.692590e+00,8.337790e+00,8.278657e+00,8.278657e+00,9.106523e+00,9.579589e+00,9.875255e+00,9.461322e+00,8.869990e+00,1.088052e+01,1.082139e+01,9.993522e+00,1.176752e+01,9.875255e+00,1.105792e+01,1.070312e+01,1.129445e+01,1.324585e+01,1.076225e+01,1.141272e+01,1.117619e+01,1.289105e+01,1.342325e+01,1.336412e+01,1.188579e+01,9.756989e+00,1.336412e+01,1.324585e+01,1.111705e+01,1.229972e+01,1.147185e+01,1.306845e+01,1.413285e+01,1.442852e+01,1.360065e+01,1.306845e+01,1.501985e+01,1.247712e+01,1.141272e+01,1.082139e+01,1.306845e+01,1.241799e+01,1.070312e+01,1.147185e+01,1.176752e+01,1.123532e+01,1.046659e+01,9.343056e+00,9.402189e+00,1.011179e+01,9.047389e+00,1.117619e+01,8.988256e+00,8.456057e+00,8.042124e+00,8.515190e+00,8.810856e+00,7.332525e+00,7.569058e+00,7.155125e+00,7.569058e+00,6.090726e+00,5.913326e+00,6.800325e+00,5.262860e+00,5.262860e+00,4.080195e+00,4.257595e+00,3.784529e+00,4.316728e+00,3.311463e+00,4.139328e+00,3.311463e+00,3.725396e+00,3.252330e+00,3.311463e+00,2.187931e+00,2.542730e+00,1.773998e+00,2.424464e+00,1.596598e+00,2.187931e+00,1.419198e+00,1.655731e+00,1.241799e+00,1.182665e+00,1.596598e+00,1.892264e+00,8.869990e-01,1.300932e+00,1.123532e+00,1.241799e+00,8.869990e-01,5.913326e-01,8.278657e-01,1.241799e+00,7.095992e-01,6.504659e-01,7.687324e-01,9.461322e-01,4.730661e-01,6.504659e-01,8.278657e-01,4.730661e-01,4.730661e-01,7.687324e-01,7.095992e-01,8.869990e-01,7.095992e-01,4.139328e-01,6.504659e-01,5.913326e-01,4.730661e-01,4.139328e-01,5.913326e-01,4.730661e-01,5.321994e-01,1.005265e+00,3.547996e-01,5.321994e-01,3.547996e-01,2.365331e-01,4.730661e-01,1.182665e-01,6.504659e-01,4.139328e-01,1.182665e-01,8.278657e-01,6.504659e-01,5.321994e-01,5.913326e-01,4.730661e-01,4.139328e-01,6.504659e-01,5.321994e-01,4.139328e-01,1.182665e-01,4.730661e-01,3.547996e-01,8.278657e-01,5.321994e-01,7.095992e-01,7.095992e-01,2.956663e-01,4.139328e-01,5.321994e-01,6.504659e-01,5.321994e-01
4.730661e-01,1.123532e+00,7.095992e-01,7.095992e-01,8.869990e-01,8.869990e-01,7.687324e-01,8.869990e-01,7.687324e-01,5.321994e-01,1.005265e+00,1.478332e+00,7.687324e-01,1.005265e+00,8.278657e-01,7.095992e-01,1.478332e+00,1.005265e+00,8.278657e-01,1.241799e+00,9.461322e-01,1.123532e+00,1.241799e+00,1.419198e+00,1.182665e+00,1.182665e+00,1.360065e+00,1.123532e+00,8.278657e-01,1.596598e+00,1.360065e+00,1.360065e+00,1.241799e+00,1.005265e+00,1.241799e+00,1.360065e+00,1.537465e+00,1.478332e+00,1.714865e+00,2.128798e+00,1.478332e+00,1.360065e+00,1.419198e+00,1.892264e+00,1.123532e+00,1.360065e+00,1.537465e+00,1.182665e+00,1.596598e+00,1.419198e+00,2.306197e+00,1.300932e+00,2.542730e+00,1.951398e+00,1.833131e+00,1.064399e+00,1.123532e+00,1.833131e+00,2.247064e+00,1.773998e+00,2.187931e+00,2.483597e+00,2.010531e+00,2.010531e+00,1.300932e+00,2.128798e+00,3.429729e+00,2.424464e+00,1.064399e+00,2.247064e+00,2.365331e+00,2.069664e+00,3.015796e+00,2.128798e+00,2.010531e+00,2.720130e+00,3.311463e+00,2.306197e+00,3.784529e+00,2.542730e+00,2.483597e+00,2.838397e+00,2.838397e+00,2.483597e+00,2.956663e+00,2.306197e+00,3.666262e+00,4.257595e+00,3.666262e+00,3.015796e+00,3.547996e+00,3.547996e+00,4.198462e+00,3.311463e+00,4.198462e+00,3.547996e+00,3.725396e+00,4.198462e+00,4.612395e+00,3.902795e+00,4.080195e+00,4.080195e+00,3.547996e+00,4.789794e+00,4.908061e+00,4.908061e+00,5.795060e+00,5.381127e+00,5.440260e+00,6.031593e+00,5.381127e+00,5.203727e+00,5.972460e+00,5.676793e+00,6.268126e+00,5.617660e+00,5.499394e+00,6.741192e+00,5.558527e+00,7.095992e+00,7.332525e+00,7.155125e+00,7.273391e+00,7.746458e+00,8.988256e+00,6.859459e+00,7.687324e+00,7.746458e+00,7.450791e+00,8.396923e+00,8.751723e+00,8.278657e+00,8.692590e+00,8.692590e+00,8.988256e+00,8.988256e+00,9.875255e+00,9.224789e+00,9.875255e+00,1.200405e+01,1.135359e+01,1.093965e+01,1.028919e+01,1.058485e+01,8.929123e+00,1.147185e+01,1.206319e+01,1.176752e+01,1.011179e+01,1.235885e+01,1.111705e+01,1.129445e+01,1.111705e+01,1.105792e+01,1.200405e+01,1.182665e+01,1.235885e+01,1.348238e+01,1.312758e+01,1.383718e+01,1.229972e+01,1.383718e+01,1.206319e+01,1.312758e+01,1.289105e+01,1.312758e+01,1.076225e+01,1.407372e+01,1.354152e+01,1.064399e+01,1.271365e+01,1.188579e+01,1.348238e+01,1.117619e+01,1.235885e+01,1.182665e+01,1.182665e+01,9.697855e+00,9.756989e+00,1.176752e+01,9.106523e+00,9.165656e+00,9.106523e+00,8.456057e+00,9.343056e+00,9.047389e+00,8.337790e+00,7.982991e+00,8.396923e+00,7.214258e+00,6.682059e+00,7.036858e+00,5.854193e+00,5.854193e+00,6.977725e+00,5.499394e+00,5.203727e+00,5.795060e+00,5.026327e+00,5.262860e+00,4.198462e+00,4.730661e+00,3.429729e+00,2.542730e+00,3.370596e+00,3.074930e+00,2.365331e+00,2.838397e+00,2.424464e+00,1.951398e+00,2.424464e+00,2.483597e+00,1.419198e+00,2.483597e+00,2.128798e+00,1.951398e+00,1.182665e+00,2.128798e+00,1.241799e+00,1.182665e+00,7.095992e-01,1.360065e+00,7.095992e-01,8.278657e-01,1.360065e+00,1.123532e+00,7.095992e-01,8.278657e-01,8.278657e-01,5.913326e-01,8.869990e-01,7.687324e-01,9.461322e-01,9.461322e-01,3.547996e-01,4.139328e-01,5.913326e-01,3.547996e-01,6.504659e-01,1.773998e-01,5.913326e-01,7.095992e-01,2.365331e-01,5.321994e-01,6.504659e-01,4.730661e-01,4.730661e-01,7.687324e-01,2.956663e-01,4.139328e-01,7.095992e-01,1.182665e-01,7.095992e-01,5.321994e-01,2.365331e-01,3.547996e-01,7.687324e-01,8.869990e-01,5.321994e-01,5.321994e-01,2.956663e-01,5.321994e-01,4.139328e-01,7.095992e-01,7.095992e-01,4.730661e-01,4.139328e-01,6.504659e-01,4.730661e-01,4.730661e-01,4.730661e-01,8.869990e-01,3.547996e-01,3.547996e-01,4.139328e-01,7.095992e-01,4.730661e-01,4.730661e-01,6.504659e-01,5.321994e-01
8.278657e-01,6.504659e-01,9.461322e-01,1.123532e+00,4.139328e-01,5.321994e-01,8.278657e-01,6.504659e-01,8.869990e-01,9.461322e-01,7.095992e-01,6.504659e-01,1.182665e+00,1.005265e+00,5.913326e-01,1.123532e+00,1.005265e+00,2.956663e-01,8.278657e-01,1.005265e+00,1.123532e+00,8.278657e-01,8.869990e-01,5.321994e-01,8.869990e-01,1.241799e+00,1.123532e+00,7.095992e-01,1.064399e+00,1.241799e+00,1.833131e+00,1.064399e+00,1.773998e+00,1.833131e+00,1.360065e+00,1.241799e+00,1.182665e+00,1.714865e+00,1.833131e+00,1.478332e+00,1.655731e+00,1.714865e+00,1.123532e+00,1.241799e+00,8.869990e-01,1.596598e+00,1.241799e+00,1.241799e+00,1.182665e+00,1.773998e+00,1.714865e+00,2.247064e+00,1.478332e+00,1.833131e+00,2.187931e+00,2.128798e+00,1.655731e+00,1.419198e+00,2.069664e+00,1.892264e+00,1.360065e+00,2.069664e+00,2.010531e+00,2.542730e+00,1.951398e+00,2.720130e+00,2.424464e+00,2.365331e+00,2.306197e+00,1.714865e+00,1.537465e+00,1.892264e+00,2.483597e+00,2.187931e+00,2.838397e+00,2.601864e+00,3.074930e+00,2.897530e+00,3.074930e+00,2.601864e+00,2.424464e+00,3.784529e+00,2.601864e+00,2.897530e+00,4.198462e+00,3.252330e+00,3.311463e+00,3.193196e+00,2.601864e+00,2.956663e+00,4.021062e+00,4.434995e+00,3.725396e+00,3.607129e+00,4.612395e+00,4.848928e+00,4.080195e+00,4.375862e+00,4.375862e+00,4.316728e+00,5.381127e+00,3.784529e+00,4.434995e+00,4.198462e+00,4.257595e+00,3.902795e+00,4.257595e+00,6.208993e+00,5.144594e+00,5.085461e+00,4.434995e+00,5.499394e+00,5.144594e+00,6.268126e+00,6.327259e+00,5.676793e+00,6.386393e+00,5.972460e+00,7.864724e+00,5.854193e+00,6.977725e+00,6.741192e+00,6.859459e+00,7.687324e+00,8.810856e+00,7.450791e+00,7.982991e+00,8.219524e+00,8.751723e+00,7.746458e+00,8.574323e+00,9.224789e+00,8.337790e+00,8.515190e+00,9.402189e+00,8.810856e+00,1.034832e+01,9.756989e+00,1.005265e+01,1.111705e+01,9.638722e+00,1.023005e+01,9.993522e+00,1.052572e+01,1.023005e+01,1.141272e+01,9.875255e+00,1.182665e+01,1.176752e+01,1.117619e+01,1.200405e+01,1.182665e+01,1.188579e+01,1.265452e+01,1.289105e+01,1.135359e+01,1.401458e+01,1.306845e+01,1.265452e+01,1.218145e+01,1.235885e+01,1.265452e+01,1.324585e+01,1.271365e+01,1.330498e+01,1.212232e+01,1.383718e+01,1.247712e+01,1.212232e+01,1.206319e+01,1.176752e+01,1.271365e+01,1.395545e+01,1.117619e+01,1.318672e+01,1.271365e+01,1.271365e+01,1.141272e+01,1.241799e+01,9.579589e+00,9.993522e+00,9.697855e+00,1.017092e+01,9.756989e+00,9.638722e+00,9.283922e+00,8.101257e+00,9.402189e+00,8.219524e+00,7.391658e+00,6.682059e+00,6.682059e+00,7.628191e+00,6.149859e+00,5.735927e+00,4.730661e+00,5.144594e+00,4.789794e+00,4.671528e+00,4.789794e+00,4.494128e+00,4.316728e+00,3.370596e+00,3.902795e+00,3.607129e+00,3.784529e+00,2.542730e+00,3.429729e+00,2.365331e+00,2.897530e+00,2.483597e+00,2.483597e+00,1.655731e+00,1.300932e+00,1.478332e+00,2.010531e+00,1.478332e+00,1.123532e+00,1.537465e+00,1.596598e+00,1.300932e+00,1.419198e+00,1.123532e+00,1.123532e+00,1.300932e+00,8.869990e-01,7.687324e-01,7.687324e-01,5.913326e-01,8.869990e-01,7.095992e-01,7.095992e-01,4.139328e-01,4.730661e-01,5.913326e-01,7.095992e-01,5.913326e-01,2.365331e-01,5.913326e-01,9.461322e-01,8.278657e-01,2.956663e-01,5.321994e-01,4.730661e-01,8.278657e-01,4.139328e-01,5.321994e-01,6.504659e-01,4.139328e-01,6.504659e-01,6.504659e-01,4.139328e-01,2.365331e-01,8.869990e-01,8.278657e-01,2.956663e-01,2.365331e-01,4.139328e-01,5.913326e-01,4.139328e-01,5.913326e-01,4.139328e-01,3.547996e-01,4.139328e-01,4.730661e-01,5.321994e-01,4.139328e-01,7.095992e-01,2.365331e-01,2.956663e-01,4.139328e-01,2.365331e-01,1.773998e-01,2.365331e-01,6.504659e-01,4.139328e-01,7.687324e-01,3.547996e-01,4.730661e-01,7.095992e-01
9.461322e-01,8.869990e-01,7.095992e-01,7.095992e-01,8.869990e-01,8.278657e-01,5.321994e-01,5.913326e-01,5.913326e-01,1.064399e+00,1.241799e+00,1.419198e+00,8.278657e-01,1.005265e+00,4.730661e-01,5.913326e-01,8.869990e-01,1.064399e+00,7.095992e-01,7.095992e-01,7.095992e-01,1.241799e+00,1.300932e+00,9.461322e-01,7.687324e-01,1.123532e+00,8.869990e-01,8.869990e-01,1.478332e+00,6.504659e-01,7.095992e-01,1.123532e+00,1.241799e+00,1.596598e+00,9.461322e-01,1.360065e+00,1.300932e+00,1.537465e+00,1.596598e+00,1.537465e+00,1.241799e+00,1.123532e+00,1.241799e+00,1.714865e+00,2.069664e+00,1.360065e+00,1.419198e+00,1.419198e+00,1.655731e+00,1.537465e+00,1.655731e+00,2.010531e+00,1.596598e+00,1.655731e+00,1.596598e+00,1.833131e+00,1.478332e+00,1.773998e+00,1.419198e+00,2.187931e+00,1.892264e+00,1.714865e+00,1.833131e+00,2.010531e+00,2.247064e+00,1.833131e+00,2.365331e+00,2.069664e+00,2.247064e+00,2.897530e+00,2.779263e+00,2.779263e+00,2.187931e+00,2.720130e+00,2.542730e+00,2.720130e+00,2.720130e+00,3.193196e+00,2.247064e+00,2.720130e+00,3.311463e+00,3.429729e+00,2.956663e+00,2.424464e+00,3.311463e+00,3.074930e+00,3.843662e+00,3.488863e+00,3.666262e+00,4.139328e+00,3.843662e+00,3.961929e+00,3.429729e+00,3.607129e+00,3.784529e+00,4.612395e+00,3.784529e+00,3.370596e+00,3.961929e+00,3.961929e+00,3.961929e+00,3.607129e+00,5.440260e+00,4.612395e+00,4.257595e+00,4.671528e+00,5.262860e+00,4.612395e+00,5.499394e+00,5.735927e+00,6.031593e+00,5.499394e+00,4.908061e+00,5.381127e+00,5.972460e+00,6.386393e+00,5.440260e+00,5.854193e+00,6.445526e+00,6.741192e+00,6.445526e+00,6.918592e+00,7.569058e+00,6.622926e+00,8.101257e+00,7.569058e+00,7.628191e+00,7.155125e+00,8.337790e+00,8.515190e+00,9.402189e+00,8.101257e+00,8.337790e+00,7.864724e+00,8.988256e+00,9.343056e+00,9.106523e+00,9.579589e+00,9.283922e+00,9.461322e+00,9.993522e+00,1.011179e+01,1.070312e+01,1.076225e+01,1.093965e+01,1.046659e+01,1.093965e+01,1.194492e+01,1.164925e+01,1.206319e+01,1.099879e+01,1.117619e+01,1.218145e+01,1.306845e+01,1.229972e+01,1.229972e+01,1.330498e+01,1.342325e+01,1.271365e+01,1.289105e+01,1.283192e+01,1.306845e+01,1.235885e+01,1.277279e+01,1.318672e+01,1.218145e+01,1.466505e+01,1.159012e+01,1.336412e+01,1.206319e+01,1.312758e+01,1.058485e+01,1.229972e+01,1.070312e+01,1.135359e+01,1.099879e+01,1.093965e+01,1.093965e+01,1.105792e+01,9.875255e+00,1.070312e+01,1.076225e+01,9.697855e+00,9.106523e+00,9.461322e+00,7.864724e+00,8.337790e+00,9.165656e+00,6.445526e+00,8.574323e+00,7.332525e+00,7.569058e+00,6.149859e+00,6.149859e+00,5.854193e+00,6.386393e+00,5.144594e+00,4.908061e+00,5.085461e+00,3.902795e+00,4.494128e+00,4.434995e+00,3.370596e+00,3.311463e+00,2.956663e+00,2.779263e+00,3.547996e+00,3.134063e+00,2.897530e+00,1.951398e+00,2.247064e+00,2.128798e+00,1.241799e+00,2.010531e+00,1.655731e+00,1.773998e+00,1.478332e+00,1.537465e+00,7.687324e-01,1.596598e+00,1.300932e+00,1.064399e+00,1.241799e+00,1.241799e+00,8.278657e-01,1.064399e+00,9.461322e-01,7.095992e-01,8.869990e-01,9.461322e-01,1.064399e+00,7.687324e-01,5.913326e-01,6.504659e-01,6.504659e-01,8.869990e-01,4.730661e-01,6.504659e-01,5.913326e-01,1.005265e+00,5.321994e-01,6.504659e-01,7.687324e-01,5.321994e-01,4.730661e-01,2.956663e-01,7.095992e-01,5.913326e-01,5.913326e-01,5.321994e-01,3.547996e-01,7.095992e-01,6.504659e-01,2.956663e-01,5.321994e-01,4.730661e-01,3.547996e-01,5.321994e-01,6.504659e-01,5.913326e-01,1.773998e-01,8.278657e-01,4.139328e-01,5.913326e-01,6.504659e-01,8.869990e-01,2.365331e-01,4.139328e-01,3.547996e-01,5.913326e-01,2.365331e-01,2.956663e-01,5.913326e-01,1.773998e-01,8.869990e-01,4.139328e-01,4.730661e-01,5.321994e-01,5.321994e-01,1.182665e-01
5.913326e-01,3.547996e-01,9.461322e-01,9.461322e-01,7.687324e-01,7.095992e-01,9.461322e-01,1.478332e+00,1.182665e-01,8.278657e-01,8.869990e-01,8.278657e-01,1.300932e+00,8.869990e-01,1.182665e+00,1.123532e+00,1.241799e+00,7.095992e-01,1.064399e+00,7.687324e-01,7.687324e-01,1.300932e+00,9.461322e-01,8.869990e-01,9.461322e-01,7.095992e-01,1.241799e+00,1.123532e+00,8.278657e-01,5.913326e-01,1.300932e+00,9.461322e-01,8.869990e-01,1.005265e+00,1.360065e+00,1.478332e+00,1.360065e+00,1.300932e+00,1.419198e+00,1.064399e+00,1.537465e+00,1.478332e+00,1.419198e+00,1.241799e+00,1.005265e+00,1.892264e+00,1.360065e+00,1.596598e+00,1.123532e+00,1.300932e+00,1.714865e+00,1.773998e+00,1.951398e+00,1.123532e+00,1.714865e+00,2.187931e+00,1.537465e+00,2.069664e+00,2.365331e+00,2.187931e+00,1.714865e+00,2.306197e+00,2.128798e+00,2.365331e+00,2.247064e+00,2.365331e+00,2.069664e+00,2.128798e+00,2.069664e+00,1.892264e+00,2.601864e+00,2.542730e+00,2.660997e+00,1.892264e+00,2.247064e+00,2.660997e+00,2.424464e+00,2.424464e+00,2.542730e+00,2.601864e+00,2.601864e+00,2.720130e+00,3.252330e+00,2.601864e+00,2.838397e+00,3.015796e+00,2.779263e+00,3.607129e+00,2.306197e+00,4.316728e+00,3.666262e+00,3.252330e+00,3.134063e+00,3.311463e+00,4.671528e+00,4.553261e+00,4.080195e+00,4.434995e+00,4.908061e+00,4.316728e+00,4.553261e+00,4.198462e+00,4.789794e+00,4.967194e+00,5.381127e+00,5.617660e+00,5.558527e+00,5.203727e+00,5.026327e+00,4.848928e+00,5.499394e+00,5.262860e+00,5.026327e+00,5.913326e+00,6.327259e+00,6.090726e+00,6.504659e+00,6.741192e+00,5.795060e+00,6.977725e+00,6.031593e+00,7.805591e+00,6.327259e+00,8.574323e+00,7.746458e+00,7.273391e+00,8.633457e+00,7.687324e+00,7.746458e+00,9.756989e+00,8.337790e+00,7.332525e+00,7.628191e+00,8.160390e+00,8.160390e+00,1.040745e+01,9.520455e+00,9.875255e+00,1.046659e+01,9.816122e+00,9.875255e+00,1.052572e+01,1.046659e+01,1.076225e+01,9.047389e+00,1.082139e+01,1.129445e+01,1.105792e+01,1.064399e+01,1.153099e+01,1.076225e+01,1.342325e+01,1.348238e+01,1.235885e+01,1.365978e+01,1.182665e+01,1.123532e+01,1.212232e+01,1.395545e+01,1.206319e+01,1.076225e+01,1.312758e+01,1.224059e+01,1.484245e+01,1.235885e+01,1.153099e+01,1.312758e+01,1.306845e+01,1.241799e+01,1.300932e+01,1.241799e+01,1.159012e+01,1.259539e+01,1.235885e+01,9.993522e+00,1.229972e+01,1.164925e+01,1.159012e+01,1.135359e+01,8.929123e+00,1.028919e+01,9.579589e+00,1.028919e+01,1.011179e+01,8.751723e+00,8.278657e+00,7.805591e+00,7.687324e+00,6.208993e+00,8.515190e+00,7.509925e+00,7.746458e+00,6.268126e+00,5.026327e+00,5.558527e+00,5.558527e+00,5.854193e+00,5.381127e+00,4.908061e+00,3.961929e+00,4.612395e+00,4.257595e+00,3.666262e+00,3.074930e+00,3.961929e+00,3.134063e+00,2.720130e+00,3.252330e+00,1.833131e+00,2.720130e+00,1.951398e+00,2.247064e+00,2.424464e+00,1.892264e+00,1.951398e+00,1.833131e+00,1.419198e+00,1.714865e+00,1.123532e+00,1.005265e+00,1.005265e+00,1.064399e+00,1.005265e+00,1.064399e+00,8.278657e-01,8.278657e-01,8.869990e-01,7.687324e-01,6.504659e-01,8.278657e-01,7.095992e-01,7.095992e-01,8.278657e-01,8.869990e-01,4.730661e-01,2.956663e-01,8.278657e-01,4.139328e-01,2.956663e-01,4.730661e-01,7.687324e-01,7.095992e-01,4.139328e-01,2.956663e-01,3.547996e-01,7.687324e-01,1.773998e-01,5.913326e-01,4.139328e-01,4.730661e-01,5.321994e-01,7.687324e-01,3.547996e-01,4.139328e-01,4.139328e-01,5.321994e-01,6.504659e-01,5.913326e-01,5.321994e-01,7.095992e-01,5.913326e-01,7.687324e-01,4.730661e-01,7.687324e-01,6.504659e-01,7.687324e-01,5.913326e-01,2.365331e-01,5.913326e-01,8.278657e-01,7.687324e-01,4.730661e-01,2.365331e-01,7.095992e-01,6.504659e-01,4.730661e-01,7.095992e-01,5.913326e-01,3.547996e-01,6.504659e-01
5.913326e-01,3.547996e-01,8.869990e-01,6.504659e-01,1.241799e+00,8.869990e-01,1.005265e+00,1.005265e+00,5.321994e-01,8.278657e-01,1.005265e+00,8.869990e-01,8.869990e-01,3.547996e-01,1.064399e+00,5.321994e-01,1.123532e+00,1.123532e+00,1.064399e+00,1.241799e+00,1.005265e+00,9.461322e-01,8.869990e-01,1.182665e+00,1.064399e+00,1.300932e+00,8.278657e-01,9.461322e-01,5.913326e-01,8.278657e-01,1.182665e+00,1.182665e+00,1.419198e+00,1.537465e+00,1.005265e+00,1.596598e+00,7.095992e-01,1.064399e+00,1.300932e+00,2.069664e+00,1.596598e+00,9.461322e-01,1.241799e+00,1.419198e+00,8.869990e-01,2.010531e+00,1.596598e+00,2.306197e+00,1.655731e+00,1.714865e+00,1.478332e+00,1.300932e+00,1.537465e+00,1.951398e+00,1.714865e+00,1.300932e+00,1.892264e+00,2.365331e+00,2.424464e+00,1.833131e+00,2.247064e+00,1.655731e+00,2.660997e+00,2.069664e+00,2.247064e+00,1.655731e+00,2.897530e+00,2.069664e+00,2.128798e+00,2.010531e+00,2.010531e+00,2.424464e+00,2.128798e+00,1.951398e+00,2.187931e+00,3.134063e+00,2.897530e+00,2.247064e+00,3.134063e+00,3.134063e+00,3.488863e+00,2.306197e+00,3.134063e+00,3.607129e+00,3.607129e+00,3.252330e+00,3.074930e+00,3.547996e+00,3.725396e+00,3.725396e+00,3.961929e+00,4.494128e+00,3.666262e+00,4.494128e+00,3.725396e+00,3.666262e+00,3.666262e+00,4.021062e+00,3.784529e+00,4.080195e+00,4.257595e+00,4.848928e+00,3.666262e+00,4.789794e+00,4.375862e+00,4.612395e+00,4.848928e+00,4.908061e+00,4.434995e+00,5.026327e+00,5.144594e+00,5.617660e+00,6.149859e+00,6.149859e+00,6.327259e+00,6.268126e+00,6.386393e+00,5.854193e+00,6.268126e+00,7.273391e+00,7.155125e+00,6.859459e+00,6.090726e+00,7.509925e+00,6.741192e+00,7.509925e+00,7.509925e+00,7.982991e+00,7.982991e+00,8.278657e+00,8.160390e+00,8.988256e+00,8.929123e+00,8.574323e+00,8.515190e+00,1.005265e+01,9.047389e+00,1.111705e+01,1.111705e+01,9.283922e+00,9.816122e+00,1.088052e+01,8.810856e+00,1.129445e+01,1.005265e+01,1.182665e+01,1.247712e+01,1.093965e+01,1.224059e+01,1.342325e+01,1.218145e+01,1.330498e+01,1.300932e+01,1.289105e+01,1.460592e+01,1.259539e+01,1.318672e+01,1.300932e+01,1.389632e+01,1.259539e+01,1.289105e+01,1.253625e+01,1.170839e+01,1.312758e+01,1.318672e+01,1.194492e+01,1.147185e+01,1.153099e+01,1.170839e+01,1.153099e+01,1.277279e+01,1.111705e+01,1.283192e+01,1.046659e+01,1.034832e+01,1.117619e+01,1.194492e+01,1.135359e+01,1.070312e+01,9.875255e+00,1.076225e+01,1.052572e+01,1.046659e+01,9.520455e+00,9.638722e+00,7.805591e+00,7.214258e+00,8.396923e+00,7.687324e+00,7.450791e+00,7.214258e+00,7.391658e+00,5.913326e+00,4.848928e+00,5.617660e+00,5.203727e+00,6.090726e+00,4.671528e+00,4.080195e+00,4.789794e+00,3.725396e+00,3.547996e+00,3.547996e+00,2.956663e+00,3.074930e+00,3.252330e+00,3.725396e+00,2.424464e+00,2.424464e+00,2.483597e+00,2.720130e+00,2.601864e+00,2.128798e+00,2.247064e+00,1.833131e+00,2.069664e+00,1.300932e+00,1.537465e+00,1.064399e+00,1.005265e+00,1.005265e+00,1.005265e+00,1.419198e+00,8.869990e-01,1.537465e+00,8.869990e-01,8.869990e-01,6.504659e-01,5.913326e-01,5.321994e-01,7.687324e-01,2.956663e-01,1.241799e+00,5.913326e-01,4.139328e-01,4.139328e-01,9.461322e-01,5.913326e-01,4.730661e-01,5.321994e-01,5.321994e-01,4.730661e-01,7.687324e-01,7.095992e-01,3.547996e-01,3.547996e-01,4.730661e-01,5.321994e-01,2.956663e-01,7.095992e-01,1.182665e-01,7.095992e-01,1.773998e-01,3.547996e-01,4.139328e-01,5.913326e-01,2.365331e-01,4.730661e-01,4.730661e-01,6.504659e-01,5.913326e-01,6.504659e-01,6.504659e-01,5.321994e-01,3.547996e-01,1.773998e-01,4.139328e-01,5.913326e-01,7.095992e-01,5.913326e-01,5.913326e-01,5.913326e-01,7.095992e-01,6.504659e-01,4.139328e-01,4.730661e-01,4.139328e-01,4.730661e-01,7.687324e-01,7.095992e-01
7.687324e-01,9.461322e-01,5.913326e-01,8.278657e-01,9.461322e-01,1.182665e-01,7.095992e-01,1.360065e+00,8.869990e-01,1.005265e+00,7.687324e-01,6.504659e-01,1.005265e+00,6.504659e-01,1.123532e+00,8.278657e-01,7.687324e-01,8.869990e-01,1.182665e+00,1.123532e+00,1.005265e+00,1.005265e+00,1.182665e+00,8.278657e-01,1.005265e+00,9.461322e-01,1.182665e+00,9.461322e-01,8.278657e-01,7.095992e-01,8.869990e-01,1.123532e+00,1.537465e+00,1.655731e+00,1.537465e+00,1.300932e+00,1.241799e+00,1.300932e+00,7.095992e-01,1.123532e+00,1.773998e+00,1.182665e+00,1.419198e+00,1.419198e+00,1.714865e+00,1.537465e+00,1.773998e+00,1.241799e+00,1.655731e+00,1.478332e+00,8.278657e-01,1.714865e+00,2.010531e+00,2.365331e+00,1.241799e+00,1.360065e+00,2.069664e+00,1.419198e+00,1.596598e+00,2.601864e+00,1.833131e+00,1.714865e+00,2.187931e+00,2.365331e+00,2.187931e+00,2.010531e+00,2.365331e+00,2.483597e+00,2.069664e+00,2.542730e+00,2.720130e+00,2.483597e+00,2.542730e+00,2.601864e+00,2.779263e+00,2.483597e+00,2.306197e+00,2.838397e+00,2.601864e+00,2.720130e+00,2.779263e+00,3.074930e+00,2.365331e+00,2.601864e+00,2.601864e+00,2.779263e+00,2.542730e+00,3.015796e+00,3.134063e+00,3.193196e+00,3.134063e+00,3.547996e+00,4.316728e+00,3.311463e+00,3.311463e+00,3.607129e+00,4.198462e+00,3.666262e+00,3.961929e+00,4.730661e+00,4.198462e+00,4.612395e+00,4.316728e+00,4.257595e+00,5.617660e+00,4.789794e+00,3.902795e+00,5.972460e+00,4.671528e+00,5.203727e+00,5.617660e+00,5.499394e+00,5.676793e+00,6.031593e+00,5.262860e+00,6.859459e+00,6.268126e+00,6.504659e+00,5.144594e+00,7.036858e+00,6.563792e+00,7.332525e+00,6.327259e+00,7.155125e+00,7.569058e+00,8.692590e+00,7.805591e+00,8.456057e+00,8.751723e+00,8.160390e+00,1.040745e+01,8.929123e+00,7.982991e+00,8.751723e+00,1.017092e+01,9.756989e+00,1.017092e+01,8.869990e+00,1.017092e+01,9.461322e+00,1.005265e+01,1.023005e+01,9.520455e+00,1.111705e+01,1.082139e+01,1.141272e+01,1.170839e+01,1.028919e+01,1.153099e+01,1.088052e+01,1.147185e+01,1.265452e+01,1.188579e+01,1.295018e+01,1.336412e+01,1.300932e+01,1.383718e+01,1.182665e+01,1.365978e+01,1.295018e+01,1.360065e+01,1.365978e+01,1.330498e+01,1.188579e+01,1.105792e+01,1.360065e+01,1.289105e+01,1.401458e+01,1.271365e+01,1.123532e+01,1.295018e+01,1.259539e+01,1.265452e+01,1.046659e+01,1.200405e+01,1.247712e+01,1.141272e+01,1.064399e+01,1.194492e+01,1.023005e+01,1.052572e+01,9.697855e+00,8.869990e+00,8.337790e+00,8.101257e+00,8.515190e+00,7.569058e+00,7.569058e+00,8.337790e+00,7.982991e+00,8.160390e+00,7.095992e+00,6.208993e+00,5.499394e+00,4.671528e+00,6.327259e+00,4.257595e+00,5.381127e+00,4.789794e+00,4.848928e+00,3.843662e+00,4.021062e+00,3.902795e+00,4.375862e+00,4.021062e+00,3.488863e+00,2.601864e+00,2.838397e+00,2.838397e+00,2.306197e+00,1.773998e+00,2.660997e+00,2.306197e+00,1.833131e+00,1.419198e+00,1.182665e+00,1.182665e+00,1.123532e+00,1.005265e+00,1.241799e+00,1.360065e+00,1.241799e+00,8.869990e-01,7.687324e-01,8.278657e-01,1.064399e+00,9.461322e-01,2.956663e-01,5.321994e-01,7.687324e-01,7.095992e-01,6.504659e-01,5.913326e-01,6.504659e-01,6.504659e-01,5.321994e-01,6.504659e-01,8.278657e-01,5.321994e-01,4.730661e-01,5.913326e-01,6.504659e-01,7.095992e-01,2.956663e-01,5.321994e-01,5.321994e-01,3.547996e-01,9.461322e-01,2.956663e-01,4.730661e-01,3.547996e-01,6.504659e-01,5.913326e-01,3.547996e-01,4.139328e-01,6.504659e-01,0.000000e+00,5.913326e-01,4.730661e-01,4.730661e-01,4.139328e-01,4.730661e-01,5.913326e-01,4.730661e-01,5.321994e-01,7.687324e-01,4.730661e-01,8.278657e-01,5.913326e-01,8.278657e-01,2.956663e-01,5.913326e-01,3.547996e-01,5.913326e-01,4.730661e-01,4.139328e-01,3.547996e-01,9.461322e-01,4.139328e-01,4.139328e-01
1.478332e+00,8.869990e-01,4.730661e-01,1.064399e+00,1.300932e+00,5.913326e-01,8.869990e-01,4.730661e-01,7.687324e-01,7.687324e-01,5.913326e-01,1.123532e+00,7.687324e-01,8.278657e-01,9.461322e-01,1.123532e+00,6.504659e-01,8.278657e-01,6.504659e-01,8.278657e-01,4.730661e-01,1.241799e+00,1.182665e+00,1.064399e+00,9.461322e-01,8.869990e-01,7.687324e-01,1.182665e+00,1.241799e+00,8.278657e-01,1.005265e+00,1.300932e+00,1.005265e+00,1.123532e+00,1.537465e+00,1.241799e+00,1.064399e+00,1.419198e+00,9.461322e-01,1.300932e+00,1.005265e+00,1.005265e+00,1.182665e+00,1.300932e+00,1.182665e+00,1.478332e+00,1.773998e+00,1.596598e+00,2.483597e+00,1.655731e+00,1.064399e+00,1.655731e+00,2.069664e+00,1.300932e+00,2.128798e+00,1.892264e+00,1.419198e+00,1.360065e+00,2.128798e+00,1.773998e+00,1.537465e+00,1.714865e+00,2.187931e+00,2.424464e+00,1.773998e+00,2.010531e+00,2.483597e+00,1.655731e+00,2.306197e+00,2.365331e+00,2.128798e+00,2.601864e+00,3.252330e+00,2.956663e+00,2.720130e+00,2.306197e+00,3.311463e+00,3.429729e+00,3.134063e+00,2.897530e+00,3.547996e+00,2.247064e+00,2.069664e+00,3.134063e+00,3.134063e+00,2.838397e+00,2.956663e+00,3.074930e+00,3.252330e+00,3.902795e+00,3.429729e+00,3.547996e+00,4.198462e+00,3.074930e+00,3.843662e+00,3.607129e+00,3.843662e+00,4.612395e+00,4.316728e+00,4.671528e+00,4.671528e+00,3.961929e+00,4.316728e+00,4.494128e+00,5.381127e+00,3.843662e+00,4.967194e+00,5.617660e+00,4.198462e+00,5.499394e+00,5.735927e+00,5.026327e+00,5.558527e+00,5.203727e+00,5.735927e+00,5.795060e+00,6.268126e+00,6.741192e+00,6.445526e+00,6.800325e+00,6.682059e+00,6.741192e+00,6.622926e+00,6.563792e+00,7.332525e+00,6.977725e+00,7.628191e+00,6.977725e+00,6.800325e+00,8.219524e+00,8.160390e+00,8.337790e+00,7.864724e+00,9.402189e+00,9.461322e+00,9.283922e+00,1.023005e+01,8.337790e+00,1.076225e+01,9.875255e+00,9.697855e+00,1.064399e+01,1.076225e+01,1.247712e+01,1.312758e+01,1.206319e+01,1.164925e+01,1.052572e+01,1.105792e+01,1.295018e+01,1.277279e+01,1.194492e+01,1.259539e+01,1.300932e+01,1.141272e+01,1.354152e+01,1.318672e+01,1.348238e+01,1.295018e+01,1.194492e+01,1.265452e+01,1.200405e+01,1.354152e+01,1.360065e+01,1.253625e+01,1.176752e+01,1.147185e+01,1.105792e+01,1.365978e+01,1.442852e+01,1.277279e+01,1.235885e+01,1.129445e+01,1.229972e+01,1.064399e+01,1.229972e+01,1.135359e+01,1.259539e+01,1.005265e+01,1.141272e+01,1.088052e+01,9.106523e+00,9.106523e+00,1.005265e+01,9.402189e+00,9.520455e+00,8.337790e+00,6.149859e+00,7.155125e+00,6.682059e+00,7.391658e+00,6.445526e+00,5.854193e+00,6.149859e+00,5.085461e+00,5.381127e+00,6.741192e+00,6.090726e+00,4.257595e+00,4.139328e+00,3.488863e+00,4.434995e+00,3.607129e+00,3.547996e+00,3.843662e+00,3.015796e+00,2.660997e+00,2.660997e+00,3.193196e+00,3.015796e+00,2.128798e+00,2.010531e+00,2.069664e+00,1.892264e+00,1.892264e+00,1.360065e+00,1.419198e+00,1.478332e+00,1.596598e+00,1.300932e+00,1.360065e+00,8.869990e-01,1.182665e+00,6.504659e-01,7.095992e-01,6.504659e-01,7.095992e-01,1.005265e+00,1.123532e+00,5.321994e-01,6.504659e-01,7.095992e-01,6.504659e-01,8.278657e-01,4.730661e-01,1.064399e+00,6.504659e-01,5.913326e-01,4.139328e-01,7.687324e-01,4.139328e-01,2.365331e-01,6.504659e-01,3.547996e-01,1.773998e-01,8.278657e-01,2.956663e-01,3.547996e-01,5.913326e-01,5.913326e-01,5.321994e-01,4.730661e-01,6.504659e-01,7.095992e-01,4.730661e-01,4.730661e-01,4.730661e-01,3.547996e-01,5.321994e-01,5.321994e-01,5.321994e-01,4.139328e-01,4.730661e-01,4.139328e-01,5.913326e-01,4.730661e-01,4.139328e-01,4.139328e-01,4.730661e-01,8.869990e-01,4.139328e-01,4.139328e-01,4.730661e-01,2.365331e-01,6.504659e-01,2.956663e-01,3.547996e-01,4.730661e-01,5.913326e-01,7.687324e-01
7.687324e-01,5.321994e-01,6.504659e-01,8.278657e-01,7.095992e-01,4.730661e-01,5.913326e-01,5.913326e-01,6.504659e-01,1.182665e+00,5.321994e-01,5.913326e-01,4.139328e-01,1.360065e+00,7.095992e-01,1.005265e+00,1.064399e+00,1.005265e+00,1.005265e+00,1.123532e+00,9.461322e-01,1.064399e+00,9.461322e-01,1.064399e+00,1.596598e+00,1.064399e+00,1.182665e+00,1.123532e+00,1.419198e+00,8.278657e-01,1.241799e+00,1.537465e+00,1.005265e+00,1.714865e+00,9.461322e-01,1.182665e+00,1.064399e+00,1.419198e+00,1.419198e+00,1.182665e+00,1.951398e+00,1.419198e+00,1.773998e+00,1.360065e+00,1.064399e+00,1.655731e+00,1.773998e+00,1.537465e+00,1.123532e+00,1.478332e+00,1.360065e+00,1.360065e+00,9.461322e-01,1.300932e+00,1.478332e+00,1.241799e+00,1.833131e+00,1.241799e+00,2.010531e+00,1.833131e+00,1.655731e+00,1.714865e+00,1.419198e+00,1.833131e+00,1.951398e+00,1.773998e+00,2.010531e+00,2.424464e+00,2.542730e+00,2.247064e+00,1.773998e+00,2.601864e+00,2.660997e+00,2.720130e+00,2.956663e+00,2.483597e+00,2.306197e+00,2.187931e+00,3.311463e+00,2.720130e+00,2.720130e+00,2.779263e+00,2.424464e+00,3.134063e+00,2.838397e+00,3.134063e+00,2.720130e+00,3.607129e+00,3.547996e+00,3.370596e+00,3.488863e+00,3.784529e+00,4.375862e+00,4.375862e+00,3.252330e+00,3.725396e+00,3.784529e+00,3.784529e+00,4.316728e+00,4.080195e+00,4.257595e+00,4.671528e+00,5.203727e+00,3.607129e+00,5.144594e+00,5.085461e+00,4.789794e+00,5.381127e+00,5.795060e+00,5.440260e+00,5.854193e+00,6.208993e+00,5.972460e+00,6.268126e+00,6.268126e+00,4.848928e+00,6.800325e+00,7.687324e+00,7.450791e+00,7.569058e+00,6.268126e+00,7.450791e+00,8.278657e+00,8.160390e+00,7.273391e+00,7.036858e+00,8.456057e+00,7.155125e+00,8.278657e+00,8.988256e+00,9.224789e+00,9.106523e+00,8.929123e+00,8.751723e+00,8.692590e+00,8.810856e+00,9.756989e+00,1.017092e+01,1.105792e+01,1.088052e+01,1.005265e+01,1.017092e+01,1.117619e+01,1.135359e+01,1.117619e+01,1.129445e+01,1.194492e+01,1.129445e+01,1.105792e+01,1.206319e+01,1.342325e+01,1.312758e+01,1.241799e+01,1.300932e+01,1.342325e+01,1.247712e+01,1.224059e+01,1.253625e+01,1.295018e+01,1.176752e+01,1.194492e+01,1.371892e+01,1.283192e+01,1.336412e+01,1.354152e+01,1.295018e+01,1.277279e+01,1.218145e+01,1.253625e+01,1.259539e+01,1.206319e+01,1.289105e+01,1.218145e+01,1.200405e+01,1.336412e+01,1.235885e+01,1.283192e+01,9.816122e+00,1.188579e+01,1.123532e+01,1.005265e+01,9.993522e+00,9.520455e+00,1.034832e+01,9.520455e+00,8.751723e+00,8.278657e+00,8.456057e+00,7.509925e+00,8.515190e+00,7.982991e+00,7.332525e+00,6.090726e+00,6.268126e+00,6.208993e+00,5.795060e+00,5.144594e+00,5.321994e+00,4.434995e+00,5.381127e+00,4.139328e+00,4.021062e+00,4.375862e+00,2.897530e+00,3.429729e+00,3.193196e+00,3.429729e+00,2.897530e+00,2.247064e+00,2.483597e+00,2.247064e+00,2.128798e+00,2.069664e+00,2.483597e+00,1.596598e+00,2.128798e+00,1.241799e+00,2.010531e+00,1.419198e+00,1.655731e+00,1.596598e+00,5.321994e-01,1.300932e+00,5.913326e-01,8.278657e-01,1.241799e+00,1.064399e+00,7.687324e-01,1.005265e+00,1.123532e+00,9.461322e-01,5.321994e-01,1.123532e+00,7.687324e-01,2.365331e-01,8.278657e-01,5.321994e-01,6.504659e-01,7.095992e-01,2.365331e-01,8.278657e-01,7.687324e-01,5.913326e-01,7.095992e-01,4.139328e-01,7.095992e-01,1.773998e-01,5.321994e-01,2.956663e-01,5.321994e-01,7.687324e-01,5.321994e-01,5.913326e-01,5.913326e-01,2.365331e-01,5.321994e-01,4.139328e-01,5.321994e-01,4.730661e-01,5.321994e-01,5.321994e-01,2.365331e-01,5.913326e-01,7.095992e-01,8.278657e-01,4.139328e-01,5.321994e-01,7.687324e-01,2.365331e-01,3.547996e-01,6.504659e-01,4.730661e-01,5.321994e-01,8.278657e-01,5.321994e-01,3.547996e-01,6.504659e-01,8.278657e-01,4.730661e-01,4.730661e-01
7.095992e-01,1.005265e+00,5.913326e-01,5.321994e-01,4.139328e-01,9.461322e-01,8.869990e-01,9.461322e-01,1.241799e+00,8.869990e-01,4.730661e-01,6.504659e-01,1.005265e+00,1.123532e+00,1.005265e+00,7.687324e-01,1.064399e+00,7.095992e-01,1.123532e+00,8.278657e-01,7.687324e-01,1.064399e+00,1.182665e+00,1.005265e+00,8.278657e-01,1.241799e+00,8.869990e-01,1.064399e+00,1.300932e+00,1.123532e+00,1.123532e+00,1.419198e+00,1.537465e+00,1.005265e+00,1.478332e+00,1.596598e+00,1.182665e+00,1.300932e+00,1.005265e+00,1.537465e+00,1.300932e+00,1.182665e+00,1.537465e+00,1.182665e+00,1.182665e+00,1.537465e+00,1.773998e+00,1.419198e+00,1.892264e+00,1.596598e+00,1.892264e+00,1.714865e+00,1.182665e+00,1.714865e+00,1.833131e+00,1.123532e+00,1.951398e+00,1.537465e+00,1.714865e+00,2.483597e+00,1.714865e+00,1.951398e+00,2.483597e+00,1.419198e+00,2.483597e+00,2.128798e+00,1.951398e+00,1.951398e+00,1.360065e+00,2.128798e+00,2.365331e+00,1.892264e+00,2.247064e+00,1.892264e+00,2.720130e+00,2.247064e+00,2.660997e+00,2.247064e+00,2.601864e+00,2.956663e+00,2.306197e+00,2.247064e+00,2.601864e+00,3.725396e+00,3.074930e+00,3.074930e+00,3.488863e+00,3.547996e+00,2.601864e+00,3.607129e+00,3.252330e+00,4.021062e+00,4.198462e+00,3.015796e+00,3.902795e+00,3.666262e+00,3.725396e+00,4.198462e+00,3.370596e+00,4.375862e+00,4.139328e+00,4.257595e+00,4.021062e+00,4.198462e+00,4.612395e+00,5.262860e+00,4.494128e+00,5.321994e+00,5.676793e+00,5.144594e+00,4.848928e+00,4.612395e+00,5.085461e+00,6.741192e+00,5.262860e+00,5.913326e+00,6.149859e+00,6.208993e+00,6.859459e+00,6.268126e+00,6.504659e+00,6.563792e+00,6.682059e+00,6.386393e+00,7.864724e+00,7.273391e+00,8.160390e+00,8.692590e+00,8.633457e+00,8.396923e+00,8.692590e+00,8.929123e+00,9.579589e+00,8.692590e+00,8.278657e+00,9.047389e+00,1.058485e+01,8.692590e+00,1.088052e+01,8.988256e+00,1.111705e+01,9.638722e+00,1.259539e+01,1.076225e+01,1.058485e+01,1.200405e+01,1.265452e+01,1.265452e+01,1.135359e+01,1.318672e+01,1.247712e+01,1.271365e+01,1.224059e+01,1.271365e+01,1.253625e+01,1.194492e+01,1.093965e+01,1.371892e+01,1.389632e+01,1.300932e+01,1.431025e+01,1.265452e+01,1.413285e+01,1.324585e+01,1.419198e+01,1.389632e+01,1.170839e+01,1.194492e+01,1.318672e+01,1.354152e+01,1.241799e+01,1.360065e+01,1.253625e+01,1.235885e+01,1.241799e+01,1.028919e+01,1.153099e+01,1.182665e+01,1.182665e+01,1.135359e+01,1.046659e+01,1.040745e+01,1.052572e+01,9.697855e+00,8.515190e+00,8.633457e+00,8.869990e+00,7.628191e+00,8.692590e+00,7.332525e+00,8.337790e+00,6.977725e+00,7.687324e+00,6.149859e+00,6.090726e+00,6.268126e+00,5.499394e+00,4.553261e+00,4.730661e+00,4.553261e+00,4.375862e+00,3.666262e+00,3.725396e+00,4.553261e+00,3.311463e+00,4.316728e+00,3.902795e+00,2.424464e+00,3.015796e+00,2.306197e+00,1.833131e+00,1.892264e+00,1.892264e+00,1.537465e+00,1.892264e+00,1.833131e+00,1.714865e+00,1.833131e+00,1.773998e+00,1.064399e+00,1.182665e+00,1.419198e+00,8.278657e-01,8.869990e-01,8.278657e-01,5.321994e-01,9.461322e-01,7.687324e-01,1.005265e+00,8.869990e-01,1.005265e+00,5.321994e-01,8.278657e-01,6.504659e-01,8.278657e-01,6.504659e-01,7.095992e-01,5.913326e-01,4.730661e-01,7.095992e-01,7.095992e-01,2.956663e-01,3.547996e-01,2.365331e-01,7.687324e-01,5.913326e-01,2.956663e-01,7.095992e-01,4.730661e-01,4.730661e-01,3.547996e-01,5.913326e-01,2.956663e-01,8.278657e-01,5.321994e-01,4.139328e-01,5.913326e-01,4.730661e-01,5.321994e-01,3.547996e-01,5.913326e-01,7.687324e-01,6.504659e-01,2.956663e-01,5.321994e-01,2.365331e-01,5.321994e-01,7.095992e-01,3.547996e-01,4.730661e-01,6.504659e-01,4.730661e-01,7.095992e-01,5.913326e-01,1.773998e-01,4.139328e-01,4.139328e-01,2.956663e-01,2.365331e-01,3.547996e-01
7.687324e-01,7.687324e-01,7.095992e-01,5.321994e-01,6.504659e-01,7.095992e-01,9.461322e-01,8.278657e-01,8.869990e-01,7.095992e-01,8.278657e-01,1.241799e+00,6.504659e-01,7.687324e-01,8.278657e-01,5.913326e-01,1.123532e+00,6.504659e-01,7.687324e-01,1.005265e+00,1.182665e+00,1.005265e+00,1.064399e+00,1.241799e+00,8.869990e-01,5.321994e-01,1.064399e+00,7.687324e-01,1.241799e+00,1.005265e+00,1.360065e+00,9.461322e-01,1.951398e+00,8.278657e-01,1.655731e+00,1.478332e+00,7.687324e-01,1.123532e+00,1.419198e+00,1.064399e+00,1.596598e+00,1.419198e+00,1.064399e+00,1.360065e+00,1.537465e+00,1.655731e+00,2.187931e+00,1.419198e+00,1.478332e+00,1.596598e+00,1.182665e+00,1.714865e+00,1.419198e+00,1.892264e+00,1.655731e+00,1.419198e+00,1.064399e+00,1.478332e+00,1.773998e+00,1.537465e+00,2.187931e+00,1.360065e+00,2.306197e+00,1.833131e+00,2.069664e+00,1.655731e+00,1.833131e+00,2.424464e+00,1.773998e+00,2.365331e+00,2.424464e+00,2.838397e+00,2.365331e+00,1.951398e+00,2.542730e+00,3.666262e+00,2.838397e+00,2.424464e+00,2.897530e+00,2.424464e+00,2.838397e+00,2.897530e+00,3.370596e+00,2.306197e+00,2.779263e+00,3.134063e+00,3.370596e+00,3.429729e+00,3.370596e+00,3.074930e+00,4.316728e+00,3.134063e+00,3.429729e+00,4.316728e+00,2.956663e+00,4.434995e+00,3.134063e+00,2.838397e+00,4.848928e+00,5.262860e+00,4.434995e+00,4.789794e+00,4.316728e+00,5.085461e+00,4.789794e+00,3.961929e+00,5.085461e+00,5.262860e+00,5.676793e+00,4.612395e+00,5.321994e+00,5.144594e+00,4.967194e+00,5.617660e+00,6.090726e+00,5.440260e+00,7.036858e+00,6.741192e+00,6.622926e+00,7.391658e+00,7.095992e+00,6.208993e+00,7.036858e+00,8.810856e+00,7.509925e+00,6.741192e+00,8.042124e+00,8.337790e+00,7.450791e+00,7.805591e+00,9.047389e+00,7.864724e+00,8.219524e+00,1.005265e+01,9.520455e+00,8.396923e+00,9.697855e+00,1.052572e+01,9.343056e+00,1.040745e+01,1.082139e+01,1.046659e+01,1.105792e+01,1.200405e+01,1.034832e+01,9.934388e+00,1.052572e+01,1.182665e+01,1.170839e+01,1.448765e+01,1.235885e+01,1.247712e+01,1.200405e+01,1.241799e+01,1.229972e+01,1.129445e+01,1.218145e+01,1.354152e+01,1.289105e+01,1.235885e+01,1.229972e+01,1.365978e+01,1.318672e+01,1.413285e+01,1.265452e+01,1.419198e+01,1.253625e+01,1.295018e+01,1.229972e+01,1.312758e+01,1.224059e+01,1.324585e+01,1.224059e+01,1.271365e+01,1.259539e+01,1.159012e+01,1.070312e+01,1.099879e+01,1.283192e+01,1.164925e+01,7.923857e+00,1.005265e+01,9.461322e+00,9.520455e+00,8.929123e+00,7.509925e+00,9.047389e+00,9.165656e+00,8.042124e+00,7.214258e+00,6.918592e+00,5.913326e+00,6.622926e+00,6.090726e+00,5.617660e+00,6.090726e+00,6.327259e+00,5.203727e+00,5.854193e+00,4.494128e+00,4.848928e+00,5.203727e+00,3.370596e+00,3.370596e+00,3.370596e+00,3.784529e+00,2.601864e+00,3.074930e+00,2.306197e+00,3.252330e+00,2.187931e+00,1.833131e+00,1.714865e+00,1.419198e+00,1.300932e+00,1.655731e+00,1.892264e+00,2.187931e+00,1.123532e+00,9.461322e-01,7.687324e-01,1.419198e+00,6.504659e-01,1.241799e+00,1.123532e+00,1.360065e+00,1.064399e+00,3.547996e-01,5.321994e-01,5.321994e-01,9.461322e-01,7.687324e-01,5.321994e-01,5.321994e-01,7.095992e-01,7.687324e-01,5.321994e-01,5.913326e-01,7.095992e-01,7.687324e-01,7.095992e-01,4.730661e-01,2.956663e-01,4.730661e-01,6.504659e-01,5.913326e-01,5.321994e-01,1.005265e+00,5.321994e-01,5.321994e-01,2.365331e-01,3.547996e-01,7.095992e-01,3.547996e-01,4.730661e-01,5.321994e-01,6.504659e-01,7.095992e-01,6.504659e-01,2.365331e-01,7.095992e-01,4.139328e-01,5.913326e-01,7.687324e-01,7.687324e-01,5.913326e-01,4.730661e-01,5.913326e-01,2.956663e-01,3.547996e-01,6.504659e-01,4.730661e-01,2.956663e-01,5.913326e-01,2.956663e-01,3.547996e-01,5.913326e-01,4.139328e-01,3.547996e-01,6.504659e-01
8.278657e-01,7.095992e-01,4.730661e-01,4.730661e-01,9.461322e-01,7.095992e-01,6.504659e-01,8.869990e-01,7.095992e-01,6.504659e-01,1.360065e+00,8.278657e-01,1.005265e+00,5.913326e-01,7.687324e-01,8.869990e-01,5.321994e-01,1.005265e+00,1.241799e+00,8.278657e-01,1.300932e+00,8.278657e-01,8.278657e-01,1.005265e+00,1.064399e+00,8.278657e-01,1.182665e+00,1.241799e+00,9.461322e-01,1.537465e+00,5.913326e-01,1.182665e+00,1.005265e+00,1.064399e+00,1.123532e+00,1.123532e+00,1.182665e+00,8.869990e-01,1.005265e+00,1.123532e+00,1.360065e+00,9.461322e-01,1.241799e+00,1.596598e+00,1.360065e+00,1.360065e+00,1.951398e+00,1.478332e+00,1.478332e+00,2.069664e+00,1.537465e+00,1.478332e+00,1.655731e+00,1.537465e+00,1.596598e+00,1.833131e+00,1.833131e+00,1.241799e+00,2.187931e+00,1.655731e+00,2.187931e+00,1.419198e+00,1.892264e+00,1.596598e+00,1.951398e+00,2.010531e+00,2.069664e+00,1.951398e+00,2.069664e+00,2.010531e+00,2.365331e+00,2.779263e+00,2.069664e+00,2.365331e+00,2.483597e+00,2.542730e+00,3.015796e+00,2.542730e+00,2.720130e+00,2.838397e+00,2.601864e+00,2.601864e+00,3.311463e+00,2.720130e+00,3.074930e+00,2.483597e+00,2.365331e+00,2.956663e+00,3.193196e+00,3.370596e+00,3.193196e+00,3.725396e+00,3.902795e+00,4.198462e+00,2.956663e+00,3.666262e+00,3.902795e+00,4.139328e+00,2.956663e+00,3.074930e+00,4.316728e+00,3.961929e+00,3.961929e+00,5.262860e+00,5.026327e+00,4.434995e+00,4.316728e+00,5.381127e+00,4.908061e+00,5.854193e+00,4.730661e+00,6.208993e+00,5.913326e+00,5.440260e+00,6.268126e+00,5.854193e+00,5.321994e+00,5.381127e+00,6.741192e+00,6.977725e+00,6.268126e+00,5.913326e+00,7.095992e+00,7.391658e+00,7.509925e+00,6.386393e+00,7.864724e+00,7.628191e+00,7.332525e+00,9.047389e+00,7.569058e+00,8.574323e+00,9.224789e+00,1.005265e+01,9.697855e+00,9.165656e+00,9.697855e+00,8.869990e+00,9.283922e+00,8.574323e+00,1.034832e+01,1.052572e+01,1.129445e+01,1.052572e+01,1.159012e+01,1.200405e+01,1.170839e+01,1.058485e+01,1.395545e+01,1.123532e+01,1.212232e+01,1.182665e+01,1.283192e+01,1.259539e+01,1.241799e+01,1.046659e+01,1.383718e+01,1.241799e+01,1.413285e+01,1.111705e+01,1.336412e+01,1.224059e+01,1.395545e+01,1.413285e+01,1.442852e+01,1.265452e+01,1.265452e+01,1.229972e+01,1.460592e+01,1.283192e+01,1.170839e+01,1.283192e+01,1.194492e+01,1.188579e+01,1.147185e+01,1.135359e+01,1.176752e+01,1.218145e+01,1.040745e+01,1.058485e+01,1.034832e+01,9.816122e+00,1.040745e+01,1.099879e+01,8.219524e+00,9.579589e+00,8.751723e+00,1.052572e+01,8.396923e+00,7.746458e+00,7.569058e+00,7.509925e+00,7.332525e+00,7.095992e+00,6.682059e+00,5.381127e+00,6.800325e+00,5.558527e+00,4.139328e+00,5.558527e+00,3.902795e+00,3.015796e+00,2.956663e+00,4.553261e+00,3.252330e+00,2.660997e+00,2.306197e+00,2.838397e+00,2.779263e+00,2.660997e+00,1.596598e+00,2.424464e+00,1.773998e+00,1.537465e+00,2.010531e+00,1.419198e+00,1.478332e+00,1.300932e+00,8.869990e-01,1.360065e+00,2.069664e+00,8.278657e-01,1.123532e+00,8.869990e-01,1.300932e+00,7.687324e-01,4.730661e-01,5.913326e-01,9.461322e-01,1.005265e+00,1.182665e+00,7.095992e-01,9.461322e-01,6.504659e-01,5.321994e-01,4.730661e-01,4.730661e-01,7.687324e-01,7.687324e-01,2.956663e-01,4.139328e-01,7.687324e-01,4.139328e-01,4.730661e-01,2.956663e-01,4.730661e-01,3.547996e-01,8.869990e-01,4.139328e-01,3.547996e-01,5.321994e-01,1.773998e-01,1.182665e-01,6.504659e-01,2.956663e-01,9.461322e-01,4.730661e-01,2.956663e-01,7.095992e-01,3.547996e-01,4.139328e-01,3.547996e-01,4.139328e-01,4.730661e-01,5.321994e-01,5.321994e-01,5.913326e-01,5.913326e-01,4.730661e-01,5.321994e-01,2.956663e-01,8.278657e-01,5.321994e-01,4.139328e-01,3.547996e-01,5.321994e-01,4.730661e-01,5.321994e-01,4.730661e-01,3.547996e-01
2.956663e-01,8.869990e-01,8.278657e-01,5.321994e-01,5.913326e-01,1.064399e+00,1.123532e+00,3.547996e-01,9.461322e-01,7.095992e-01,1.241799e+00,7.687324e-01,5.321994e-01,7.687324e-01,5.321994e-01,8.278657e-01,7.687324e-01,5.913326e-01,8.869990e-01,7.095992e-01,7.687324e-01,5.913326e-01,6.504659e-01,7.687324e-01,9.461322e-01,1.005265e+00,8.869990e-01,1.123532e+00,1.241799e+00,1.064399e+00,1.478332e+00,9.461322e-01,1.123532e+00,8.869990e-01,1.300932e+00,1.064399e+00,1.005265e+00,1.300932e+00,8.869990e-01,1.419198e+00,1.182665e+00,1.478332e+00,1.833131e+00,1.360065e+00,1.241799e+00,1.005265e+00,1.478332e+00,1.478332e+00,1.123532e+00,1.300932e+00,1.655731e+00,1.005265e+00,1.419198e+00,1.182665e+00,1.182665e+00,1.478332e+00,2.069664e+00,1.596598e+00,1.596598e+00,2.306197e+00,1.596598e+00,1.596598e+00,1.478332e+00,1.892264e+00,2.424464e+00,1.419198e+00,1.773998e+00,1.714865e+00,2.542730e+00,2.187931e+00,2.424464e+00,2.187931e+00,1.478332e+00,2.187931e+00,2.128798e+00,2.720130e+00,2.838397e+00,2.187931e+00,2.660997e+00,3.252330e+00,2.660997e+00,2.542730e+00,2.247064e+00,2.365331e+00,2.779263e+00,3.311463e+00,3.074930e+00,2.956663e+00,3.252330e+00,3.015796e+00,3.252330e+00,2.897530e+00,3.370596e+00,3.666262e+00,3.547996e+00,3.784529e+00,3.666262e+00,2.956663e+00,4.316728e+00,4.375862e+00,4.908061e+00,3.370596e+00,4.198462e+00,3.961929e+00,4.908061e+00,4.967194e+00,3.843662e+00,5.558527e+00,5.854193e+00,4.730661e+00,5.499394e+00,6.208993e+00,5.203727e+00,4.730661e+00,5.026327e+00,5.735927e+00,6.090726e+00,5.972460e+00,6.918592e+00,7.214258e+00,5.854193e+00,8.515190e+00,8.396923e+00,7.687324e+00,7.273391e+00,9.461322e+00,8.219524e+00,8.101257e+00,8.574323e+00,8.160390e+00,8.396923e+00,8.810856e+00,1.011179e+01,1.093965e+01,8.929123e+00,9.697855e+00,9.402189e+00,9.165656e+00,8.929123e+00,9.993522e+00,1.046659e+01,1.117619e+01,1.046659e+01,1.040745e+01,9.875255e+00,1.182665e+01,1.229972e+01,1.182665e+01,1.170839e+01,1.200405e+01,1.377805e+01,1.200405e+01,1.348238e+01,1.212232e+01,1.442852e+01,1.419198e+01,1.466505e+01,1.360065e+01,1.383718e+01,1.383718e+01,1.235885e+01,1.383718e+01,1.460592e+01,1.235885e+01,1.460592e+01,1.490158e+01,1.206319e+01,1.407372e+01,1.312758e+01,1.147185e+01,1.448765e+01,1.324585e+01,1.395545e+01,1.170839e+01,1.253625e+01,1.224059e+01,1.117619e+01,1.147185e+01,1.147185e+01,1.212232e+01,1.093965e+01,1.170839e+01,8.988256e+00,1.017092e+01,1.093965e+01,8.219524e+00,7.628191e+00,9.461322e+00,8.751723e+00,8.751723e+00,8.042124e+00,6.504659e+00,8.042124e+00,6.268126e+00,6.149859e+00,5.795060e+00,6.445526e+00,6.741192e+00,4.553261e+00,4.612395e+00,4.908061e+00,3.961929e+00,3.843662e+00,3.311463e+00,3.902795e+00,3.134063e+00,2.601864e+00,2.483597e+00,2.128798e+00,2.660997e+00,2.601864e+00,1.892264e+00,1.833131e+00,1.833131e+00,2.010531e+00,1.714865e+00,1.596598e+00,1.300932e+00,1.478332e+00,1.005265e+00,2.010531e+00,1.182665e+00,1.241799e+00,1.655731e+00,1.241799e+00,1.123532e+00,4.139328e-01,8.278657e-01,1.005265e+00,6.504659e-01,8.869990e-01,6.504659e-01,6.504659e-01,7.095992e-01,7.687324e-01,5.321994e-01,6.504659e-01,9.461322e-01,4.139328e-01,2.956663e-01,2.956663e-01,3.547996e-01,6.504659e-01,2.956663e-01,5.913326e-01,5.913326e-01,7.687324e-01,4.139328e-01,3.547996e-01,6.504659e-01,5.321994e-01,5.321994e-01,2.956663e-01,5.913326e-01,6.504659e-01,5.913326e-01,1.182665e-01,2.956663e-01,4.139328e-01,5.321994e-01,5.321994e-01,6.504659e-01,2.956663e-01,2.956663e-01,3.547996e-01,8.278657e-01,4.730661e-01,6.504659e-01,5.321994e-01,7.687324e-01,5.913326e-01,5.913326e-01,8.869990e-01,3.547996e-01,4.139328e-01,6.504659e-01,6.504659e-01,3.547996e-01,6.504659e-01,4.730661e-01
1.182665e-01,4.730661e-01,4.730661e-01,2.956663e-01,5.321994e-01,5.913326e-01,5.321994e-01,7.687324e-01,1.064399e+00,8.278657e-01,1.005265e+00,5.913326e-01,7.687324e-01,9.461322e-01,9.461322e-01,8.278657e-01,6.504659e-01,5.913326e-01,1.005265e+00,9.461322e-01,1.005265e+00,4.139328e-01,7.095992e-01,7.687324e-01,1.182665e+00,6.504659e-01,7.095992e-01,9.461322e-01,4.730661e-01,9.461322e-01,5.913326e-01,1.064399e+00,9.461322e-01,1.300932e+00,1.005265e+00,1.123532e+00,1.182665e+00,1.064399e+00,8.278657e-01,1.241799e+00,5.321994e-01,1.005265e+00,1.123532e+00,1.419198e+00,1.300932e+00,1.123532e+00,1.005265e+00,1.182665e+00,1.537465e+00,1.241799e+00,1.360065e+00,1.773998e+00,1.005265e+00,1.714865e+00,1.596598e+00,1.182665e+00,1.596598e+00,1.655731e+00,9.461322e-01,2.187931e+00,2.069664e+00,1.478332e+00,1.537465e+00,1.833131e+00,1.537465e+00,1.478332e+00,1.596598e+00,1.833131e+00,2.306197e+00,2.365331e+00,1.892264e+00,2.010531e+00,1.951398e+00,1.833131e+00,1.951398e+00,3.015796e+00,1.478332e+00,1.833131e+00,2.779263e+00,3.015796e+00,2.247064e+00,2.365331e+00,1.773998e+00,2.424464e+00,2.720130e+00,2.838397e+00,2.128798e+00,3.547996e+00,2.306197e+00,3.429729e+00,3.252330e+00,3.193196e+00,3.311463e+00,3.193196e+00,3.311463e+00,3.902795e+00,3.607129e+00,3.961929e+00,3.784529e+00,3.902795e+00,3.843662e+00,3.370596e+00,4.080195e+00,3.488863e+00,4.316728e+00,4.789794e+00,4.553261e+00,6.031593e+00,5.321994e+00,5.617660e+00,4.316728e+00,5.499394e+00,4.553261e+00,5.558527e+00,5.676793e+00,4.671528e+00,5.913326e+00,6.268126e+00,6.386393e+00,6.800325e+00,5.854193e+00,7.273391e+00,7.095992e+00,6.149859e+00,7.036858e+00,7.569058e+00,7.095992e+00,8.574323e+00,8.692590e+00,7.569058e+00,8.396923e+00,9.224789e+00,7.864724e+00,9.402189e+00,9.047389e+00,8.160390e+00,8.869990e+00,9.106523e+00,1.028919e+01,9.934388e+00,1.064399e+01,1.129445e+01,1.135359e+01,1.212232e+01,1.017092e+01,1.170839e+01,1.259539e+01,1.117619e+01,1.182665e+01,1.306845e+01,1.206319e+01,1.164925e+01,1.194492e+01,1.306845e+01,1.212232e+01,1.212232e+01,1.206319e+01,1.253625e+01,1.466505e+01,1.419198e+01,1.389632e+01,1.365978e+01,1.330498e+01,1.259539e+01,1.383718e+01,1.460592e+01,1.496072e+01,1.348238e+01,1.383718e+01,1.283192e+01,1.348238e+01,1.360065e+01,1.342325e+01,1.312758e+01,1.259539e+01,1.188579e+01,1.141272e+01,1.182665e+01,1.164925e+01,1.135359e+01,1.028919e+01,1.164925e+01,1.105792e+01,1.046659e+01,8.633457e+00,1.005265e+01,8.692590e+00,8.633457e+00,9.224789e+00,7.628191e+00,7.864724e+00,6.622926e+00,7.391658e+00,6.800325e+00,6.090726e+00,5.735927e+00,6.327259e+00,5.795060e+00,5.144594e+00,5.262860e+00,4.375862e+00,3.843662e+00,3.666262e+00,3.607129e+00,3.666262e+00,3.311463e+00,3.193196e+00,3.252330e+00,2.779263e+00,2.601864e+00,2.187931e+00,2.187931e+00,2.306197e+00,1.537465e+00,1.892264e+00,1.419198e+00,1.478332e+00,1.537465e+00,8.869990e-01,1.182665e+00,1.123532e+00,1.478332e+00,9.461322e-01,1.241799e+00,1.005265e+00,1.241799e+00,1.064399e+00,1.360065e+00,1.123532e+00,1.064399e+00,5.321994e-01,9.461322e-01,1.005265e+00,8.869990e-01,6.504659e-01,8.278657e-01,3.547996e-01,5.913326e-01,5.913326e-01,7.095992e-01,1.005265e+00,4.139328e-01,7.687324e-01,4.139328e-01,8.278657e-01,2.365331e-01,2.956663e-01,6.504659e-01,1.773998e-01,2.365331e-01,6.504659e-01,2.365331e-01,7.095992e-01,4.730661e-01,5.321994e-01,1.182665e-01,1.064399e+00,4.139328e-01,4.730661e-01,8.869990e-01,5.321994e-01,4.730661e-01,8.278657e-01,7.687324e-01,5.913326e-01,2.365331e-01,4.730661e-01,5.321994e-01,5.321994e-01,5.913326e-01,6.504659e-01,7.095992e-01,3.547996e-01,3.547996e-01,8.278657e-01,5.321994e-01,2.956663e-01,2.365331e-01,1.773998e-01,7.687324e-01
3.547996e-01,4.139328e-01,7.095992e-01,6.504659e-01,3.547996e-01,9.461322e-01,8.278657e-01,7.095992e-01,5.913326e-01,4.139328e-01,5.321994e-01,4.730661e-01,9.461322e-01,7.687324e-01,4.139328e-01,3.547996e-01,9.461322e-01,6.504659e-01,5.913326e-01,5.913326e-01,2.365331e-01,5.321994e-01,5.321994e-01,8.278657e-01,6.504659e-01,1.064399e+00,5.913326e-01,4.139328e-01,7.687324e-01,7.687324e-01,1.241799e+00,8.869990e-01,7.095992e-01,1.005265e+00,1.064399e+00,4.730661e-01,1.005265e+00,1.182665e+00,1.241799e+00,7.687324e-01,8.278657e-01,8.869990e-01,1.300932e+00,9.461322e-01,1.123532e+00,9.461322e-01,1.300932e+00,8.869990e-01,1.773998e+00,1.241799e+00,1.833131e+00,1.064399e+00,1.537465e+00,1.005265e+00,1.419198e+00,1.241799e+00,1.596598e+00,1.596598e+00,1.833131e+00,1.537465e+00,1.241799e+00,1.537465e+00,1.596598e+00,1.951398e+00,2.069664e+00,1.478332e+00,1.064399e+00,1.833131e+00,1.360065e+00,1.537465e+00,1.478332e+00,2.069664e+00,1.655731e+00,1.773998e+00,2.542730e+00,2.010531e+00,1.478332e+00,1.714865e+00,1.773998e+00,1.892264e+00,2.365331e+00,2.542730e+00,2.601864e+00,2.660997e+00,2.483597e+00,1.951398e+00,2.247064e+00,2.542730e+00,2.306197e+00,3.252330e+00,2.483597e+00,3.547996e+00,3.902795e+00,2.897530e+00,3.193196e+00,3.074930e+00,3.429729e+00,3.252330e+00,3.725396e+00,3.961929e+00,4.316728e+00,4.434995e+00,3.488863e+00,3.725396e+00,4.198462e+00,4.257595e+00,3.961929e+00,4.612395e+00,4.789794e+00,4.316728e+00,5.085461e+00,5.262860e+00,4.848928e+00,5.262860e+00,4.553261e+00,5.854193e+00,5.026327e+00,6.386393e+00,6.031593e+00,6.918592e+00,6.445526e+00,6.149859e+00,6.563792e+00,6.327259e+00,6.800325e+00,7.155125e+00,8.160390e+00,8.396923e+00,9.165656e+00,9.461322e+00,9.224789e+00,8.692590e+00,8.988256e+00,9.047389e+00,9.224789e+00,8.396923e+00,8.456057e+00,1.023005e+01,9.697855e+00,1.064399e+01,8.869990e+00,1.194492e+01,1.111705e+01,1.306845e+01,1.064399e+01,1.271365e+01,1.383718e+01,1.241799e+01,1.295018e+01,1.212232e+01,1.218145e+01,1.241799e+01,1.306845e+01,1.318672e+01,1.318672e+01,1.383718e+01,1.342325e+01,1.170839e+01,1.295018e+01,1.478332e+01,1.501985e+01,1.289105e+01,1.336412e+01,1.383718e+01,1.431025e+01,1.235885e+01,1.513812e+01,1.395545e+01,1.306845e+01,1.348238e+01,1.395545e+01,1.460592e+01,1.289105e+01,1.212232e+01,1.235885e+01,1.271365e+01,1.188579e+01,1.212232e+01,1.164925e+01,1.129445e+01,1.017092e+01,9.875255e+00,1.099879e+01,9.461322e+00,1.034832e+01,1.005265e+01,8.042124e+00,7.273391e+00,8.929123e+00,8.692590e+00,6.268126e+00,7.273391e+00,7.569058e+00,5.676793e+00,6.800325e+00,6.327259e+00,5.262860e+00,5.321994e+00,5.735927e+00,4.671528e+00,4.494128e+00,5.440260e+00,4.257595e+00,4.198462e+00,3.488863e+00,3.370596e+00,3.074930e+00,2.187931e+00,2.365331e+00,2.483597e+00,2.720130e+00,3.134063e+00,2.247064e+00,1.537465e+00,2.069664e+00,1.537465e+00,1.419198e+00,9.461322e-01,1.478332e+00,1.655731e+00,1.478332e+00,1.182665e+00,1.596598e+00,1.005265e+00,1.300932e+00,1.241799e+00,1.123532e+00,1.182665e+00,3.547996e-01,1.005265e+00,9.461322e-01,5.321994e-01,6.504659e-01,6.504659e-01,1.005265e+00,8.278657e-01,7.687324e-01,8.869990e-01,8.278657e-01,5.913326e-01,6.504659e-01,7.687324e-01,8.869990e-01,7.687324e-01,2.956663e-01,2.365331e-01,5.913326e-01,2.956663e-01,2.956663e-01,5.321994e-01,3.547996e-01,7.687324e-01,5.321994e-01,6.504659e-01,4.139328e-01,7.095992e-01,1.773998e-01,4.139328e-01,3.547996e-01,6.504659e-01,4.730661e-01,4.139328e-01,4.730661e-01,2.365331e-01,8.278657e-01,5.321994e-01,5.321994e-01,7.095992e-01,3.547996e-01,7.687324e-01,8.278657e-01,4.139328e-01,2.956663e-01,5.913326e-01,4.139328e-01,4.139328e-01,4.730661e-01,4.139328e-01,8.278657e-01,3.547996e-01
3.547996e-01,2.365331e-01,6.504659e-01,5.913326e-01,6.504659e-01,5.913326e-01,5.913326e-01,5.321994e-01,6.504659e-01,2.365331e-01,7.687324e-01,1.064399e+00,6.504659e-01,4.139328e-01,7.687324e-01,4.730661e-01,7.095992e-01,7.687324e-01,4.139328e-01,4.139328e-01,7.095992e-01,9.461322e-01,4.730661e-01,8.869990e-01,3.547996e-01,3.547996e-01,7.095992e-01,5.913326e-01,8.278657e-01,8.278657e-01,5.913326e-01,8.869990e-01,1.064399e+00,4.139328e-01,9.461322e-01,8.278657e-01,2.956663e-01,5.913326e-01,9.461322e-01,8.869990e-01,1.064399e+00,8.869990e-01,8.278657e-01,8.278657e-01,7.095992e-01,1.182665e+00,9.461322e-01,7.687324e-01,9.461322e-01,1.182665e+00,7.687324e-01,1.005265e+00,1.241799e+00,1.300932e+00,4.730661e-01,8.278657e-01,1.064399e+00,8.278657e-01,8.869990e-01,1.005265e+00,1.182665e+00,1.360065e+00,1.419198e+00,1.596598e+00,1.419198e+00,1.773998e+00,1.655731e+00,1.537465e+00,1.419198e+00,1.714865e+00,1.655731e+00,1.655731e+00,1.833131e+00,1.773998e+00,1.300932e+00,1.537465e+00,1.596598e+00,1.892264e+00,1.892264e+00,2.424464e+00,1.714865e+00,2.247064e+00,2.247064e+00,2.365331e+00,2.247064e+00,2.306197e+00,2.365331e+00,2.542730e+00,2.956663e+00,3.488863e+00,3.252330e+00,2.779263e+00,2.247064e+00,3.902795e+00,2.306197e+00,2.838397e+00,3.193196e+00,3.252330e+00,3.666262e+00,3.547996e+00,3.252330e+00,4.612395e+00,3.725396e+00,3.074930e+00,3.902795e+00,4.671528e+00,3.961929e+00,4.671528e+00,4.434995e+00,4.080195e+00,4.021062e+00,4.612395e+00,5.795060e+00,5.676793e+00,5.026327e+00,5.854193e+00,5.972460e+00,5.795060e+00,6.031593e+00,6.800325e+00,7.036858e+00,6.268126e+00,6.268126e+00,5.913326e+00,6.977725e+00,7.628191e+00,7.982991e+00,6.268126e+00,8.042124e+00,8.160390e+00,7.509925e+00,8.515190e+00,9.579589e+00,9.461322e+00,8.988256e+00,8.456057e+00,9.638722e+00,1.052572e+01,8.456057e+00,1.123532e+01,1.105792e+01,1.224059e+01,1.099879e+01,1.093965e+01,1.064399e+01,1.295018e+01,1.295018e+01,1.070312e+01,1.200405e+01,1.330498e+01,1.259539e+01,1.247712e+01,1.360065e+01,1.348238e+01,1.365978e+01,1.395545e+01,1.596598e+01,1.537465e+01,1.277279e+01,1.336412e+01,1.490158e+01,1.436938e+01,1.289105e+01,1.407372e+01,1.460592e+01,1.436938e+01,1.371892e+01,1.448765e+01,1.620251e+01,1.490158e+01,1.389632e+01,1.490158e+01,1.330498e+01,1.431025e+01,1.235885e+01,1.306845e+01,1.442852e+01,1.354152e+01,1.093965e+01,1.235885e+01,1.182665e+01,1.253625e+01,1.123532e+01,1.023005e+01,9.756989e+00,9.993522e+00,8.810856e+00,8.751723e+00,9.579589e+00,8.515190e+00,7.509925e+00,7.036858e+00,7.687324e+00,7.746458e+00,6.918592e+00,6.977725e+00,6.090726e+00,6.800325e+00,5.203727e+00,4.730661e+00,4.494128e+00,4.789794e+00,3.607129e+00,4.553261e+00,4.730661e+00,3.193196e+00,3.666262e+00,3.429729e+00,2.660997e+00,2.897530e+00,2.247064e+00,2.720130e+00,1.596598e+00,2.483597e+00,2.010531e+00,1.419198e+00,1.537465e+00,1.596598e+00,1.419198e+00,1.360065e+00,8.278657e-01,1.005265e+00,1.241799e+00,8.869990e-01,8.278657e-01,1.300932e+00,1.005265e+00,6.504659e-01,8.869990e-01,4.730661e-01,7.687324e-01,9.461322e-01,1.123532e+00,9.461322e-01,5.913326e-01,3.547996e-01,6.504659e-01,6.504659e-01,1.064399e+00,7.687324e-01,4.139328e-01,6.504659e-01,8.869990e-01,8.869990e-01,7.095992e-01,4.139328e-01,5.913326e-01,7.095992e-01,5.321994e-01,3.547996e-01,2.956663e-01,1.064399e+00,4.730661e-01,3.547996e-01,5.321994e-01,5.321994e-01,5.321994e-01,4.730661e-01,5.913326e-01,5.913326e-01,7.687324e-01,1.064399e+00,2.365331e-01,2.365331e-01,4.730661e-01,3.547996e-01,7.095992e-01,5.913326e-01,4.139328e-01,7.095992e-01,4.139328e-01,4.139328e-01,4.730661e-01,4.730661e-01,4.139328e-01,4.730661e-01,6.504659e-01,4.730661e-01,6.504659e-01,5.913326e-01
7.095992e-01,6.504659e-01,5.913326e-01,2.956663e-01,8.869990e-01,5.913326e-01,3.547996e-01,8.869990e-01,5.913326e-01,4.139328e-01,5.321994e-01,2.365331e-01,1.773998e-01,8.869990e-01,4.139328e-01,7.687324e-01,8.869990e-01,5.913326e-01,5.913326e-01,4.730661e-01,5.321994e-01,5.913326e-01,4.139328e-01,6.504659e-01,4.139328e-01,4.139328e-01,4.139328e-01,4.139328e-01,3.547996e-01,7.687324e-01,2.956663e-01,4.730661e-01,8.278657e-01,4.139328e-01,4.139328e-01,3.547996e-01,4.139328e-01,6.504659e-01,7.095992e-01,7.095992e-01,6.504659e-01,8.278657e-01,1.182665e+00,1.123532e+00,7.687324e-01,5.913326e-01,8.278657e-01,6.504659e-01,8.278657e-01,1.419198e+00,6.504659e-01,7.687324e-01,1.005265e+00,8.869990e-01,9.461322e-01,1.005265e+00,1.419198e+00,1.537465e+00,9.461322e-01,6.504659e-01,9.461322e-01,1.655731e+00,1.064399e+00,1.478332e+00,1.478332e+00,1.123532e+00,1.005265e+00,1.300932e+00,1.773998e+00,1.123532e+00,1.005265e+00,1.714865e+00,1.478332e+00,1.833131e+00,1.182665e+00,1.419198e+00,1.596598e+00,1.241799e+00,2.069664e+00,1.714865e+00,1.892264e+00,1.419198e+00,2.069664e+00,2.365331e+00,1.360065e+00,2.424464e+00,2.424464e+00,2.010531e+00,1.951398e+00,2.424464e+00,1.773998e+00,2.069664e+00,2.306197e+00,2.542730e+00,2.247064e+00,2.247064e+00,2.660997e+00,2.601864e+00,3.311463e+00,3.607129e+00,3.784529e+00,2.956663e+00,3.074930e+00,3.784529e+00,3.725396e+00,4.021062e+00,3.607129e+00,3.784529e+00,4.257595e+00,2.601864e+00,3.725396e+00,4.612395e+00,4.730661e+00,3.666262e+00,4.848928e+00,5.381127e+00,4.730661e+00,4.375862e+00,6.504659e+00,5.026327e+00,6.563792e+00,7.214258e+00,6.327259e+00,7.095992e+00,7.095992e+00,7.450791e+00,7.864724e+00,7.923857e+00,7.864724e+00,7.569058e+00,7.687324e+00,8.515190e+00,6.682059e+00,8.219524e+00,9.461322e+00,1.052572e+01,9.283922e+00,9.993522e+00,9.579589e+00,9.283922e+00,9.402189e+00,1.105792e+01,1.034832e+01,1.070312e+01,1.111705e+01,1.229972e+01,1.300932e+01,1.318672e+01,1.365978e+01,1.218145e+01,1.170839e+01,1.401458e+01,1.484245e+01,1.300932e+01,1.360065e+01,1.324585e+01,1.324585e+01,1.590685e+01,1.549292e+01,1.608425e+01,1.513812e+01,1.466505e+01,1.277279e+01,1.620251e+01,1.561118e+01,1.460592e+01,1.490158e+01,1.614338e+01,1.442852e+01,1.324585e+01,1.460592e+01,1.407372e+01,1.478332e+01,1.590685e+01,1.478332e+01,1.295018e+01,1.401458e+01,1.354152e+01,1.235885e+01,1.105792e+01,1.348238e+01,1.188579e+01,1.123532e+01,1.141272e+01,1.076225e+01,1.017092e+01,1.005265e+01,1.099879e+01,1.028919e+01,9.934388e+00,9.934388e+00,8.692590e+00,7.982991e+00,8.456057e+00,6.800325e+00,6.504659e+00,6.682059e+00,6.918592e+00,6.327259e+00,5.085461e+00,4.080195e+00,5.617660e+00,3.902795e+00,3.961929e+00,4.198462e+00,4.316728e+00,3.666262e+00,2.956663e+00,3.252330e+00,3.311463e+00,3.252330e+00,2.069664e+00,1.892264e+00,2.542730e+00,1.833131e+00,1.951398e+00,1.951398e+00,1.951398e+00,1.773998e+00,1.419198e+00,1.655731e+00,1.655731e+00,8.869990e-01,7.687324e-01,1.005265e+00,1.064399e+00,1.241799e+00,1.241799e+00,1.123532e+00,9.461322e-01,6.504659e-01,4.730661e-01,7.095992e-01,1.005265e+00,9.461322e-01,4.730661e-01,8.869990e-01,7.687324e-01,5.321994e-01,5.913326e-01,5.321994e-01,3.547996e-01,7.687324e-01,3.547996e-01,6.504659e-01,8.278657e-01,5.321994e-01,5.913326e-01,5.913326e-01,6.504659e-01,4.730661e-01,4.139328e-01,5.321994e-01,2.956663e-01,7.095992e-01,4.730661e-01,2.365331e-01,2.365331e-01,4.730661e-01,6.504659e-01,7.095992e-01,5.321994e-01,5.913326e-01,5.321994e-01,4.730661e-01,5.321994e-01,5.913326e-01,5.321994e-01,1.773998e-01,4.139328e-01,5.321994e-01,8.869990e-01,3.547996e-01,2.365331e-01,5.913326e-01,4.139328e-01,7.687324e-01,5.913326e-01,2.956663e-01,2.956663e-01
8.278657e-01,5.321994e-01,8.278657e-01,4.139328e-01,5.321994e-01,3.547996e-01,5.913326e-01,4.730661e-01,4.139328e-01,3.547996e-01,5.913326e-02,8.869990e-01,4.139328e-01,2.365331e-01,4.139328e-01,4.730661e-01,2.956663e-01,4.139328e-01,4.730661e-01,2.956663e-01,7.095992e-01,4.730661e-01,6.504659e-01,7.687324e-01,5.321994e-01,5.321994e-01,5.321994e-01,6.504659e-01,2.365331e-01,5.321994e-01,5.321994e-01,5.321994e-01,8.278657e-01,5.321994e-01,1.773998e-01,7.095992e-01,7.095992e-01,3.547996e-01,5.321994e-01,4.730661e-01,5.321994e-01,5.321994e-01,8.278657e-01,6.504659e-01,4.139328e-01,9.461322e-01,6.504659e-01,1.123532e+00,6.504659e-01,7.687324e-01,7.095992e-01,6.504659e-01,5.321994e-01,6.504659e-01,1.182665e+00,5.913326e-01,1.360065e+00,1.064399e+00,1.123532e+00,1.241799e+00,1.419198e+00,1.123532e+00,8.278657e-01,8.869990e-01,9.461322e-01,1.360065e+00,1.360065e+00,1.064399e+00,8.869990e-01,1.182665e+00,1.241799e+00,1.537465e+00,1.300932e+00,1.419198e+00,1.005265e+00,7.095992e-01,1.182665e+00,1.300932e+00,1.773998e+00,1.419198e+00,1.478332e+00,1.360065e+00,1.300932e+00,1.714865e+00,2.660997e+00,1.360065e+00,1.537465e+00,2.306197e+00,1.773998e+00,1.596598e+00,2.128798e+00,2.069664e+00,1.773998e+00,2.483597e+00,2.128798e+00,2.838397e+00,2.838397e+00,2.838397e+00,3.015796e+00,2.010531e+00,3.134063e+00,2.542730e+00,3.547996e+00,3.311463e+00,3.252330e+00,4.612395e+00,4.198462e+00,2.956663e+00,3.666262e+00,3.902795e+00,4.612395e+00,3.843662e+00,4.494128e+00,4.139328e+00,5.676793e+00,5.026327e+00,4.730661e+00,4.908061e+00,5.676793e+00,5.026327e+00,5.499394e+00,5.558527e+00,5.676793e+00,5.913326e+00,6.800325e+00,6.800325e+00,7.569058e+00,7.450791e+00,7.805591e+00,5.913326e+00,7.155125e+00,6.977725e+00,8.633457e+00,1.011179e+01,7.805591e+00,8.929123e+00,9.934388e+00,1.088052e+01,1.028919e+01,8.869990e+00,1.046659e+01,1.028919e+01,9.993522e+00,1.082139e+01,1.188579e+01,1.235885e+01,1.135359e+01,1.229972e+01,1.170839e+01,1.235885e+01,1.289105e+01,1.336412e+01,1.442852e+01,1.324585e+01,1.300932e+01,1.300932e+01,1.401458e+01,1.330498e+01,1.484245e+01,1.419198e+01,1.543378e+01,1.673471e+01,1.395545e+01,1.472418e+01,1.531552e+01,1.519725e+01,1.756258e+01,1.620251e+01,1.543378e+01,1.667558e+01,1.519725e+01,1.383718e+01,1.460592e+01,1.466505e+01,1.490158e+01,1.360065e+01,1.537465e+01,1.419198e+01,1.413285e+01,1.312758e+01,1.419198e+01,9.520455e+00,1.348238e+01,1.401458e+01,1.229972e+01,1.212232e+01,9.756989e+00,1.058485e+01,9.224789e+00,8.633457e+00,9.520455e+00,7.273391e+00,7.923857e+00,7.687324e+00,8.456057e+00,5.972460e+00,7.332525e+00,6.386393e+00,5.735927e+00,5.499394e+00,4.848928e+00,4.671528e+00,5.026327e+00,5.026327e+00,4.257595e+00,4.553261e+00,4.671528e+00,3.547996e+00,3.370596e+00,2.956663e+00,3.074930e+00,3.370596e+00,2.956663e+00,2.424464e+00,1.833131e+00,1.773998e+00,1.773998e+00,1.596598e+00,1.537465e+00,1.300932e+00,1.241799e+00,1.419198e+00,2.010531e+00,1.182665e+00,8.278657e-01,1.360065e+00,1.123532e+00,1.123532e+00,8.869990e-01,1.005265e+00,9.461322e-01,8.278657e-01,5.321994e-01,7.095992e-01,8.278657e-01,4.730661e-01,1.005265e+00,6.504659e-01,7.095992e-01,1.064399e+00,9.461322e-01,7.095992e-01,6.504659e-01,5.913326e-01,2.956663e-01,5.913326e-01,4.730661e-01,6.504659e-01,4.730661e-01,1.182665e-01,3.547996e-01,4.730661e-01,2.365331e-01,3.547996e-01,4.730661e-01,4.730661e-01,4.139328e-01,3.547996e-01,2.956663e-01,3.547996e-01,1.773998e-01,3.547996e-01,7.095992e-01,6.504659e-01,5.321994e-01,3.547996e-01,8.869990e-01,7.687324e-01,5.321994e-01,2.956663e-01,3.547996e-01,7.095992e-01,5.321994e-01,9.461322e-01,4.730661e-01,7.095992e-01,4.730661e-01,5.321994e-01,4.730661e-01,4.139328e-01
2.365331e-01,4.139328e-01,2.956663e-01,5.913326e-01,4.730661e-01,7.687324e-01,2.365331e-01,3.547996e-01,4.139328e-01,2.365331e-01,3.547996e-01,7.095992e-01,5.321994e-01,4.139328e-01,3.547996e-01,7.095992e-01,4.730661e-01,2.956663e-01,5.913326e-01,2.365331e-01,5.321994e-01,5.913326e-01,5.321994e-01,4.139328e-01,7.095992e-01,6.504659e-01,4.139328e-01,5.321994e-01,2.365331e-01,7.095992e-01,5.321994e-01,5.913326e-01,7.687324e-01,4.730661e-01,4.139328e-01,3.547996e-01,4.730661e-01,2.956663e-01,3.547996e-01,2.956663e-01,1.064399e+00,4.139328e-01,4.139328e-01,1.064399e+00,2.365331e-01,8.869990e-01,5.321994e-01,8.278657e-01,8.278657e-01,7.095992e-01,8.278657e-01,3.547996e-01,7.687324e-01,4.730661e-01,5.913326e-01,7.095992e-01,7.687324e-01,7.095992e-01,5.913326e-01,5.913326e-01,7.095992e-01,7.687324e-01,4.730661e-01,2.956663e-01,1.241799e+00,5.321994e-01,8.869990e-01,9.461322e-01,1.005265e+00,1.005265e+00,7.095992e-01,1.064399e+00,1.537465e+00,8.278657e-01,9.461322e-01,9.461322e-01,1.241799e+00,1.300932e+00,1.005265e+00,1.241799e+00,1.300932e+00,1.596598e+00,1.478332e+00,1.360065e+00,1.241799e+00,1.537465e+00,1.123532e+00,1.892264e+00,1.537465e+00,1.360065e+00,1.123532e+00,1.892264e+00,1.537465e+00,1.833131e+00,1.714865e+00,1.537465e+00,2.187931e+00,2.306197e+00,2.306197e+00,2.247064e+00,2.306197e+00,3.015796e+00,2.424464e+00,2.424464e+00,2.424464e+00,2.306197e+00,3.547996e+00,3.725396e+00,3.015796e+00,3.134063e+00,3.488863e+00,4.021062e+00,3.666262e+00,3.961929e+00,3.725396e+00,3.311463e+00,4.553261e+00,4.494128e+00,4.671528e+00,5.381127e+00,5.913326e+00,5.735927e+00,4.612395e+00,5.972460e+00,5.499394e+00,5.676793e+00,7.273391e+00,6.149859e+00,6.918592e+00,6.918592e+00,7.687324e+00,8.337790e+00,7.982991e+00,8.633457e+00,7.864724e+00,8.515190e+00,8.278657e+00,9.520455e+00,1.052572e+01,8.810856e+00,9.816122e+00,1.105792e+01,1.088052e+01,1.123532e+01,1.235885e+01,1.105792e+01,1.212232e+01,1.176752e+01,1.336412e+01,1.164925e+01,1.454678e+01,1.312758e+01,1.354152e+01,1.383718e+01,1.454678e+01,1.661645e+01,1.289105e+01,1.614338e+01,1.567031e+01,1.578858e+01,1.567031e+01,1.620251e+01,1.549292e+01,1.561118e+01,1.703038e+01,1.537465e+01,1.525638e+01,1.561118e+01,1.679385e+01,1.632078e+01,1.525638e+01,1.744431e+01,1.773998e+01,1.649818e+01,1.537465e+01,1.578858e+01,1.567031e+01,1.632078e+01,1.342325e+01,1.300932e+01,1.318672e+01,1.425112e+01,1.164925e+01,1.277279e+01,1.218145e+01,1.188579e+01,1.212232e+01,1.170839e+01,1.194492e+01,1.099879e+01,8.574323e+00,1.058485e+01,9.343056e+00,8.633457e+00,8.337790e+00,8.396923e+00,7.036858e+00,6.504659e+00,5.972460e+00,5.617660e+00,6.208993e+00,4.494128e+00,5.972460e+00,4.612395e+00,5.203727e+00,4.494128e+00,3.547996e+00,3.193196e+00,3.193196e+00,3.311463e+00,2.720130e+00,2.306197e+00,2.306197e+00,2.128798e+00,2.306197e+00,2.069664e+00,1.773998e+00,2.010531e+00,1.596598e+00,1.714865e+00,1.892264e+00,1.892264e+00,1.478332e+00,1.419198e+00,1.478332e+00,8.869990e-01,9.461322e-01,5.321994e-01,1.419198e+00,7.095992e-01,7.687324e-01,8.278657e-01,5.321994e-01,8.278657e-01,4.730661e-01,7.687324e-01,8.869990e-01,6.504659e-01,9.461322e-01,5.321994e-01,6.504659e-01,6.504659e-01,2.956663e-01,8.278657e-01,4.139328e-01,7.095992e-01,4.139328e-01,3.547996e-01,4.139328e-01,4.139328e-01,4.730661e-01,4.730661e-01,4.139328e-01,2.365331e-01,5.913326e-01,7.095992e-01,4.730661e-01,8.278657e-01,5.321994e-01,3.547996e-01,6.504659e-01,3.547996e-01,2.956663e-01,4.139328e-01,4.730661e-01,7.095992e-01,2.365331e-01,5.913326e-01,7.095992e-01,6.504659e-01,1.182665e-01,5.321994e-01,8.869990e-01,6.504659e-01,2.956663e-01,6.504659e-01,5.321994e-01,7.095992e-01,4.139328e-01,3.547996e-01
5.913326e-01,5.321994e-01,4.730661e-01,5.913326e-01,7.095992e-01,1.064399e+00,3.547996e-01,4.730661e-01,5.321994e-01,1.773998e-01,5.321994e-01,5.913326e-01,2.956663e-01,1.182665e-01,3.547996e-01,1.182665e-01,5.913326e-01,7.095992e-01,2.956663e-01,3.547996e-01,4.730661e-01,4.139328e-01,2.365331e-01,4.139328e-01,2.365331e-01,4.139328e-01,6.504659e-01,4.730661e-01,8.869990e-01,4.730661e-01,4.139328e-01,5.321994e-01,5.913326e-01,4.139328e-01,7.095992e-01,5.913326e-01,7.095992e-01,5.321994e-01,3.547996e-01,4.730661e-01,6.504659e-01,3.547996e-01,2.956663e-01,5.321994e-01,2.956663e-01,6.504659e-01,4.730661e-01,7.095992e-01,8.278657e-01,4.139328e-01,5.321994e-01,8.278657e-01,6.504659e-01,4.139328e-01,7.687324e-01,5.913326e-01,8.278657e-01,6.504659e-01,6.504659e-01,2.956663e-01,5.913326e-01,9.461322e-01,5.321994e-01,8.278657e-01,7.095992e-01,5.321994e-01,7.687324e-01,5.913326e-01,4.730661e-01,6.504659e-01,8.869990e-01,8.278657e-01,2.956663e-01,6.504659e-01,1.182665e+00,1.123532e+00,7.095992e-01,6.504659e-01,5.913326e-01,1.419198e+00,1.182665e+00,1.360065e+00,1.064399e+00,1.005265e+00,1.300932e+00,1.123532e+00,1.182665e+00,1.360065e+00,1.241799e+00,9.461322e-01,1.478332e+00,1.951398e+00,1.478332e+00,1.773998e+00,1.537465e+00,1.537465e+00,1.714865e+00,1.951398e+00,1.241799e+00,1.951398e+00,1.714865e+00,2.187931e+00,2.424464e+00,2.128798e+00,2.128798e+00,2.010531e+00,2.542730e+00,2.779263e+00,2.542730e+00,3.193196e+00,3.015796e+00,3.488863e+00,3.961929e+00,3.370596e+00,3.547996e+00,3.488863e+00,3.666262e+00,3.666262e+00,4.848928e+00,4.967194e+00,4.198462e+00,4.612395e+00,4.494128e+00,5.144594e+00,6.445526e+00,4.848928e+00,5.499394e+00,4.967194e+00,7.155125e+00,7.155125e+00,7.628191e+00,7.332525e+00,6.977725e+00,7.155125e+00,7.746458e+00,8.515190e+00,8.101257e+00,7.982991e+00,9.993522e+00,1.017092e+01,1.099879e+01,1.176752e+01,1.117619e+01,1.105792e+01,1.212232e+01,1.153099e+01,1.159012e+01,1.247712e+01,1.182665e+01,1.188579e+01,1.212232e+01,1.283192e+01,1.348238e+01,1.436938e+01,1.478332e+01,1.229972e+01,1.490158e+01,1.413285e+01,1.620251e+01,1.791738e+01,1.732605e+01,1.590685e+01,1.708951e+01,1.768085e+01,1.708951e+01,1.685298e+01,1.744431e+01,1.614338e+01,1.720778e+01,1.637991e+01,1.667558e+01,1.667558e+01,1.732605e+01,1.927744e+01,1.726691e+01,1.714865e+01,1.614338e+01,1.643905e+01,1.501985e+01,1.484245e+01,1.507898e+01,1.496072e+01,1.407372e+01,1.324585e+01,1.354152e+01,1.247712e+01,1.265452e+01,1.093965e+01,1.141272e+01,1.028919e+01,9.756989e+00,9.520455e+00,9.461322e+00,9.402189e+00,8.574323e+00,7.805591e+00,7.095992e+00,7.095992e+00,6.386393e+00,7.155125e+00,6.741192e+00,5.795060e+00,5.440260e+00,5.854193e+00,5.440260e+00,4.553261e+00,3.961929e+00,4.139328e+00,4.080195e+00,3.961929e+00,3.666262e+00,2.306197e+00,2.720130e+00,3.134063e+00,2.306197e+00,1.773998e+00,2.542730e+00,2.542730e+00,1.537465e+00,1.714865e+00,1.241799e+00,1.537465e+00,1.300932e+00,1.182665e+00,1.064399e+00,1.123532e+00,1.300932e+00,6.504659e-01,8.869990e-01,1.123532e+00,4.730661e-01,1.005265e+00,1.005265e+00,9.461322e-01,7.687324e-01,5.913326e-01,6.504659e-01,4.730661e-01,3.547996e-01,3.547996e-01,5.321994e-01,7.687324e-01,5.913326e-01,3.547996e-01,1.360065e+00,1.005265e+00,4.730661e-01,5.913326e-01,4.139328e-01,5.321994e-01,7.095992e-01,7.687324e-01,2.956663e-01,5.913326e-01,7.095992e-01,6.504659e-01,5.913326e-01,7.095992e-01,7.687324e-01,4.139328e-01,3.547996e-01,4.139328e-01,5.321994e-01,4.730661e-01,4.730661e-01,6.504659e-01,2.956663e-01,7.687324e-01,5.321994e-01,5.913326e-01,5.321994e-01,6.504659e-01,6.504659e-01,8.278657e-01,2.956663e-01,5.321994e-01,5.913326e-01,3.547996e-01,5.321994e-01,7.095992e-01
3.547996e-01,4.139328e-01,5.321994e-01,2.365331e-01,4.139328e-01,1.182665e-01,3.547996e-01,6.504659e-01,2.365331e-01,5.913326e-01,3.547996e-01,8.278657e-01,4.730661e-01,5.913326e-01,3.547996e-01,3.547996e-01,7.095992e-01,5.321994e-01,7.095992e-01,5.913326e-01,5.913326e-01,2.956663e-01,6.504659e-01,2.956663e-01,7.095992e-01,2.956663e-01,7.095992e-01,9.461322e-01,6.504659e-01,4.730661e-01,7.095992e-01,7.095992e-01,2.956663e-01,7.095992e-01,7.687324e-01,6.504659e-01,5.321994e-01,5.321994e-01,7.095992e-01,2.365331e-01,4.730661e-01,2.956663e-01,7.095992e-01,6.504659e-01,5.913326e-01,4.730661e-01,2.365331e-01,4.730661e-01,4.139328e-01,7.687324e-01,2.956663e-01,4.139328e-01,4.139328e-01,4.139328e-01,5.913326e-01,2.365331e-01,1.773998e-01,1.005265e+00,7.095992e-01,8.869990e-01,7.095992e-01,7.687324e-01,5.321994e-01,6.504659e-01,6.504659e-01,5.913326e-01,6.504659e-01,5.913326e-01,7.095992e-01,2.365331e-01,7.095992e-01,3.547996e-01,7.687324e-01,5.913326e-01,7.687324e-01,4.139328e-01,9.461322e-01,7.687324e-01,1.064399e+00,5.321994e-01,7.095992e-01,7.095992e-01,8.869990e-01,7.687324e-01,3.547996e-01,1.064399e+00,1.300932e+00,1.123532e+00,1.064399e+00,6.504659e-01,1.300932e+00,1.005265e+00,1.300932e+00,1.478332e+00,1.833131e+00,7.687324e-01,1.123532e+00,1.478332e+00,8.869990e-01,1.241799e+00,1.655731e+00,1.300932e+00,1.773998e+00,1.596598e+00,2.069664e+00,1.833131e+00,1.833131e+00,1.951398e+00,2.010531e+00,2.424464e+00,2.601864e+00,2.247064e+00,2.424464e+00,2.897530e+00,3.370596e+00,2.838397e+00,3.429729e+00,3.666262e+00,3.547996e+00,3.311463e+00,4.139328e+00,3.784529e+00,5.085461e+00,5.795060e+00,5.144594e+00,4.730661e+00,4.789794e+00,4.967194e+00,5.026327e+00,5.026327e+00,4.967194e+00,6.445526e+00,6.918592e+00,6.741192e+00,8.160390e+00,8.396923e+00,7.628191e+00,8.160390e+00,1.023005e+01,8.101257e+00,1.017092e+01,1.076225e+01,1.064399e+01,1.064399e+01,1.111705e+01,1.247712e+01,1.188579e+01,1.176752e+01,1.164925e+01,1.330498e+01,1.289105e+01,1.537465e+01,1.330498e+01,1.549292e+01,1.531552e+01,1.478332e+01,1.732605e+01,1.466505e+01,1.472418e+01,1.614338e+01,1.738518e+01,1.632078e+01,1.685298e+01,1.862698e+01,1.898178e+01,1.708951e+01,1.862698e+01,1.685298e+01,1.726691e+01,1.762171e+01,1.762171e+01,1.708951e+01,1.868611e+01,1.797651e+01,1.738518e+01,1.720778e+01,1.531552e+01,1.637991e+01,1.584771e+01,1.697125e+01,1.490158e+01,1.590685e+01,1.454678e+01,1.501985e+01,1.383718e+01,1.431025e+01,1.259539e+01,1.188579e+01,1.389632e+01,1.141272e+01,1.011179e+01,9.875255e+00,1.206319e+01,1.046659e+01,8.869990e+00,9.520455e+00,8.515190e+00,8.042124e+00,6.859459e+00,6.268126e+00,5.972460e+00,6.977725e+00,6.327259e+00,5.795060e+00,5.617660e+00,4.257595e+00,4.494128e+00,4.316728e+00,4.612395e+00,3.074930e+00,3.725396e+00,3.370596e+00,2.956663e+00,2.838397e+00,2.542730e+00,2.365331e+00,1.951398e+00,2.069664e+00,1.300932e+00,1.655731e+00,1.123532e+00,1.360065e+00,1.537465e+00,1.537465e+00,1.478332e+00,1.478332e+00,1.655731e+00,1.360065e+00,1.300932e+00,9.461322e-01,8.278657e-01,6.504659e-01,8.278657e-01,6.504659e-01,6.504659e-01,7.687324e-01,7.095992e-01,7.687324e-01,9.461322e-01,5.321994e-01,4.139328e-01,6.504659e-01,2.956663e-01,7.095992e-01,7.095992e-01,5.913326e-01,4.139328e-01,4.730661e-01,4.730661e-01,4.139328e-01,3.547996e-01,3.547996e-01,1.064399e+00,5.913326e-01,7.687324e-01,2.365331e-01,4.730661e-01,4.730661e-01,5.913326e-01,4.139328e-01,7.095992e-01,4.730661e-01,7.095992e-01,5.913326e-01,3.547996e-01,2.956663e-01,5.321994e-01,6.504659e-01,2.956663e-01,5.321994e-01,4.730661e-01,4.139328e-01,1.182665e-01,5.321994e-01,7.687324e-01,5.321994e-01,4.139328e-01,5.321994e-01,7.095992e-01,4.730661e-01
5.321994e-01,3.547996e-01,7.687324e-01,4.730661e-01,3.547996e-01,3.547996e-01,3.547996e-01,5.321994e-01,5.321994e-01,5.913326e-01,3.547996e-01,3.547996e-01,3.547996e-01,7.687324e-01,5.913326e-01,7.095992e-01,7.687324e-01,5.321994e-01,6.504659e-01,5.321994e-01,3.547996e-01,4.139328e-01,4.730661e-01,5.913326e-01,5.321994e-01,4.139328e-01,4.730661e-01,7.095992e-01,4.139328e-01,5.321994e-01,6.504659e-01,5.913326e-01,4.139328e-01,6.504659e-01,7.687324e-01,3.547996e-01,6.504659e-01,3.547996e-01,5.321994e-01,4.139328e-01,5.913326e-01,1.182665e-01,8.278657e-01,6.504659e-01,2.956663e-01,5.321994e-01,5.321994e-01,5.321994e-01,4.139328e-01,3.547996e-01,4.139328e-01,4.139328e-01,7.095992e-01,2.956663e-01,5.321994e-01,4.139328e-01,4.730661e-01,4.730661e-01,3.547996e-01,5.321994e-01,6.504659e-01,4.730661e-01,5.321994e-01,8.278657e-01,3.547996e-01,7.095992e-01,4.730661e-01,3.547996e-01,3.547996e-01,2.365331e-01,3.547996e-01,4.139328e-01,5.913326e-01,3.547996e-01,3.547996e-01,3.547996e-01,8.278657e-01,5.913326e-01,7.687324e-01,4.730661e-01,7.095992e-01,6.504659e-01,8.869990e-01,8.278657e-01,8.869990e-01,7.095992e-01,4.139328e-01,9.461322e-01,6.504659e-01,1.123532e+00,6.504659e-01,1.064399e+00,8.869990e-01,8.278657e-01,8.278657e-01,8.278657e-01,8.869990e-01,1.005265e+00,1.005265e+00,8.278657e-01,1.123532e+00,1.419198e+00,1.182665e+00,2.010531e+00,1.596598e+00,1.655731e+00,1.360065e+00,1.537465e+00,1.360065e+00,1.419198e+00,1.537465e+00,1.655731e+00,2.128798e+00,2.365331e+00,2.660997e+00,2.897530e+00,2.660997e+00,3.370596e+00,3.429729e+00,2.306197e+00,2.779263e+00,2.956663e+00,3.134063e+00,3.725396e+00,3.784529e+00,3.666262e+00,4.671528e+00,5.085461e+00,4.848928e+00,5.203727e+00,6.386393e+00,5.026327e+00,7.036858e+00,7.687324e+00,6.149859e+00,6.800325e+00,6.741192e+00,7.864724e+00,8.574323e+00,8.042124e+00,9.934388e+00,9.165656e+00,1.058485e+01,9.638722e+00,1.082139e+01,1.093965e+01,1.188579e+01,1.123532e+01,1.206319e+01,1.425112e+01,1.454678e+01,1.442852e+01,1.389632e+01,1.324585e+01,1.602511e+01,1.348238e+01,1.407372e+01,1.513812e+01,1.614338e+01,1.649818e+01,1.750345e+01,1.732605e+01,1.637991e+01,1.785825e+01,1.850871e+01,1.927744e+01,1.773998e+01,1.910004e+01,1.762171e+01,1.779911e+01,1.862698e+01,1.892264e+01,1.779911e+01,1.910004e+01,1.661645e+01,1.927744e+01,1.868611e+01,1.980964e+01,1.661645e+01,1.732605e+01,1.679385e+01,1.371892e+01,1.460592e+01,1.626165e+01,1.472418e+01,1.549292e+01,1.229972e+01,1.224059e+01,1.247712e+01,1.046659e+01,1.182665e+01,1.229972e+01,1.129445e+01,8.574323e+00,1.058485e+01,9.756989e+00,9.579589e+00,9.461322e+00,9.343056e+00,8.633457e+00,6.859459e+00,6.208993e+00,6.327259e+00,5.676793e+00,5.854193e+00,5.558527e+00,5.144594e+00,4.553261e+00,3.370596e+00,3.666262e+00,4.198462e+00,2.897530e+00,2.720130e+00,2.247064e+00,2.720130e+00,2.247064e+00,3.252330e+00,2.128798e+00,2.483597e+00,1.537465e+00,1.892264e+00,1.892264e+00,1.892264e+00,1.419198e+00,9.461322e-01,1.714865e+00,1.005265e+00,1.300932e+00,8.869990e-01,7.687324e-01,6.504659e-01,1.241799e+00,8.869990e-01,1.123532e+00,9.461322e-01,3.547996e-01,4.139328e-01,3.547996e-01,6.504659e-01,7.095992e-01,5.321994e-01,5.321994e-01,4.730661e-01,9.461322e-01,7.687324e-01,5.321994e-01,8.278657e-01,7.095992e-01,6.504659e-01,6.504659e-01,7.687324e-01,5.913326e-01,4.730661e-01,2.956663e-01,7.687324e-01,3.547996e-01,7.095992e-01,6.504659e-01,8.278657e-01,7.095992e-01,6.504659e-01,1.773998e-01,4.730661e-01,2.365331e-01,2.956663e-01,6.504659e-01,7.687324e-01,4.730661e-01,1.005265e+00,3.547996e-01,2.365331e-01,5.913326e-02,5.913326e-01,7.095992e-01,4.730661e-01,4.139328e-01,6.504659e-01,5.321994e-01,4.139328e-01,4.139328e-01
3.547996e-01,5.913326e-01,7.095992e-01,5.321994e-01,5.913326e-01,5.913326e-01,5.913326e-01,2.365331e-01,4.730661e-01,6.504659e-01,4.139328e-01,4.139328e-01,7.687324e-01,2.365331e-01,4.730661e-01,4.730661e-01,4.139328e-01,3.547996e-01,3.547996e-01,4.139328e-01,3.547996e-01,5.913326e-01,2.365331e-01,4.139328e-01,8.278657e-01,2.956663e-01,4.730661e-01,5.913326e-01,4.730661e-01,4.730661e-01,7.095992e-01,2.956663e-01,2.365331e-01,1.773998e-01,5.321994e-01,2.956663e-01,5.321994e-01,8.278657e-01,5.913326e-01,7.095992e-01,7.095992e-01,4.139328e-01,2.365331e-01,2.365331e-01,5.321994e-01,3.547996e-01,7.687324e-01,7.687324e-01,4.139328e-01,6.504659e-01,2.956663e-01,5.913326e-01,4.730661e-01,4.730661e-01,7.095992e-01,2.365331e-01,3.547996e-01,5.321994e-01,4.730661e-01,4.730661e-01,4.139328e-01,9.461322e-01,4.730661e-01,3.547996e-01,5.913326e-01,7.687324e-01,3.547996e-01,4.730661e-01,3.547996e-01,3.547996e-01,5.321994e-01,7.095992e-01,7.095992e-01,4.139328e-01,5.321994e-01,4.139328e-01,7.687324e-01,5.321994e-01,7.687324e-01,8.869990e-01,7.687324e-01,4.730661e-01,7.687324e-01,7.095992e-01,5.321994e-01,7.095992e-01,5.321994e-01,4.139328e-01,4.730661e-01,6.504659e-01,7.095992e-01,7.687324e-01,5.913326e-01,6.504659e-01,9.461322e-01,8.278657e-01,6.504659e-01,9.461322e-01,7.095992e-01,5.913326e-01,1.005265e+00,1.123532e+00,5.913326e-01,1.123532e+00,8.869990e-01,1.714865e+00,1.182665e+00,1.360065e+00,1.123532e+00,1.655731e+00,2.069664e+00,1.892264e+00,1.300932e+00,2.128798e+00,1.892264e+00,2.128798e+00,1.951398e+00,2.897530e+00,2.187931e+00,2.365331e+00,2.720130e+00,2.128798e+00,3.370596e+00,3.666262e+00,2.601864e+00,3.961929e+00,3.843662e+00,3.961929e+00,4.139328e+00,4.494128e+00,4.494128e+00,5.321994e+00,5.735927e+00,5.440260e+00,5.085461e+00,5.558527e+00,6.504659e+00,6.918592e+00,7.450791e+00,7.746458e+00,7.332525e+00,8.337790e+00,1.005265e+01,1.011179e+01,1.135359e+01,9.579589e+00,1.212232e+01,1.188579e+01,1.188579e+01,1.300932e+01,1.253625e+01,1.401458e+01,1.519725e+01,1.431025e+01,1.419198e+01,1.507898e+01,1.756258e+01,1.691211e+01,1.697125e+01,1.643905e+01,1.773998e+01,1.732605e+01,1.768085e+01,1.773998e+01,1.910004e+01,1.773998e+01,1.921831e+01,1.945484e+01,2.004618e+01,2.087404e+01,1.750345e+01,1.945484e+01,1.945484e+01,1.697125e+01,1.661645e+01,1.744431e+01,1.880438e+01,1.762171e+01,1.768085e+01,1.839045e+01,1.744431e+01,1.750345e+01,1.643905e+01,1.679385e+01,1.484245e+01,1.507898e+01,1.519725e+01,1.395545e+01,1.336412e+01,1.360065e+01,1.271365e+01,1.135359e+01,1.271365e+01,1.034832e+01,1.076225e+01,1.058485e+01,9.283922e+00,8.219524e+00,8.101257e+00,7.687324e+00,8.160390e+00,7.805591e+00,6.327259e+00,6.090726e+00,5.795060e+00,6.268126e+00,5.085461e+00,5.913326e+00,4.789794e+00,3.902795e+00,4.021062e+00,4.021062e+00,3.311463e+00,3.252330e+00,2.720130e+00,2.187931e+00,2.424464e+00,2.010531e+00,2.247064e+00,2.542730e+00,1.714865e+00,1.833131e+00,1.833131e+00,1.182665e+00,1.537465e+00,1.537465e+00,7.687324e-01,1.064399e+00,1.123532e+00,1.064399e+00,9.461322e-01,1.123532e+00,4.730661e-01,4.730661e-01,8.869990e-01,9.461322e-01,5.321994e-01,5.913326e-01,6.504659e-01,6.504659e-01,6.504659e-01,5.913326e-01,4.139328e-01,5.321994e-01,5.913326e-01,5.321994e-01,3.547996e-01,6.504659e-01,5.321994e-01,5.913326e-01,6.504659e-01,7.687324e-01,2.956663e-01,4.730661e-01,2.956663e-01,4.139328e-01,2.956663e-01,3.547996e-01,2.365331e-01,1.773998e-01,4.139328e-01,3.547996e-01,7.687324e-01,6.504659e-01,4.139328e-01,1.773998e-01,8.869990e-01,4.730661e-01,4.139328e-01,5.321994e-01,5.913326e-01,7.095992e-01,5.321994e-01,5.321994e-01,2.956663e-01,6.504659e-01,5.321994e-01,7.095992e-01,4.139328e-01,7.095992e-01
4.139328e-01,4.139328e-01,7.687324e-01,5.913326e-01,4.139328e-01,4.139328e-01,8.278657e-01,5.913326e-01,2.956663e-01,7.687324e-01,5.913326e-01,4.730661e-01,9.461322e-01,7.095992e-01,5.321994e-01,6.504659e-01,2.956663e-01,4.730661e-01,6.504659e-01,5.913326e-01,2.956663e-01,1.182665e-01,4.730661e-01,4.730661e-01,4.139328e-01,5.321994e-01,2.365331e-01,5.321994e-01,4.730661e-01,5.321994e-01,2.956663e-01,1.773998e-01,4.730661e-01,3.547996e-01,4.139328e-01,7.687324e-01,2.956663e-01,3.547996e-01,1.773998e-01,5.321994e-01,1.773998e-01,2.365331e-01,8.278657e-01,6.504659e-01,5.321994e-01,8.869990e-01,4.730661e-01,4.730661e-01,6.504659e-01,4.139328e-01,4.730661e-01,4.139328e-01,5.321994e-01,1.773998e-01,4.139328e-01,4.730661e-01,7.095992e-01,4.730661e-01,5.913326e-01,5.321994e-01,6.504659e-01,4.730661e-01,5.321994e-01,4.139328e-01,7.095992e-01,5.913326e-01,5.321994e-01,6.504659e-01,5.913326e-01,7.095992e-01,3.547996e-01,5.321994e-01,4.730661e-01,2.365331e-01,4.730661e-01,6.504659e-01,6.504659e-01,4.730661e-01,5.913326e-01,5.913326e-01,6.504659e-01,5.321994e-01,7.687324e-01,5.913326e-01,5.321994e-01,6.504659e-01,5.913326e-01,4.139328e-01,7.687324e-01,3.547996e-01,4.730661e-01,1.182665e-01,5.321994e-01,1.064399e+00,8.278657e-01,7.095992e-01,7.687324e-01,5.321994e-01,7.687324e-01,1.005265e+00,9.461322e-01,8.869990e-01,6.504659e-01,4.139328e-01,1.005265e+00,1.537465e+00,1.005265e+00,1.300932e+00,1.300932e+00,1.064399e+00,6.504659e-01,1.478332e+00,1.773998e+00,8.278657e-01,1.241799e+00,1.005265e+00,1.478332e+00,1.419198e+00,2.306197e+00,2.247064e+00,1.892264e+00,2.660997e+00,3.074930e+00,2.779263e+00,3.074930e+00,3.015796e+00,2.720130e+00,2.956663e+00,4.789794e+00,3.488863e+00,3.784529e+00,4.612395e+00,4.671528e+00,5.676793e+00,5.499394e+00,4.967194e+00,7.391658e+00,6.090726e+00,6.918592e+00,6.977725e+00,7.450791e+00,8.810856e+00,9.402189e+00,8.810856e+00,9.934388e+00,1.123532e+01,9.402189e+00,1.034832e+01,1.052572e+01,1.159012e+01,1.070312e+01,1.229972e+01,1.253625e+01,1.419198e+01,1.259539e+01,1.472418e+01,1.472418e+01,1.567031e+01,1.507898e+01,1.649818e+01,1.637991e+01,1.768085e+01,1.732605e+01,1.596598e+01,1.850871e+01,1.868611e+01,2.040098e+01,1.844958e+01,1.939571e+01,1.791738e+01,1.821305e+01,1.708951e+01,1.915918e+01,2.081491e+01,1.998704e+01,1.998704e+01,1.797651e+01,1.738518e+01,1.626165e+01,1.643905e+01,1.856784e+01,1.797651e+01,1.732605e+01,1.750345e+01,1.637991e+01,1.697125e+01,1.519725e+01,1.507898e+01,1.277279e+01,1.395545e+01,1.289105e+01,1.354152e+01,1.324585e+01,1.135359e+01,1.093965e+01,1.129445e+01,9.461322e+00,9.993522e+00,1.135359e+01,8.042124e+00,7.036858e+00,6.800325e+00,7.391658e+00,5.854193e+00,7.095992e+00,6.445526e+00,5.795060e+00,4.789794e+00,6.504659e+00,4.375862e+00,5.321994e+00,3.784529e+00,3.134063e+00,3.015796e+00,2.838397e+00,2.424464e+00,2.365331e+00,2.720130e+00,2.601864e+00,1.360065e+00,2.187931e+00,2.247064e+00,2.306197e+00,1.300932e+00,1.241799e+00,1.833131e+00,1.005265e+00,1.360065e+00,1.300932e+00,1.241799e+00,9.461322e-01,1.537465e+00,1.064399e+00,9.461322e-01,1.005265e+00,5.913326e-01,6.504659e-01,7.687324e-01,9.461322e-01,7.095992e-01,4.730661e-01,2.956663e-01,1.005265e+00,4.730661e-01,7.095992e-01,5.321994e-01,6.504659e-01,4.730661e-01,4.730661e-01,5.913326e-01,4.730661e-01,3.547996e-01,5.913326e-01,8.278657e-01,4.139328e-01,7.095992e-01,4.730661e-01,7.687324e-01,6.504659e-01,4.730661e-01,5.913326e-01,5.321994e-01,4.139328e-01,6.504659e-01,2.956663e-01,5.913326e-01,8.278657e-01,3.547996e-01,4.139328e-01,5.321994e-01,7.095992e-01,4.730661e-01,4.730661e-01,4.139328e-01,1.064399e+00,6.504659e-01,7.687324e-01,4.730661e-01,3.547996e-01,4.730661e-01
0.000000e+00,2.956663e-01,5.913326e-01,2.365331e-01,4.139328e-01,6.504659e-01,5.321994e-01,5.321994e-01,2.956663e-01,3.547996e-01,2.365331e-01,4.730661e-01,4.139328e-01,5.913326e-01,4.139328e-01,4.139328e-01,2.956663e-01,3.547996e-01,4.139328e-01,4.730661e-01,7.687324e-01,4.139328e-01,3.547996e-01,5.321994e-01,3.547996e-01,2.956663e-01,2.365331e-01,5.321994e-01,4.139328e-01,5.913326e-01,6.504659e-01,6.504659e-01,5.321994e-01,5.321994e-01,2.365331e-01,4.139328e-01,4.139328e-01,6.504659e-01,2.956663e-01,7.687324e-01,5.321994e-01,8.869990e-01,4.139328e-01,5.321994e-01,1.773998e-01,5.321994e-01,3.547996e-01,6.504659e-01,3.547996e-01,2.365331e-01,7.095992e-01,6.504659e-01,4.139328e-01,7.687324e-01,2.365331e-01,2.956663e-01,5.321994e-01,4.139328e-01,4.139328e-01,3.547996e-01,5.321994e-01,6.504659e-01,4.139328e-01,4.730661e-01,4.139328e-01,8.278657e-01,4.730661e-01,5.321994e-01,3.547996e-01,4.730661e-01,9.461322e-01,5.913326e-01,4.730661e-01,3.547996e-01,4.139328e-01,4.730661e-01,4.139328e-01,2.956663e-01,5.321994e-01,3.547996e-01,7.687324e-01,4.730661e-01,5.321994e-01,7.095992e-01,5.321994e-01,5.913326e-01,8.278657e-01,6.504659e-01,4.139328e-01,1.773998e-01,5.913326e-01,4.139328e-01,8.278657e-01,5.321994e-01,1.773998e-01,5.913326e-01,6.504659e-01,6.504659e-01,7.095992e-01,5.913326e-01,4.730661e-01,4.139328e-01,5.913326e-01,7.095992e-01,7.687324e-01,4.139328e-01,1.005265e+00,7.687324e-01,9.461322e-01,5.913326e-01,1.241799e+00,4.730661e-01,1.241799e+00,1.360065e+00,1.300932e+00,1.300932e+00,1.300932e+00,2.128798e+00,1.892264e+00,2.365331e+00,2.660997e+00,1.537465e+00,2.365331e+00,2.128798e+00,2.601864e+00,2.601864e+00,3.429729e+00,3.311463e+00,3.547996e+00,3.547996e+00,4.375862e+00,4.139328e+00,3.725396e+00,4.612395e+00,4.198462e+00,5.144594e+00,4.198462e+00,4.789794e+00,6.386393e+00,6.504659e+00,7.036858e+00,6.622926e+00,8.751723e+00,8.337790e+00,9.402189e+00,9.756989e+00,1.088052e+01,1.028919e+01,1.005265e+01,1.176752e+01,1.271365e+01,1.176752e+01,1.312758e+01,1.300932e+01,1.431025e+01,1.519725e+01,1.513812e+01,1.608425e+01,1.537465e+01,1.738518e+01,1.614338e+01,1.626165e+01,1.762171e+01,1.744431e+01,1.892264e+01,1.791738e+01,2.075578e+01,1.773998e+01,2.034184e+01,1.992791e+01,2.010531e+01,1.910004e+01,1.951398e+01,1.957311e+01,1.827218e+01,1.927744e+01,2.075578e+01,1.969138e+01,1.827218e+01,1.862698e+01,1.821305e+01,1.626165e+01,1.555205e+01,1.649818e+01,1.720778e+01,1.803565e+01,1.602511e+01,1.460592e+01,1.531552e+01,1.531552e+01,1.531552e+01,1.425112e+01,1.289105e+01,1.099879e+01,1.040745e+01,9.520455e+00,1.082139e+01,1.093965e+01,9.579589e+00,9.402189e+00,8.219524e+00,7.746458e+00,7.687324e+00,7.864724e+00,6.031593e+00,6.031593e+00,6.800325e+00,5.026327e+00,5.440260e+00,4.671528e+00,3.429729e+00,5.026327e+00,3.547996e+00,2.956663e+00,3.843662e+00,2.483597e+00,2.365331e+00,2.779263e+00,2.601864e+00,1.951398e+00,2.010531e+00,1.596598e+00,1.419198e+00,1.596598e+00,1.655731e+00,1.596598e+00,1.537465e+00,1.300932e+00,1.241799e+00,7.687324e-01,6.504659e-01,7.687324e-01,1.005265e+00,8.869990e-01,1.182665e+00,9.461322e-01,5.913326e-01,7.687324e-01,6.504659e-01,9.461322e-01,5.913326e-01,5.321994e-01,7.095992e-01,7.687324e-01,5.913326e-01,9.461322e-01,4.139328e-01,5.321994e-01,6.504659e-01,5.913326e-01,6.504659e-01,3.547996e-01,4.730661e-01,7.095992e-01,8.278657e-01,2.365331e-01,1.773998e-01,5.321994e-01,2.956663e-01,6.504659e-01,7.095992e-01,4.139328e-01,7.095992e-01,7.687324e-01,2.365331e-01,3.547996e-01,5.321994e-01,6.504659e-01,6.504659e-01,5.913326e-01,5.321994e-01,5.321994e-01,2.365331e-01,7.687324e-01,5.913326e-01,4.139328e-01,3.547996e-01,2.956663e-01,5.913326e-01,4.139328e-01
7.095992e-01,2.956663e-01,6.504659e-01,1.773998e-01,5.913326e-01,2.956663e-01,5.913326e-01,5.321994e-01,3.547996e-01,2.956663e-01,4.139328e-01,2.956663e-01,6.504659e-01,4.139328e-01,5.913326e-01,4.730661e-01,5.321994e-01,2.956663e-01,3.547996e-01,4.730661e-01,4.730661e-01,4.730661e-01,5.321994e-01,2.956663e-01,5.913326e-01,7.687324e-01,4.730661e-01,9.461322e-01,8.278657e-01,5.321994e-01,2.956663e-01,4.139328e-01,5.321994e-01,2.365331e-01,4.139328e-01,5.913326e-01,3.547996e-01,2.956663e-01,7.095992e-01,6.504659e-01,4.139328e-01,2.956663e-01,5.321994e-01,2.956663e-01,6.504659e-01,7.687324e-01,4.139328e-01,4.730661e-01,7.687324e-01,7.095992e-01,4.730661e-01,4.139328e-01,2.365331e-01,8.869990e-01,5.321994e-01,6.504659e-01,2.365331e-01,5.321994e-01,7.095992e-01,6.504659e-01,5.913326e-01,5.913326e-01,3.547996e-01,4.730661e-01,5.913326e-01,3.547996e-01,4.139328e-01,4.730661e-01,2.956663e-01,5.321994e-01,5.321994e-01,8.278657e-01,2.365331e-01,2.956663e-01,1.773998e-01,5.913326e-01,2.365331e-01,5.913326e-01,4.139328e-01,4.139328e-01,4.139328e-01,3.547996e-01,4.139328e-01,5.321994e-01,5.913326e-01,4.730661e-01,6.504659e-01,5.321994e-01,5.913326e-01,5.321994e-01,5.321994e-01,5.321994e-01,4.730661e-01,5.321994e-01,5.913326e-01,2.956663e-01,4.730661e-01,4.730661e-01,5.913326e-01,4.730661e-01,5.321994e-01,7.095992e-01,7.095992e-01,1.005265e+00,7.095992e-01,5.913326e-01,7.095992e-01,9.461322e-01,7.687324e-01,7.687324e-01,8.869990e-01,8.869990e-01,1.123532e+00,7.687324e-01,9.461322e-01,1.478332e+00,7.687324e-01,1.478332e+00,8.869990e-01,1.478332e+00,9.461322e-01,1.951398e+00,1.833131e+00,2.247064e+00,1.773998e+00,2.542730e+00,2.660997e+00,2.187931e+00,2.660997e+00,3.311463e+00,2.956663e+00,3.488863e+00,3.547996e+00,4.967194e+00,4.671528e+00,5.440260e+00,4.612395e+00,7.509925e+00,5.381127e+00,7.391658e+00,7.155125e+00,7.332525e+00,8.278657e+00,9.520455e+00,9.343056e+00,8.810856e+00,1.005265e+01,9.993522e+00,1.093965e+01,1.111705e+01,1.159012e+01,1.259539e+01,1.241799e+01,1.259539e+01,1.496072e+01,1.584771e+01,1.454678e+01,1.519725e+01,1.649818e+01,1.519725e+01,1.691211e+01,1.809478e+01,1.880438e+01,1.957311e+01,1.892264e+01,1.720778e+01,1.880438e+01,1.910004e+01,1.886351e+01,2.081491e+01,1.963224e+01,1.951398e+01,2.063751e+01,2.004618e+01,2.069664e+01,1.980964e+01,1.939571e+01,1.868611e+01,1.904091e+01,2.075578e+01,1.992791e+01,1.732605e+01,1.691211e+01,1.815391e+01,1.839045e+01,1.862698e+01,1.507898e+01,1.809478e+01,1.448765e+01,1.342325e+01,1.596598e+01,1.413285e+01,1.324585e+01,1.448765e+01,1.312758e+01,1.135359e+01,1.141272e+01,9.579589e+00,1.105792e+01,9.461322e+00,9.402189e+00,7.628191e+00,7.746458e+00,7.569058e+00,6.622926e+00,6.504659e+00,6.977725e+00,5.676793e+00,5.676793e+00,4.257595e+00,4.021062e+00,4.434995e+00,3.488863e+00,3.784529e+00,3.134063e+00,3.134063e+00,2.247064e+00,3.134063e+00,2.601864e+00,2.247064e+00,2.838397e+00,2.365331e+00,2.306197e+00,1.537465e+00,1.123532e+00,2.010531e+00,1.241799e+00,6.504659e-01,1.005265e+00,1.300932e+00,1.300932e+00,9.461322e-01,1.123532e+00,4.730661e-01,1.182665e+00,8.278657e-01,8.869990e-01,3.547996e-01,7.687324e-01,8.278657e-01,7.095992e-01,9.461322e-01,6.504659e-01,5.913326e-01,4.730661e-01,4.730661e-01,4.730661e-01,1.064399e+00,5.913326e-01,2.956663e-01,8.278657e-01,7.687324e-01,4.730661e-01,7.095992e-01,6.504659e-01,4.139328e-01,5.913326e-01,4.730661e-01,7.095992e-01,3.547996e-01,3.547996e-01,9.461322e-01,1.773998e-01,6.504659e-01,1.773998e-01,6.504659e-01,5.913326e-01,2.365331e-01,4.139328e-01,5.913326e-01,4.139328e-01,3.547996e-01,4.730661e-01,6.504659e-01,5.913326e-01,5.321994e-01,6.504659e-01,4.730661e-01,2.956663e-01,5.913326e-01
5.321994e-01,5.913326e-01,5.913326e-01,7.095992e-01,3.547996e-01,5.321994e-01,4.730661e-01,6.504659e-01,6.504659e-01,4.139328e-01,5.913326e-01,4.139328e-01,7.095992e-01,5.913326e-01,5.321994e-01,7.095992e-01,3.547996e-01,5.321994e-01,5.913326e-01,5.321994e-01,5.321994e-01,2.365331e-01,4.730661e-01,4.139328e-01,5.321994e-01,9.461322e-01,7.095992e-01,4.139328e-01,2.365331e-01,2.956663e-01,5.913326e-01,5.913326e-01,4.730661e-01,4.139328e-01,6.504659e-01,4.139328e-01,4.139328e-01,2.956663e-01,4.139328e-01,6.504659e-01,4.139328e-01,6.504659e-01,5.913326e-01,5.321994e-01,7.095992e-01,4.139328e-01,2.365331e-01,5.321994e-01,2.956663e-01,3.547996e-01,7.095992e-01,2.956663e-01,9.461322e-01,4.730661e-01,5.321994e-01,5.321994e-01,3.547996e-01,7.687324e-01,7.095992e-01,7.687324e-01,4.730661e-01,5.321994e-01,7.095992e-01,4.139328e-01,4.139328e-01,4.139328e-01,4.730661e-01,4.730661e-01,5.913326e-01,8.869990e-01,5.913326e-01,5.913326e-01,6.504659e-01,2.956663e-01,2.365331e-01,5.913326e-01,4.730661e-01,5.321994e-01,1.182665e-01,4.139328e-01,7.095992e-01,3.547996e-01,6.504659e-01,8.869990e-01,4.730661e-01,2.365331e-01,4.730661e-01,7.095992e-01,3.547996e-01,3.547996e-01,7.095992e-01,4.139328e-01,5.913326e-01,2.956663e-01,5.913326e-01,5.321994e-01,1.773998e-01,3.547996e-01,4.730661e-01,1.064399e+00,7.095992e-01,7.095992e-01,4.730661e-01,7.095992e-01,6.504659e-01,5.321994e-01,1.005265e+00,8.869990e-01,2.956663e-01,4.730661e-01,1.005265e+00,8.869990e-01,1.182665e+00,1.123532e+00,8.869990e-01,1.005265e+00,1.182665e+00,1.005265e+00,1.360065e+00,1.596598e+00,1.714865e+00,1.951398e+00,2.365331e+00,1.773998e+00,1.833131e+00,2.424464e+00,1.833131e+00,3.547996e+00,2.779263e+00,3.015796e+00,3.252330e+00,3.252330e+00,3.902795e+00,4.021062e+00,5.085461e+00,3.961929e+00,5.262860e+00,4.967194e+00,6.208993e+00,5.617660e+00,6.090726e+00,6.918592e+00,6.682059e+00,7.569058e+00,7.628191e+00,8.929123e+00,9.461322e+00,9.993522e+00,1.188579e+01,1.011179e+01,1.182665e+01,1.289105e+01,1.218145e+01,1.235885e+01,1.218145e+01,1.389632e+01,1.614338e+01,1.436938e+01,1.567031e+01,1.874524e+01,1.590685e+01,1.649818e+01,1.750345e+01,1.691211e+01,1.833131e+01,1.969138e+01,1.898178e+01,1.850871e+01,1.963224e+01,1.868611e+01,1.969138e+01,2.034184e+01,1.939571e+01,1.862698e+01,2.087404e+01,1.898178e+01,1.910004e+01,1.910004e+01,1.951398e+01,1.839045e+01,1.969138e+01,1.815391e+01,1.779911e+01,1.821305e+01,1.868611e+01,1.596598e+01,1.791738e+01,1.543378e+01,1.791738e+01,1.632078e+01,1.632078e+01,1.490158e+01,1.389632e+01,1.360065e+01,1.259539e+01,1.194492e+01,1.046659e+01,9.638722e+00,1.076225e+01,9.697855e+00,9.343056e+00,9.047389e+00,8.042124e+00,7.569058e+00,8.160390e+00,5.617660e+00,6.445526e+00,5.381127e+00,5.617660e+00,4.789794e+00,3.666262e+00,3.666262e+00,3.252330e+00,3.666262e+00,3.429729e+00,3.547996e+00,3.429729e+00,2.424464e+00,3.134063e+00,2.660997e+00,2.247064e+00,2.187931e+00,2.010531e+00,2.306197e+00,1.360065e+00,1.773998e+00,1.300932e+00,1.419198e+00,1.300932e+00,1.064399e+00,8.869990e-01,7.687324e-01,1.241799e+00,1.123532e+00,7.687324e-01,8.278657e-01,8.869990e-01,8.278657e-01,8.278657e-01,7.095992e-01,7.687324e-01,3.547996e-01,8.278657e-01,5.321994e-01,5.913326e-01,7.687324e-01,9.461322e-01,5.913326e-01,3.547996e-01,8.869990e-01,2.956663e-01,4.139328e-01,5.913326e-01,7.095992e-01,5.913326e-01,5.913326e-01,4.139328e-01,2.956663e-01,4.139328e-01,7.095992e-01,2.956663e-01,5.913326e-01,4.730661e-01,5.321994e-01,5.321994e-01,1.773998e-01,2.956663e-01,2.365331e-01,5.913326e-01,8.278657e-01,7.095992e-01,2.956663e-01,2.365331e-01,2.956663e-01,4.139328e-01,4.730661e-01,5.913326e-01,6.504659e-01,2.365331e-01,5.321994e-01
1.005265e+00,7.687324e-01,3.547996e-01,5.321994e-01,4.139328e-01,4.730661e-01,7.095992e-01,2.956663e-01,5.913326e-01,5.913326e-01,4.139328e-01,5.913326e-01,5.913326e-01,6.504659e-01,4.139328e-01,4.139328e-01,3.547996e-01,4.139328e-01,2.956663e-01,4.730661e-01,3.547996e-01,4.730661e-01,4.730661e-01,7.095992e-01,2.956663e-01,1.773998e-01,5.321994e-01,6.504659e-01,5.913326e-01,5.913326e-01,5.321994e-01,1.005265e+00,4.139328e-01,7.095992e-01,7.095992e-01,8.278657e-01,4.139328e-01,5.913326e-01,4.730661e-01,7.095992e-01,5.321994e-01,4.139328e-01,7.095992e-01,4.730661e-01,4.730661e-01,4.139328e-01,3.547996e-01,5.321994e-01,2.365331e-01,3.547996e-01,7.095992e-01,6.504659e-01,2.956663e-01,4.139328e-01,4.730661e-01,6.504659e-01,2.956663e-01,5.913326e-01,4.730661e-01,5.321994e-01,4.139328e-01,2.956663e-01,6.504659e-01,6.504659e-01,4.139328e-01,4.730661e-01,5.321994e-01,4.730661e-01,4.730661e-01,5.321994e-01,5.321994e-01,4.730661e-01,5.913326e-01,3.547996e-01,5.913326e-01,2.956663e-01,6.504659e-01,5.321994e-01,2.365331e-01,5.913326e-01,5.321994e-01,4.730661e-01,5.913326e-01,2.365331e-01,1.005265e+00,7.095992e-01,6.504659e-01,2.365331e-01,7.687324e-01,5.321994e-01,7.095992e-01,5.321994e-01,2.365331e-01,4.730661e-01,4.730661e-01,5.913326e-01,8.869990e-01,5.913326e-01,3.547996e-01,5.321994e-01,2.956663e-01,5.913326e-01,7.095992e-01,6.504659e-01,5.913326e-01,4.730661e-01,9.461322e-01,9.461322e-01,5.321994e-01,3.547996e-01,5.321994e-01,1.123532e+00,1.300932e+00,1.123532e+00,1.360065e+00,7.687324e-01,1.419198e+00,1.714865e+00,1.419198e+00,1.241799e+00,1.300932e+00,1.360065e+00,1.773998e+00,1.892264e+00,2.128798e+00,2.897530e+00,3.134063e+00,2.187931e+00,2.187931e+00,2.720130e+00,3.311463e+00,2.779263e+00,3.843662e+00,5.085461e+00,3.725396e+00,4.494128e+00,5.440260e+00,5.913326e+00,6.149859e+00,5.913326e+00,6.918592e+00,6.327259e+00,6.622926e+00,7.273391e+00,7.450791e+00,8.219524e+00,8.810856e+00,9.047389e+00,9.638722e+00,1.159012e+01,1.135359e+01,1.129445e+01,1.241799e+01,1.040745e+01,1.229972e+01,1.454678e+01,1.336412e+01,1.348238e+01,1.501985e+01,1.478332e+01,1.632078e+01,1.531552e+01,1.708951e+01,1.797651e+01,1.620251e+01,2.022358e+01,2.105144e+01,2.057838e+01,2.057838e+01,1.856784e+01,2.081491e+01,2.176104e+01,2.247064e+01,1.998704e+01,1.992791e+01,2.081491e+01,1.939571e+01,2.063751e+01,1.963224e+01,1.803565e+01,2.040098e+01,1.915918e+01,1.844958e+01,1.809478e+01,1.797651e+01,1.785825e+01,1.602511e+01,1.673471e+01,1.436938e+01,1.436938e+01,1.431025e+01,1.354152e+01,1.401458e+01,1.318672e+01,1.176752e+01,1.147185e+01,1.076225e+01,1.229972e+01,1.023005e+01,1.058485e+01,6.918592e+00,8.810856e+00,7.155125e+00,7.923857e+00,7.569058e+00,6.977725e+00,6.031593e+00,6.504659e+00,5.262860e+00,5.440260e+00,4.080195e+00,4.494128e+00,5.381127e+00,3.311463e+00,3.311463e+00,3.429729e+00,3.252330e+00,3.134063e+00,2.897530e+00,2.128798e+00,1.655731e+00,1.773998e+00,1.773998e+00,2.128798e+00,7.687324e-01,1.005265e+00,9.461322e-01,1.123532e+00,1.478332e+00,1.773998e+00,8.869990e-01,1.064399e+00,1.241799e+00,1.005265e+00,4.730661e-01,4.730661e-01,6.504659e-01,6.504659e-01,8.869990e-01,8.278657e-01,7.095992e-01,3.547996e-01,3.547996e-01,8.278657e-01,2.956663e-01,5.321994e-01,4.730661e-01,5.913326e-01,8.278657e-01,8.278657e-01,4.730661e-01,7.687324e-01,4.730661e-01,7.687324e-01,4.139328e-01,7.095992e-01,5.913326e-01,5.321994e-01,7.687324e-01,5.913326e-01,5.913326e-01,8.278657e-01,5.913326e-01,3.547996e-01,6.504659e-01,7.687324e-01,2.956663e-01,4.730661e-01,5.913326e-01,3.547996e-01,4.139328e-01,4.730661e-01,5.913326e-01,4.139328e-01,4.730661e-01,4.139328e-01,4.139328e-01,4.139328e-01,2.365331e-01,7.095992e-01
3.547996e-01,3.547996e-01,6.504659e-01,4.139328e-01,2.365331e-01,4.139328e-01,9.461322e-01,4.139328e-01,2.956663e-01,5.913326e-01,7.687324e-01,5.321994e-01,3.547996e-01,5.913326e-01,2.956663e-01,5.321994e-01,3.547996e-01,6.504659e-01,7.095992e-01,3.547996e-01,3.547996e-01,9.461322e-01,2.956663e-01,7.687324e-01,5.321994e-01,5.913326e-01,8.869990e-01,5.913326e-01,4.730661e-01,5.913326e-01,1.005265e+00,5.321994e-01,4.139328e-01,6.504659e-01,3.547996e-01,6.504659e-01,5.913326e-01,4.730661e-01,2.956663e-01,2.956663e-01,4.730661e-01,6.504659e-01,2.956663e-01,2.956663e-01,6.504659e-01,4.139328e-01,6.504659e-01,5.913326e-01,6.504659e-01,1.005265e+00,3.547996e-01,3.547996e-01,4.139328e-01,6.504659e-01,3.547996e-01,6.504659e-01,5.913326e-01,5.321994e-01,3.547996e-01,5.321994e-01,4.139328e-01,5.321994e-01,2.956663e-01,4.730661e-01,3.547996e-01,5.321994e-01,4.730661e-01,3.547996e-01,4.139328e-01,5.913326e-01,6.504659e-01,5.321994e-01,5.321994e-01,4.139328e-01,4.139328e-01,5.913326e-01,4.139328e-01,7.095992e-01,5.321994e-01,3.547996e-01,4.139328e-01,6.504659e-01,8.278657e-01,4.730661e-01,4.730661e-01,8.869990e-01,6.504659e-01,4.139328e-01,4.139328e-01,4.730661e-01,5.321994e-01,4.730661e-01,8.278657e-01,2.956663e-01,5.321994e-01,4.730661e-01,7.095992e-01,4.730661e-01,4.730661e-01,5.913326e-01,6.504659e-01,4.730661e-01,5.321994e-01,5.321994e-01,9.461322e-01,5.913326e-01,5.913326e-01,6.504659e-01,8.278657e-01,8.869990e-01,5.913326e-01,7.095992e-01,1.005265e+00,1.300932e+00,1.478332e+00,8.869990e-01,1.123532e+00,1.360065e+00,1.182665e+00,1.478332e+00,1.892264e+00,1.478332e+00,1.892264e+00,1.833131e+00,1.655731e+00,2.128798e+00,2.365331e+00,1.773998e+00,2.956663e+00,2.542730e+00,3.015796e+00,3.193196e+00,3.607129e+00,4.198462e+00,4.080195e+00,3.607129e+00,5.203727e+00,4.789794e+00,5.735927e+00,6.386393e+00,5.735927e+00,6.622926e+00,6.800325e+00,6.859459e+00,7.391658e+00,8.929123e+00,8.042124e+00,9.816122e+00,1.040745e+01,1.135359e+01,1.182665e+01,1.206319e+01,1.354152e+01,1.312758e+01,1.342325e+01,1.496072e+01,1.472418e+01,1.531552e+01,1.472418e+01,1.590685e+01,1.685298e+01,1.750345e+01,1.768085e+01,1.844958e+01,1.892264e+01,1.898178e+01,1.803565e+01,1.892264e+01,1.892264e+01,2.016444e+01,1.957311e+01,1.856784e+01,2.057838e+01,2.229324e+01,2.004618e+01,1.975051e+01,2.075578e+01,2.099231e+01,2.087404e+01,1.886351e+01,1.927744e+01,1.856784e+01,2.046011e+01,1.892264e+01,1.685298e+01,1.762171e+01,1.756258e+01,1.643905e+01,1.614338e+01,1.614338e+01,1.561118e+01,1.531552e+01,1.407372e+01,1.413285e+01,1.342325e+01,1.194492e+01,1.111705e+01,1.076225e+01,1.046659e+01,9.461322e+00,8.988256e+00,9.934388e+00,8.219524e+00,7.864724e+00,6.741192e+00,7.509925e+00,5.381127e+00,5.854193e+00,5.085461e+00,5.203727e+00,4.789794e+00,4.316728e+00,4.494128e+00,4.139328e+00,3.547996e+00,4.139328e+00,3.666262e+00,2.660997e+00,2.542730e+00,2.779263e+00,2.069664e+00,2.010531e+00,2.838397e+00,1.892264e+00,1.241799e+00,1.596598e+00,1.360065e+00,1.182665e+00,1.596598e+00,1.064399e+00,1.064399e+00,6.504659e-01,1.300932e+00,9.461322e-01,6.504659e-01,9.461322e-01,7.687324e-01,5.913326e-01,8.278657e-01,7.095992e-01,7.095992e-01,7.687324e-01,4.730661e-01,5.321994e-01,3.547996e-01,6.504659e-01,5.321994e-01,5.913326e-01,7.687324e-01,2.365331e-01,4.730661e-01,8.278657e-01,6.504659e-01,3.547996e-01,2.365331e-01,5.913326e-01,4.139328e-01,2.956663e-01,8.278657e-01,7.687324e-01,3.547996e-01,5.913326e-01,1.773998e-01,5.913326e-01,2.956663e-01,5.321994e-01,5.913326e-01,7.095992e-01,5.913326e-01,4.730661e-01,5.913326e-01,7.095992e-01,4.730661e-01,1.773998e-01,5.913326e-01,4.730661e-01,5.913326e-01,3.547996e-01,5.321994e-01,4.139328e-01
3.547996e-01,6.504659e-01,5.321994e-01,4.139328e-01,5.321994e-01,4.730661e-01,2.956663e-01,5.913326e-01,6.504659e-01,3.547996e-01,2.365331e-01,7.095992e-01,2.365331e-01,1.182665e-01,4.730661e-01,2.365331e-01,4.139328e-01,2.956663e-01,4.730661e-01,2.956663e-01,5.321994e-01,1.773998e-01,5.321994e-01,6.504659e-01,4.730661e-01,5.321994e-01,4.730661e-01,2.956663e-01,5.321994e-01,4.139328e-01,5.321994e-01,4.730661e-01,4.730661e-01,4.139328e-01,8.869990e-01,6.504659e-01,5.913326e-01,5.913326e-01,3.547996e-01,4.730661e-01,8.869990e-01,8.869990e-01,8.869990e-01,5.321994e-01,4.139328e-01,2.956663e-01,4.139328e-01,7.687324e-01,5.321994e-01,3.547996e-01,5.321994e-01,4.730661e-01,7.095992e-01,5.321994e-01,5.913326e-01,7.095992e-01,4.139328e-01,4.730661e-01,5.913326e-01,2.956663e-01,5.321994e-01,2.956663e-01,6.504659e-01,4.139328e-01,8.869990e-01,3.547996e-01,2.365331e-01,8.278657e-01,2.956663e-01,4.730661e-01,5.913326e-01,6.504659e-01,8.278657e-01,5.321994e-01,6.504659e-01,4.730661e-01,5.321994e-01,3.547996e-01,4.139328e-01,4.730661e-01,4.139328e-01,4.139328e-01,6.504659e-01,5.913326e-01,4.139328e-01,4.730661e-01,5.913326e-01,3.547996e-01,6.504659e-01,4.139328e-01,8.869990e-01,7.095992e-01,3.547996e-01,4.730661e-01,5.913326e-01,5.913326e-01,5.321994e-01,6.504659e-01,3.547996e-01,6.504659e-01,8.869990e-01,4.730661e-01,9.461322e-01,6.504659e-01,4.730661e-01,3.547996e-01,6.504659e-01,9.461322e-01,7.687324e-01,4.139328e-01,8.869990e-01,9.461322e-01,1.182665e+00,7.687324e-01,1.064399e+00,1.241799e+00,1.833131e+00,1.064399e+00,1.714865e+00,1.773998e+00,1.419198e+00,2.069664e+00,1.360065e+00,1.655731e+00,2.779263e+00,2.247064e+00,2.247064e+00,2.306197e+00,3.193196e+00,3.666262e+00,3.252330e+00,2.779263e+00,3.547996e+00,2.897530e+00,4.139328e+00,4.967194e+00,4.967194e+00,6.090726e+00,6.149859e+00,6.208993e+00,6.800325e+00,7.214258e+00,6.977725e+00,7.391658e+00,8.101257e+00,8.160390e+00,7.982991e+00,1.064399e+01,1.023005e+01,9.638722e+00,1.194492e+01,1.164925e+01,1.141272e+01,1.342325e+01,1.348238e+01,1.484245e+01,1.413285e+01,1.336412e+01,1.377805e+01,1.466505e+01,1.537465e+01,1.620251e+01,1.708951e+01,1.868611e+01,1.833131e+01,2.028271e+01,1.850871e+01,1.708951e+01,1.939571e+01,2.004618e+01,1.939571e+01,2.010531e+01,1.969138e+01,2.140624e+01,2.140624e+01,1.862698e+01,1.856784e+01,1.904091e+01,2.075578e+01,1.910004e+01,2.075578e+01,1.921831e+01,1.797651e+01,1.827218e+01,1.803565e+01,1.750345e+01,1.661645e+01,1.649818e+01,1.561118e+01,1.425112e+01,1.478332e+01,1.277279e+01,1.360065e+01,1.342325e+01,1.218145e+01,1.099879e+01,1.176752e+01,9.934388e+00,1.164925e+01,9.875255e+00,9.461322e+00,8.042124e+00,8.633457e+00,8.101257e+00,8.042124e+00,6.563792e+00,6.386393e+00,5.913326e+00,5.795060e+00,5.262860e+00,4.553261e+00,4.434995e+00,4.021062e+00,4.553261e+00,4.848928e+00,3.784529e+00,2.483597e+00,2.306197e+00,3.015796e+00,2.897530e+00,2.128798e+00,1.892264e+00,1.714865e+00,1.478332e+00,1.773998e+00,2.069664e+00,7.687324e-01,1.005265e+00,1.714865e+00,1.123532e+00,7.687324e-01,1.182665e+00,8.869990e-01,6.504659e-01,5.321994e-01,7.687324e-01,5.913326e-01,4.139328e-01,7.095992e-01,8.869990e-01,6.504659e-01,4.139328e-01,6.504659e-01,5.913326e-01,4.730661e-01,4.730661e-01,8.278657e-01,2.956663e-01,4.139328e-01,9.461322e-01,8.278657e-01,2.956663e-01,8.869990e-01,2.365331e-01,1.773998e-01,3.547996e-01,7.095992e-01,4.139328e-01,4.730661e-01,2.956663e-01,2.365331e-01,5.321994e-01,2.956663e-01,8.278657e-01,5.913326e-01,8.869990e-01,8.278657e-01,3.547996e-01,4.139328e-01,2.956663e-01,5.913326e-01,2.956663e-01,4.730661e-01,4.730661e-01,5.321994e-01,5.321994e-01,7.095992e-01,5.913326e-01,2.956663e-01,3.547996e-01
7.687324e-01,7.687324e-01,5.321994e-01,5.321994e-01,4.139328e-01,3.547996e-01,1.005265e+00,2.956663e-01,5.321994e-01,5.913326e-01,3.547996e-01,6.504659e-01,3.547996e-01,3.547996e-01,7.095992e-01,4.730661e-01,3.547996e-01,1.773998e-01,7.687324e-01,6.504659e-01,6.504659e-01,3.547996e-01,4.730661e-01,5.913326e-01,4.730661e-01,1.773998e-01,1.773998e-01,5.913326e-01,5.913326e-01,4.730661e-01,7.095992e-01,7.687324e-01,3.547996e-01,5.913326e-01,4.139328e-01,6.504659e-01,5.321994e-01,5.321994e-01,3.547996e-01,4.139328e-01,4.730661e-01,5.913326e-01,4.730661e-01,2.956663e-01,3.547996e-01,3.547996e-01,7.687324e-01,3.547996e-01,5.913326e-01,3.547996e-01,3.547996e-01,2.365331e-01,4.139328e-01,5.913326e-01,4.139328e-01,7.095992e-01,5.913326e-01,2.365331e-01,7.095992e-01,1.773998e-01,7.687324e-01,6.504659e-01,7.095992e-01,4.139328e-01,1.773998e-01,4.139328e-01,5.321994e-01,2.365331e-01,5.321994e-01,4.139328e-01,7.095992e-01,5.913326e-01,2.956663e-01,4.730661e-01,4.730661e-01,2.365331e-01,8.869990e-01,4.139328e-01,3.547996e-01,5.321994e-01,2.956663e-01,4.730661e-01,4.139328e-01,5.321994e-01,5.913326e-01,6.504659e-01,5.321994e-01,5.321994e-01,3.547996e-01,1.773998e-01,8.278657e-01,6.504659e-01,8.278657e-01,4.730661e-01,4.730661e-01,6.504659e-01,5.321994e-01,7.687324e-01,4.730661e-01,8.869990e-01,7.095992e-01,4.730661e-01,7.095992e-01,4.730661e-01,5.913326e-01,8.278657e-01,2.956663e-01,1.064399e+00,8.278657e-01,1.005265e+00,9.461322e-01,1.360065e+00,8.869990e-01,1.478332e+00,1.005265e+00,1.419198e+00,1.064399e+00,1.714865e+00,1.478332e+00,1.419198e+00,2.069664e+00,1.419198e+00,1.773998e+00,2.483597e+00,1.596598e+00,2.069664e+00,2.897530e+00,2.542730e+00,2.897530e+00,3.784529e+00,3.784529e+00,3.666262e+00,4.494128e+00,3.961929e+00,3.252330e+00,4.375862e+00,5.617660e+00,5.321994e+00,4.967194e+00,6.977725e+00,6.563792e+00,6.563792e+00,5.854193e+00,6.800325e+00,9.461322e+00,8.337790e+00,8.633457e+00,9.697855e+00,1.058485e+01,1.147185e+01,1.046659e+01,1.235885e+01,1.194492e+01,1.259539e+01,1.200405e+01,1.454678e+01,1.454678e+01,1.567031e+01,1.389632e+01,1.578858e+01,1.531552e+01,1.632078e+01,1.809478e+01,1.773998e+01,1.714865e+01,2.022358e+01,2.010531e+01,1.945484e+01,1.969138e+01,1.992791e+01,1.998704e+01,1.998704e+01,1.868611e+01,1.868611e+01,1.951398e+01,1.992791e+01,1.915918e+01,2.093318e+01,1.785825e+01,1.880438e+01,1.904091e+01,1.844958e+01,1.821305e+01,1.951398e+01,1.620251e+01,1.773998e+01,1.655731e+01,1.496072e+01,1.549292e+01,1.501985e+01,1.643905e+01,1.336412e+01,1.265452e+01,1.253625e+01,1.235885e+01,1.247712e+01,1.052572e+01,1.082139e+01,9.402189e+00,9.579589e+00,8.515190e+00,7.687324e+00,7.864724e+00,6.208993e+00,6.504659e+00,5.913326e+00,7.391658e+00,5.499394e+00,5.026327e+00,4.848928e+00,4.908061e+00,4.375862e+00,3.843662e+00,3.193196e+00,3.961929e+00,3.015796e+00,2.956663e+00,2.365331e+00,2.424464e+00,2.720130e+00,2.247064e+00,1.951398e+00,1.892264e+00,2.601864e+00,1.596598e+00,1.596598e+00,1.478332e+00,1.005265e+00,1.005265e+00,7.687324e-01,9.461322e-01,1.123532e+00,8.869990e-01,9.461322e-01,1.182665e+00,5.321994e-01,5.913326e-01,1.005265e+00,5.321994e-01,4.730661e-01,6.504659e-01,8.278657e-01,4.139328e-01,1.064399e+00,2.365331e-01,8.278657e-01,6.504659e-01,5.321994e-01,5.321994e-01,3.547996e-01,5.913326e-01,5.321994e-01,5.913326e-01,4.139328e-01,4.139328e-01,2.956663e-01,5.321994e-01,3.547996e-01,3.547996e-01,5.913326e-01,6.504659e-01,3.547996e-01,7.095992e-01,6.504659e-01,3.547996e-01,5.913326e-01,5.321994e-01,5.913326e-01,4.730661e-01,7.687324e-01,4.730661e-01,3.547996e-01,4.139328e-01,8.869990e-01,1.773998e-01,5.321994e-01,2.956663e-01,6.504659e-01,8.869990e-01,5.321994e-01
3.547996e-01,5.321994e-01,5.913326e-01,4.730661e-01,5.913326e-01,4.139328e-01,4.730661e-01,2.956663e-01,5.321994e-01,2.956663e-01,3.547996e-01,2.956663e-01,5.321994e-01,3.547996e-01,7.687324e-01,5.913326e-01,5.321994e-01,5.321994e-01,4.139328e-01,4.139328e-01,2.956663e-01,6.504659e-01,6.504659e-01,5.321994e-01,3.547996e-01,8.869990e-01,5.321994e-01,7.095992e-01,5.321994e-01,4.139328e-01,5.321994e-01,8.278657e-01,4.139328e-01,7.095992e-01,4.730661e-01,5.321994e-01,2.956663e-01,5.913326e-01,8.278657e-01,4.139328e-01,5.321994e-01,8.278657e-01,2.956663e-01,2.956663e-01,4.730661e-01,5.913326e-01,6.504659e-01,2.956663e-01,5.321994e-01,8.278657e-01,3.547996e-01,4.139328e-01,7.095992e-01,5.913326e-01,4.730661e-01,4.139328e-01,5.321994e-01,7.095992e-01,5.913326e-01,5.321994e-01,7.687324e-01,5.321994e-01,4.730661e-01,5.321994e-01,2.956663e-01,4.730661e-01,7.095992e-01,3.547996e-01,5.321994e-01,7.687324e-01,5.913326e-01,2.365331e-01,4.139328e-01,6.504659e-01,4.139328e-01,3.547996e-01,5.913326e-01,5.321994e-01,4.139328e-01,4.139328e-01,2.956663e-01,7.687324e-01,5.321994e-01,5.913326e-01,6.504659e-01,4.139328e-01,5.321994e-01,5.321994e-01,2.365331e-01,5.913326e-01,5.913326e-01,4.730661e-01,5.913326e-01,5.321994e-01,3.547996e-01,5.913326e-01,5.913326e-01,5.913326e-01,4.730661e-01,5.321994e-01,4.730661e-01,6.504659e-01,4.730661e-01,7.095992e-01,3.547996e-01,8.869990e-01,5.321994e-01,8.869990e-01,1.478332e+00,1.123532e+00,1.241799e+00,9.461322e-01,8.869990e-01,1.300932e+00,1.300932e+00,1.596598e+00,1.478332e+00,9.461322e-01,1.064399e+00,1.596598e+00,2.010531e+00,1.714865e+00,2.128798e+00,1.773998e+00,2.247064e+00,2.720130e+00,2.365331e+00,2.897530e+00,3.725396e+00,3.429729e+00,3.252330e+00,3.784529e+00,3.488863e+00,4.553261e+00,4.375862e+00,5.026327e+00,5.617660e+00,5.617660e+00,6.090726e+00,6.386393e+00,6.031593e+00,7.036858e+00,7.628191e+00,8.574323e+00,8.396923e+00,8.869990e+00,9.875255e+00,9.875255e+00,1.064399e+01,9.402189e+00,1.147185e+01,1.164925e+01,1.277279e+01,1.229972e+01,1.360065e+01,1.466505e+01,1.289105e+01,1.306845e+01,1.578858e+01,1.673471e+01,1.578858e+01,1.762171e+01,1.886351e+01,1.649818e+01,1.756258e+01,1.649818e+01,1.827218e+01,1.880438e+01,2.028271e+01,1.980964e+01,2.164277e+01,1.868611e+01,1.969138e+01,2.016444e+01,1.992791e+01,1.868611e+01,1.980964e+01,1.862698e+01,1.862698e+01,1.839045e+01,2.022358e+01,1.951398e+01,2.040098e+01,1.720778e+01,1.785825e+01,1.632078e+01,1.596598e+01,1.543378e+01,1.549292e+01,1.507898e+01,1.436938e+01,1.318672e+01,1.247712e+01,1.336412e+01,1.241799e+01,9.461322e+00,1.058485e+01,1.147185e+01,9.283922e+00,9.875255e+00,8.337790e+00,8.101257e+00,8.692590e+00,7.509925e+00,7.391658e+00,6.622926e+00,5.972460e+00,6.031593e+00,5.440260e+00,5.085461e+00,5.144594e+00,5.026327e+00,4.257595e+00,3.074930e+00,3.015796e+00,3.134063e+00,2.779263e+00,2.601864e+00,2.483597e+00,2.424464e+00,2.010531e+00,2.128798e+00,1.714865e+00,1.655731e+00,1.833131e+00,2.010531e+00,1.833131e+00,1.182665e+00,1.064399e+00,8.869990e-01,1.123532e+00,1.064399e+00,1.005265e+00,9.461322e-01,8.869990e-01,9.461322e-01,5.321994e-01,6.504659e-01,5.321994e-01,1.005265e+00,4.730661e-01,1.064399e+00,7.095992e-01,7.095992e-01,4.139328e-01,4.139328e-01,4.139328e-01,6.504659e-01,6.504659e-01,4.730661e-01,4.730661e-01,9.461322e-01,4.730661e-01,4.139328e-01,5.321994e-01,2.956663e-01,4.730661e-01,4.730661e-01,2.956663e-01,5.913326e-01,6.504659e-01,6.504659e-01,4.139328e-01,7.095992e-01,5.321994e-01,5.913326e-01,7.095992e-01,4.730661e-01,5.321994e-01,4.730661e-01,6.504659e-01,7.687324e-01,5.321994e-01,5.913326e-01,5.321994e-01,3.547996e-01,6.504659e-01,7.687324e-01,7.687324e-01,5.321994e-01
4.139328e-01,2.956663e-01,1.005265e+00,4.139328e-01,3.547996e-01,5.913326e-01,7.095992e-01,6.504659e-01,1.773998e-01,5.321994e-01,5.913326e-01,7.095992e-01,5.321994e-01,9.461322e-01,4.730661e-01,5.321994e-01,4.139328e-01,2.956663e-01,8.278657e-01,4.139328e-01,4.730661e-01,5.913326e-01,5.321994e-01,1.064399e+00,3.547996e-01,4.730661e-01,4.730661e-01,5.321994e-01,4.730661e-01,8.869990e-01,5.913326e-01,5.913326e-01,5.913326e-01,5.913326e-02,4.139328e-01,4.730661e-01,4.730661e-01,4.139328e-01,4.730661e-01,4.730661e-01,4.730661e-01,5.321994e-01,5.321994e-01,2.956663e-01,8.278657e-01,3.547996e-01,8.869990e-01,4.730661e-01,4.730661e-01,4.139328e-01,3.547996e-01,4.730661e-01,2.956663e-01,4.730661e-01,5.321994e-01,7.095992e-01,2.365331e-01,7.095992e-01,2.956663e-01,2.956663e-01,3.547996e-01,2.956663e-01,8.278657e-01,6.504659e-01,4.139328e-01,5.321994e-01,2.956663e-01,5.321994e-01,8.869990e-01,2.365331e-01,7.095992e-01,5.321994e-01,5.321994e-01,2.956663e-01,3.547996e-01,5.913326e-01,3.547996e-01,2.956663e-01,5.913326e-01,7.095992e-01,3.547996e-01,1.241799e+00,5.321994e-01,1.182665e-01,8.278657e-01,5.321994e-01,4.139328e-01,6.504659e-01,4.730661e-01,5.913326e-01,7.095992e-01,6.504659e-01,5.913326e-01,4.730661e-01,4.730661e-01,4.730661e-01,7.095992e-01,4.730661e-01,8.869990e-01,5.913326e-01,5.913326e-01,9.461322e-01,1.064399e+00,5.913326e-01,5.913326e-01,8.869990e-01,9.461322e-01,1.360065e+00,8.869990e-01,7.095992e-01,8.278657e-01,8.869990e-01,1.064399e+00,7.687324e-01,1.714865e+00,1.300932e+00,1.182665e+00,1.951398e+00,1.241799e+00,1.892264e+00,1.892264e+00,2.247064e+00,2.187931e+00,2.069664e+00,2.365331e+00,3.193196e+00,3.015796e+00,2.424464e+00,2.365331e+00,3.015796e+00,3.547996e+00,3.193196e+00,5.026327e+00,5.440260e+00,5.203727e+00,5.085461e+00,5.913326e+00,5.558527e+00,6.208993e+00,4.908061e+00,6.800325e+00,6.741192e+00,8.219524e+00,7.509925e+00,9.047389e+00,8.219524e+00,8.929123e+00,1.117619e+01,1.028919e+01,1.046659e+01,1.099879e+01,1.377805e+01,1.348238e+01,1.383718e+01,1.354152e+01,1.371892e+01,1.324585e+01,1.673471e+01,1.584771e+01,1.496072e+01,1.590685e+01,1.726691e+01,1.827218e+01,1.697125e+01,1.744431e+01,1.827218e+01,1.844958e+01,1.898178e+01,1.868611e+01,2.057838e+01,2.022358e+01,2.034184e+01,1.904091e+01,2.057838e+01,2.176104e+01,1.969138e+01,2.069664e+01,1.963224e+01,2.152451e+01,1.874524e+01,1.809478e+01,1.797651e+01,1.667558e+01,1.703038e+01,1.584771e+01,1.567031e+01,1.496072e+01,1.431025e+01,1.584771e+01,1.407372e+01,1.472418e+01,1.383718e+01,1.271365e+01,1.295018e+01,1.247712e+01,1.135359e+01,1.058485e+01,1.058485e+01,9.934388e+00,1.023005e+01,8.988256e+00,7.982991e+00,6.859459e+00,6.800325e+00,6.504659e+00,6.504659e+00,6.149859e+00,6.090726e+00,4.671528e+00,4.375862e+00,4.434995e+00,3.843662e+00,2.720130e+00,3.725396e+00,3.015796e+00,3.134063e+00,2.956663e+00,2.187931e+00,2.128798e+00,2.424464e+00,2.306197e+00,1.833131e+00,2.010531e+00,1.951398e+00,1.892264e+00,1.773998e+00,1.182665e+00,1.182665e+00,1.773998e+00,8.869990e-01,9.461322e-01,8.278657e-01,7.095992e-01,1.005265e+00,8.869990e-01,4.730661e-01,1.005265e+00,8.869990e-01,1.300932e+00,5.913326e-01,7.095992e-01,8.278657e-01,6.504659e-01,4.730661e-01,8.278657e-01,3.547996e-01,7.687324e-01,5.913326e-01,5.913326e-01,3.547996e-01,6.504659e-01,4.139328e-01,4.730661e-01,7.687324e-01,4.139328e-01,5.321994e-01,2.365331e-01,4.730661e-01,2.365331e-01,6.504659e-01,1.182665e-01,2.956663e-01,6.504659e-01,2.365331e-01,5.321994e-01,4.730661e-01,4.730661e-01,3.547996e-01,7.687324e-01,5.913326e-01,3.547996e-01,3.547996e-01,3.547996e-01,6.504659e-01,3.547996e-01,4.139328e-01,9.461322e-01,4.139328e-01,4.139328e-01,4.139328e-01
5.913326e-01,2.365331e-01,4.730661e-01,4.139328e-01,5.913326e-01,4.730661e-01,3.547996e-01,4.139328e-01,2.365331e-01,3.547996e-01,6.504659e-01,5.913326e-01,2.956663e-01,4.730661e-01,2.956663e-01,7.095992e-01,2.956663e-01,3.547996e-01,3.547996e-01,2.365331e-01,4.139328e-01,7.687324e-01,2.365331e-01,1.773998e-01,5.913326e-01,4.139328e-01,4.139328e-01,4.139328e-01,1.182665e-01,5.321994e-01,4.139328e-01,5.913326e-01,4.139328e-01,5.321994e-01,8.869990e-01,6.504659e-01,4.139328e-01,5.913326e-01,4.730661e-01,5.321994e-01,5.913326e-01,4.730661e-01,7.095992e-01,4.139328e-01,5.321994e-01,4.730661e-01,1.182665e-01,5.913326e-01,6.504659e-01,5.321994e-01,3.547996e-01,7.687324e-01,8.869990e-01,5.321994e-01,5.321994e-01,6.504659e-01,5.913326e-01,4.730661e-01,4.730661e-01,2.956663e-01,2.956663e-01,2.365331e-01,5.913326e-01,4.139328e-01,4.139328e-01,3.547996e-01,1.005265e+00,6.504659e-01,4.139328e-01,5.913326e-01,4.139328e-01,6.504659e-01,5.321994e-01,7.095992e-01,7.687324e-01,4.730661e-01,9.461322e-01,3.547996e-01,4.730661e-01,5.321994e-01,1.182665e-01,5.913326e-01,5.913326e-01,7.095992e-01,6.504659e-01,4.730661e-01,3.547996e-01,7.687324e-01,4.730661e-01,8.869990e-01,6.504659e-01,4.730661e-01,9.461322e-01,7.095992e-01,6.504659e-01,4.139328e-01,3.547996e-01,8.278657e-01,7.687324e-01,5.913326e-01,2.956663e-01,7.687324e-01,7.687324e-01,6.504659e-01,8.869990e-01,7.687324e-01,1.241799e+00,5.321994e-01,1.182665e+00,1.123532e+00,1.241799e+00,1.123532e+00,1.005265e+00,8.869990e-01,1.537465e+00,1.360065e+00,1.892264e+00,1.655731e+00,1.714865e+00,1.419198e+00,2.424464e+00,2.365331e+00,1.655731e+00,2.483597e+00,2.720130e+00,3.074930e+00,3.252330e+00,3.607129e+00,3.725396e+00,3.547996e+00,4.080195e+00,4.257595e+00,4.139328e+00,5.203727e+00,4.848928e+00,5.972460e+00,6.268126e+00,5.972460e+00,5.735927e+00,6.741192e+00,7.036858e+00,7.391658e+00,8.278657e+00,7.864724e+00,8.692590e+00,1.034832e+01,1.070312e+01,1.159012e+01,9.816122e+00,1.135359e+01,1.135359e+01,1.241799e+01,1.371892e+01,1.348238e+01,1.549292e+01,1.330498e+01,1.431025e+01,1.442852e+01,1.531552e+01,1.626165e+01,1.844958e+01,1.756258e+01,1.880438e+01,2.010531e+01,1.738518e+01,1.673471e+01,1.886351e+01,1.779911e+01,1.815391e+01,1.886351e+01,1.827218e+01,1.833131e+01,1.868611e+01,1.975051e+01,2.134711e+01,1.844958e+01,2.010531e+01,1.803565e+01,1.791738e+01,1.839045e+01,1.720778e+01,1.898178e+01,1.714865e+01,1.620251e+01,1.874524e+01,1.744431e+01,1.519725e+01,1.348238e+01,1.549292e+01,1.413285e+01,1.431025e+01,1.507898e+01,1.200405e+01,1.200405e+01,1.141272e+01,1.117619e+01,1.040745e+01,1.164925e+01,9.816122e+00,9.875255e+00,7.864724e+00,8.574323e+00,7.746458e+00,6.622926e+00,6.386393e+00,5.144594e+00,6.327259e+00,6.090726e+00,6.090726e+00,4.730661e+00,5.440260e+00,4.080195e+00,4.375862e+00,4.021062e+00,4.198462e+00,3.370596e+00,2.897530e+00,2.720130e+00,2.306197e+00,1.773998e+00,2.010531e+00,2.187931e+00,1.360065e+00,1.300932e+00,1.300932e+00,1.596598e+00,1.655731e+00,1.123532e+00,1.123532e+00,1.123532e+00,1.123532e+00,1.123532e+00,9.461322e-01,1.064399e+00,7.687324e-01,8.869990e-01,8.278657e-01,1.005265e+00,8.869990e-01,1.064399e+00,5.913326e-01,7.095992e-01,7.095992e-01,4.139328e-01,5.913326e-01,4.139328e-01,3.547996e-01,4.139328e-01,8.278657e-01,4.730661e-01,4.139328e-01,5.913326e-01,2.956663e-01,7.095992e-01,3.547996e-01,5.913326e-01,3.547996e-01,1.773998e-01,5.321994e-01,7.095992e-01,2.365331e-01,5.321994e-01,1.182665e-01,4.730661e-01,3.547996e-01,5.321994e-01,1.773998e-01,2.956663e-01,4.730661e-01,5.321994e-01,2.365331e-01,3.547996e-01,7.095992e-01,2.365331e-01,8.278657e-01,7.687324e-01,4.730661e-01,1.773998e-01,1.123532e+00,5.913326e-01
5.913326e-01,2.365331e-01,5.913326e-01,4.139328e-01,2.365331e-01,5.321994e-01,3.547996e-01,2.365331e-01,4.139328e-01,4.139328e-01,4.730661e-01,1.773998e-01,4.730661e-01,4.730661e-01,8.869990e-01,1.773998e-01,4.139328e-01,5.321994e-01,4.139328e-01,4.139328e-01,3.547996e-01,8.278657e-01,9.461322e-01,7.095992e-01,5.321994e-01,3.547996e-01,3.547996e-01,4.730661e-01,8.869990e-01,7.095992e-01,4.139328e-01,3.547996e-01,6.504659e-01,5.321994e-01,4.139328e-01,5.321994e-01,5.321994e-01,4.730661e-01,4.730661e-01,8.869990e-01,6.504659e-01,5.913326e-01,7.095992e-01,4.139328e-01,8.869990e-01,5.913326e-01,7.687324e-01,4.139328e-01,4.730661e-01,5.321994e-01,5.321994e-01,4.730661e-01,2.365331e-01,5.913326e-01,1.005265e+00,4.730661e-01,6.504659e-01,1.773998e-01,3.547996e-01,5.321994e-01,3.547996e-01,5.913326e-01,5.321994e-01,4.139328e-01,4.139328e-01,5.321994e-01,5.321994e-01,5.321994e-01,4.139328e-01,6.504659e-01,3.547996e-01,5.321994e-01,5.321994e-01,8.278657e-01,4.730661e-01,4.730661e-01,5.913326e-01,2.956663e-01,4.730661e-01,3.547996e-01,4.139328e-01,4.139328e-01,3.547996e-01,7.687324e-01,7.095992e-01,2.956663e-01,5.321994e-01,5.913326e-01,7.095992e-01,1.182665e-01,2.956663e-01,4.139328e-01,5.321994e-01,7.095992e-01,4.139328e-01,6.504659e-01,9.461322e-01,7.095992e-01,1.064399e+00,8.278657e-01,7.095992e-01,5.913326e-01,7.687324e-01,7.095992e-01,5.321994e-01,1.241799e+00,7.095992e-01,7.687324e-01,1.360065e+00,1.300932e+00,1.064399e+00,1.005265e+00,8.869990e-01,1.300932e+00,1.655731e+00,1.833131e+00,1.773998e+00,1.596598e+00,1.892264e+00,1.596598e+00,1.537465e+00,2.720130e+00,2.483597e+00,2.187931e+00,2.720130e+00,2.779263e+00,2.306197e+00,3.370596e+00,3.429729e+00,3.843662e+00,4.908061e+00,3.607129e+00,3.784529e+00,4.257595e+00,4.553261e+00,5.085461e+00,6.741192e+00,5.854193e+00,6.268126e+00,7.214258e+00,7.450791e+00,7.923857e+00,7.923857e+00,8.456057e+00,9.579589e+00,9.165656e+00,1.034832e+01,1.123532e+01,1.129445e+01,1.070312e+01,1.253625e+01,1.176752e+01,1.235885e+01,1.383718e+01,1.401458e+01,1.632078e+01,1.395545e+01,1.661645e+01,1.549292e+01,1.602511e+01,1.809478e+01,1.773998e+01,1.661645e+01,1.768085e+01,1.756258e+01,1.898178e+01,1.779911e+01,2.022358e+01,1.862698e+01,2.063751e+01,1.862698e+01,1.898178e+01,2.116971e+01,1.992791e+01,1.951398e+01,1.957311e+01,1.904091e+01,1.773998e+01,1.750345e+01,1.756258e+01,1.708951e+01,1.939571e+01,1.632078e+01,1.703038e+01,1.484245e+01,1.454678e+01,1.531552e+01,1.478332e+01,1.431025e+01,1.431025e+01,1.336412e+01,1.318672e+01,1.200405e+01,1.200405e+01,1.200405e+01,1.082139e+01,9.875255e+00,8.692590e+00,9.047389e+00,8.219524e+00,8.219524e+00,9.224789e+00,8.692590e+00,7.273391e+00,6.682059e+00,5.262860e+00,5.144594e+00,5.440260e+00,4.553261e+00,4.848928e+00,4.494128e+00,2.897530e+00,3.134063e+00,3.607129e+00,3.252330e+00,2.956663e+00,2.542730e+00,2.306197e+00,2.128798e+00,2.187931e+00,2.365331e+00,1.714865e+00,1.655731e+00,1.833131e+00,1.300932e+00,1.300932e+00,1.064399e+00,1.419198e+00,1.478332e+00,1.123532e+00,1.360065e+00,1.064399e+00,1.241799e+00,1.241799e+00,7.687324e-01,7.687324e-01,7.687324e-01,8.278657e-01,4.139328e-01,8.869990e-01,7.095992e-01,2.365331e-01,7.687324e-01,4.730661e-01,8.278657e-01,5.913326e-01,7.095992e-01,6.504659e-01,5.321994e-01,6.504659e-01,7.095992e-01,5.913326e-01,4.139328e-01,3.547996e-01,7.687324e-01,4.730661e-01,5.321994e-01,1.773998e-01,7.095992e-01,3.547996e-01,2.365331e-01,4.730661e-01,4.730661e-01,2.365331e-01,4.139328e-01,4.139328e-01,2.365331e-01,2.365331e-01,5.321994e-01,4.139328e-01,7.687324e-01,4.730661e-01,7.095992e-01,7.687324e-01,6.504659e-01,2.956663e-01,8.278657e-01,4.139328e-01,4.730661e-01,7.687324e-01
4.730661e-01,5.321994e-01,4.139328e-01,2.365331e-01,3.547996e-01,7.095992e-01,2.956663e-01,4.730661e-01,3.547996e-01,4.730661e-01,3.547996e-01,8.869990e-01,7.687324e-01,4.730661e-01,3.547996e-01,6.504659e-01,2.956663e-01,5.913326e-01,4.139328e-01,2.365331e-01,7.095992e-01,1.182665e-01,5.321994e-01,4.730661e-01,7.687324e-01,4.139328e-01,3.547996e-01,3.547996e-01,5.321994e-01,7.095992e-01,5.321994e-01,3.547996e-01,2.365331e-01,5.913326e-01,2.365331e-01,7.687324e-01,2.956663e-01,4.730661e-01,5.913326e-01,5.913326e-01,6.504659e-01,5.321994e-01,7.095992e-01,7.095992e-01,4.730661e-01,4.139328e-01,4.139328e-01,4.730661e-01,4.139328e-01,6.504659e-01,7.095992e-01,6.504659e-01,8.278657e-01,4.139328e-01,8.278657e-01,4.730661e-01,5.321994e-01,6.504659e-01,2.956663e-01,5.913326e-01,5.913326e-01,2.956663e-01,3.547996e-01,4.139328e-01,2.956663e-01,5.321994e-01,7.095992e-01,3.547996e-01,7.095992e-01,7.095992e-01,5.913326e-01,7.095992e-01,4.730661e-01,2.956663e-01,2.365331e-01,4.730661e-01,6.504659e-01,4.139328e-01,6.504659e-01,4.139328e-01,4.139328e-01,5.321994e-01,5.321994e-01,3.547996e-01,3.547996e-01,4.139328e-01,5.321994e-01,7.095992e-01,3.547996e-01,7.687324e-01,4.730661e-01,7.687324e-01,6.504659e-01,6.504659e-01,2.956663e-01,4.730661e-01,8.278657e-01,1.123532e+00,9.461322e-01,7.687324e-01,8.278657e-01,1.123532e+00,4.730661e-01,6.504659e-01,7.687324e-01,9.461322e-01,6.504659e-01,1.241799e+00,1.360065e+00,8.869990e-01,1.360065e+00,1.241799e+00,1.064399e+00,1.537465e+00,1.478332e+00,1.182665e+00,2.128798e+00,2.128798e+00,2.010531e+00,1.773998e+00,2.424464e+00,1.892264e+00,3.193196e+00,3.074930e+00,2.601864e+00,2.956663e+00,3.311463e+00,3.666262e+00,4.257595e+00,4.080195e+00,3.488863e+00,4.375862e+00,4.198462e+00,3.843662e+00,5.676793e+00,4.671528e+00,5.913326e+00,8.456057e+00,6.149859e+00,7.214258e+00,8.101257e+00,7.746458e+00,8.810856e+00,9.224789e+00,9.224789e+00,1.011179e+01,1.070312e+01,1.093965e+01,1.265452e+01,1.259539e+01,1.259539e+01,1.318672e+01,1.419198e+01,1.436938e+01,1.425112e+01,1.436938e+01,1.614338e+01,1.655731e+01,1.768085e+01,1.466505e+01,1.750345e+01,1.691211e+01,1.602511e+01,1.886351e+01,1.708951e+01,1.803565e+01,1.904091e+01,1.785825e+01,1.945484e+01,1.862698e+01,1.980964e+01,1.951398e+01,1.821305e+01,1.762171e+01,1.939571e+01,1.939571e+01,1.827218e+01,1.732605e+01,1.945484e+01,1.744431e+01,1.762171e+01,1.685298e+01,1.880438e+01,1.720778e+01,1.655731e+01,1.661645e+01,1.537465e+01,1.330498e+01,1.300932e+01,1.235885e+01,1.543378e+01,1.218145e+01,1.247712e+01,1.206319e+01,1.023005e+01,1.176752e+01,9.993522e+00,1.123532e+01,1.023005e+01,8.160390e+00,8.101257e+00,7.332525e+00,7.273391e+00,8.515190e+00,6.977725e+00,5.381127e+00,6.208993e+00,5.913326e+00,5.617660e+00,5.144594e+00,4.198462e+00,3.488863e+00,3.547996e+00,3.370596e+00,2.720130e+00,2.779263e+00,2.247064e+00,2.069664e+00,2.660997e+00,2.483597e+00,2.306197e+00,1.951398e+00,1.714865e+00,1.596598e+00,1.478332e+00,1.596598e+00,9.461322e-01,1.182665e+00,1.241799e+00,1.182665e+00,1.005265e+00,1.064399e+00,1.182665e+00,1.300932e+00,7.095992e-01,1.182665e+00,6.504659e-01,6.504659e-01,6.504659e-01,5.913326e-01,7.095992e-01,6.504659e-01,5.321994e-01,4.139328e-01,6.504659e-01,8.278657e-01,7.095992e-01,4.730661e-01,5.321994e-01,7.095992e-01,6.504659e-01,6.504659e-01,8.278657e-01,4.730661e-01,3.547996e-01,3.547996e-01,4.730661e-01,1.773998e-01,7.095992e-01,7.095992e-01,3.547996e-01,4.730661e-01,6.504659e-01,6.504659e-01,7.095992e-01,5.321994e-01,5.913326e-01,7.095992e-01,3.547996e-01,4.730661e-01,4.139328e-01,5.321994e-01,4.730661e-01,2.365331e-01,1.773998e-01,3.547996e-01,2.365331e-01,5.321994e-01,6.504659e-01,9.461322e-01
6.504659e-01,4.139328e-01,6.504659e-01,5.913326e-01,6.504659e-01,3.547996e-01,1.773998e-01,5.913326e-01,5.321994e-01,7.687324e-01,7.095992e-01,4.730661e-01,4.139328e-01,2.956663e-01,6.504659e-01,5.913326e-01,5.913326e-01,3.547996e-01,5.321994e-01,4.730661e-01,4.730661e-01,8.278657e-01,4.730661e-01,3.547996e-01,4.139328e-01,3.547996e-01,4.730661e-01,6.504659e-01,5.913326e-01,5.913326e-01,8.869990e-01,5.321994e-01,5.321994e-01,4.730661e-01,5.913326e-01,4.730661e-01,4.139328e-01,6.504659e-01,2.956663e-01,3.547996e-01,7.095992e-01,5.913326e-01,4.730661e-01,6.504659e-01,7.095992e-01,4.139328e-01,7.687324e-01,7.095992e-01,5.321994e-01,1.773998e-01,2.956663e-01,4.730661e-01,4.139328e-01,5.321994e-01,5.321994e-01,4.139328e-01,4.730661e-01,4.139328e-01,5.913326e-01,5.913326e-01,4.730661e-01,3.547996e-01,2.365331e-01,2.956663e-01,1.182665e-01,5.321994e-01,2.365331e-01,5.321994e-01,8.278657e-01,3.547996e-01,5.913326e-01,5.913326e-01,3.547996e-01,4.139328e-01,7.687324e-01,2.365331e-01,5.321994e-01,4.730661e-01,5.913326e-01,5.913326e-01,9.461322e-01,5.321994e-01,5.321994e-01,8.278657e-01,5.321994e-01,5.913326e-01,4.730661e-01,5.321994e-01,4.730661e-01,5.321994e-01,3.547996e-01,3.547996e-01,5.913326e-01,1.064399e+00,4.139328e-01,6.504659e-01,5.913326e-01,8.278657e-01,9.461322e-01,5.321994e-01,8.869990e-01,7.687324e-01,7.095992e-01,6.504659e-01,8.869990e-01,8.869990e-01,8.869990e-01,8.869990e-01,1.123532e+00,1.241799e+00,8.869990e-01,1.419198e+00,9.461322e-01,1.360065e+00,1.182665e+00,1.951398e+00,1.596598e+00,1.419198e+00,2.069664e+00,2.897530e+00,2.128798e+00,3.311463e+00,2.483597e+00,2.601864e+00,2.660997e+00,2.838397e+00,3.370596e+00,4.257595e+00,4.139328e+00,4.375862e+00,4.375862e+00,3.547996e+00,5.440260e+00,4.198462e+00,5.026327e+00,6.386393e+00,7.332525e+00,7.155125e+00,7.628191e+00,6.445526e+00,7.036858e+00,8.869990e+00,7.805591e+00,8.337790e+00,9.993522e+00,1.005265e+01,1.052572e+01,1.064399e+01,1.141272e+01,1.123532e+01,1.141272e+01,1.253625e+01,1.342325e+01,1.330498e+01,1.466505e+01,1.572945e+01,1.348238e+01,1.572945e+01,1.637991e+01,1.637991e+01,1.703038e+01,1.543378e+01,1.519725e+01,1.892264e+01,1.714865e+01,1.992791e+01,1.963224e+01,1.862698e+01,1.980964e+01,1.975051e+01,2.075578e+01,1.992791e+01,1.815391e+01,2.069664e+01,2.105144e+01,1.797651e+01,1.691211e+01,1.821305e+01,1.898178e+01,1.868611e+01,1.862698e+01,1.797651e+01,1.768085e+01,1.773998e+01,1.537465e+01,1.513812e+01,1.501985e+01,1.389632e+01,1.431025e+01,1.212232e+01,1.241799e+01,1.200405e+01,1.082139e+01,1.082139e+01,1.135359e+01,9.106523e+00,1.111705e+01,8.988256e+00,9.875255e+00,8.988256e+00,6.918592e+00,6.859459e+00,6.682059e+00,6.208993e+00,6.741192e+00,6.859459e+00,4.848928e+00,4.908061e+00,4.612395e+00,4.789794e+00,4.198462e+00,4.553261e+00,3.252330e+00,3.784529e+00,3.370596e+00,3.193196e+00,2.660997e+00,2.483597e+00,2.306197e+00,1.892264e+00,1.360065e+00,1.951398e+00,1.419198e+00,1.951398e+00,1.596598e+00,1.300932e+00,9.461322e-01,1.596598e+00,1.241799e+00,1.241799e+00,1.360065e+00,1.123532e+00,1.005265e+00,1.241799e+00,1.005265e+00,1.005265e+00,7.687324e-01,1.123532e+00,7.095992e-01,7.687324e-01,7.095992e-01,7.095992e-01,8.278657e-01,4.139328e-01,7.687324e-01,6.504659e-01,8.278657e-01,7.687324e-01,3.547996e-01,3.547996e-01,7.687324e-01,5.321994e-01,5.913326e-01,1.773998e-01,4.730661e-01,4.730661e-01,8.869990e-01,2.365331e-01,5.913326e-01,5.321994e-01,5.321994e-01,2.956663e-01,3.547996e-01,3.547996e-01,1.773998e-01,5.321994e-01,7.095992e-01,5.321994e-01,7.687324e-01,4.139328e-01,5.321994e-01,2.956663e-01,4.730661e-01,8.278657e-01,5.321994e-01,2.956663e-01,4.139328e-01,2.365331e-01,5.913326e-01,2.365331e-01
5.913326e-01,4.730661e-01,4.139328e-01,4.139328e-01,6.504659e-01,3.547996e-01,2.956663e-01,8.278657e-01,5.321994e-01,5.913326e-01,7.095992e-01,2.956663e-01,2.956663e-01,2.956663e-01,4.139328e-01,5.321994e-01,4.730661e-01,5.913326e-01,4.139328e-01,1.773998e-01,2.365331e-01,3.547996e-01,3.547996e-01,5.913326e-01,2.365331e-01,4.730661e-01,4.730661e-01,2.956663e-01,2.365331e-01,2.956663e-01,2.956663e-01,7.687324e-01,5.913326e-01,3.547996e-01,3.547996e-01,5.321994e-01,3.547996e-01,5.913326e-02,5.321994e-01,5.913326e-01,5.913326e-01,5.321994e-01,4.730661e-01,2.956663e-01,8.278657e-01,5.913326e-01,4.730661e-01,2.956663e-01,4.730661e-01,5.321994e-01,4.139328e-01,4.139328e-01,7.687324e-01,5.321994e-01,5.913326e-01,4.139328e-01,2.365331e-01,2.956663e-01,7.095992e-01,7.095992e-01,2.956663e-01,2.365331e-01,3.547996e-01,5.913326e-01,7.687324e-01,5.321994e-01,1.064399e+00,4.139328e-01,6.504659e-01,4.730661e-01,5.321994e-01,5.913326e-01,6.504659e-01,5.321994e-01,6.504659e-01,7.687324e-01,4.730661e-01,8.869990e-01,6.504659e-01,4.139328e-01,7.687324e-01,8.869990e-01,7.687324e-01,3.547996e-01,3.547996e-01,5.321994e-01,3.547996e-01,4.139328e-01,5.913326e-01,2.365331e-01,7.687324e-01,9.461322e-01,5.913326e-01,8.278657e-01,6.504659e-01,4.139328e-01,7.095992e-01,5.321994e-01,1.064399e+00,5.321994e-01,8.278657e-01,1.123532e+00,7.687324e-01,1.478332e+00,1.478332e+00,7.687324e-01,1.182665e+00,7.095992e-01,1.064399e+00,1.123532e+00,1.478332e+00,1.182665e+00,1.360065e+00,1.773998e+00,1.714865e+00,2.069664e+00,2.187931e+00,1.655731e+00,2.128798e+00,2.247064e+00,2.720130e+00,2.187931e+00,2.424464e+00,2.956663e+00,2.306197e+00,3.429729e+00,3.074930e+00,3.488863e+00,3.961929e+00,4.316728e+00,4.434995e+00,4.730661e+00,5.085461e+00,5.854193e+00,5.676793e+00,5.499394e+00,5.854193e+00,6.682059e+00,8.278657e+00,8.337790e+00,7.982991e+00,7.982991e+00,8.278657e+00,9.165656e+00,8.101257e+00,1.058485e+01,1.064399e+01,1.135359e+01,1.088052e+01,1.277279e+01,1.224059e+01,1.277279e+01,1.431025e+01,1.460592e+01,1.525638e+01,1.436938e+01,1.442852e+01,1.448765e+01,1.425112e+01,1.874524e+01,1.750345e+01,1.720778e+01,1.839045e+01,1.726691e+01,1.868611e+01,1.827218e+01,2.010531e+01,1.910004e+01,1.708951e+01,1.963224e+01,1.915918e+01,1.986878e+01,1.874524e+01,2.176104e+01,1.951398e+01,1.957311e+01,1.868611e+01,1.963224e+01,1.714865e+01,1.756258e+01,1.756258e+01,1.827218e+01,1.484245e+01,1.572945e+01,1.602511e+01,1.602511e+01,1.519725e+01,1.324585e+01,1.448765e+01,1.342325e+01,1.436938e+01,1.212232e+01,1.093965e+01,1.058485e+01,1.170839e+01,1.229972e+01,9.816122e+00,8.929123e+00,9.402189e+00,8.633457e+00,7.155125e+00,8.160390e+00,7.155125e+00,6.800325e+00,6.622926e+00,6.090726e+00,5.499394e+00,5.381127e+00,5.262860e+00,4.139328e+00,4.021062e+00,4.375862e+00,3.488863e+00,2.720130e+00,3.252330e+00,3.311463e+00,2.779263e+00,2.897530e+00,1.892264e+00,1.892264e+00,1.892264e+00,1.360065e+00,2.601864e+00,1.833131e+00,1.596598e+00,1.300932e+00,1.773998e+00,7.095992e-01,7.095992e-01,1.005265e+00,5.913326e-01,9.461322e-01,1.064399e+00,8.278657e-01,8.869990e-01,1.241799e+00,4.730661e-01,7.687324e-01,4.730661e-01,5.913326e-01,8.278657e-01,1.064399e+00,8.278657e-01,6.504659e-01,2.956663e-01,4.139328e-01,6.504659e-01,4.730661e-01,4.730661e-01,4.730661e-01,5.321994e-01,4.730661e-01,2.956663e-01,3.547996e-01,4.730661e-01,8.869990e-01,5.913326e-01,5.321994e-01,4.730661e-01,4.139328e-01,7.095992e-01,8.278657e-01,5.913326e-01,4.730661e-01,4.139328e-01,5.913326e-01,5.321994e-01,3.547996e-01,4.730661e-01,5.321994e-01,2.956663e-01,7.687324e-01,5.913326e-01,4.139328e-01,7.095992e-01,5.321994e-01,4.139328e-01,6.504659e-01,2.365331e-01,7.687324e-01
4.139328e-01,5.913326e-01,6.504659e-01,5.913326e-01,7.687324e-01,8.278657e-01,7.095992e-01,4.139328e-01,8.869990e-01,2.956663e-01,2.956663e-01,4.139328e-01,4.139328e-01,5.913326e-01,5.913326e-01,3.547996e-01,5.913326e-01,5.321994e-01,5.913326e-01,3.547996e-01,6.504659e-01,5.321994e-01,7.095992e-01,2.365331e-01,5.321994e-01,5.913326e-01,4.139328e-01,4.139328e-01,4.730661e-01,2.365331e-01,4.139328e-01,4.730661e-01,7.095992e-01,3.547996e-01,4.730661e-01,4.730661e-01,5.913326e-01,5.321994e-01,5.321994e-01,8.278657e-01,4.730661e-01,7.095992e-01,2.956663e-01,6.504659e-01,4.730661e-01,6.504659e-01,5.321994e-01,4.730661e-01,3.547996e-01,5.913326e-01,4.730661e-01,4.139328e-01,4.730661e-01,5.321994e-01,7.095992e-01,5.321994e-01,2.365331e-01,5.321994e-01,5.321994e-01,4.139328e-01,6.504659e-01,3.547996e-01,7.687324e-01,4.730661e-01,3.547996e-01,4.139328e-01,5.913326e-01,4.139328e-01,2.365331e-01,6.504659e-01,4.139328e-01,5.321994e-01,5.321994e-01,5.321994e-01,9.461322e-01,5.321994e-01,3.547996e-01,6.504659e-01,5.913326e-01,5.321994e-01,5.913326e-01,4.730661e-01,5.321994e-01,4.730661e-01,4.730661e-01,4.139328e-01,7.095992e-01,7.095992e-01,1.773998e-01,7.095992e-01,6.504659e-01,6.504659e-01,5.321994e-01,6.504659e-01,8.869990e-01,8.278657e-01,1.005265e+00,8.278657e-01,7.095992e-01,7.095992e-01,1.064399e+00,1.005265e+00,1.182665e+00,8.869990e-01,7.095992e-01,1.478332e+00,1.182665e+00,7.687324e-01,1.714865e+00,1.596598e+00,1.241799e+00,1.360065e+00,1.596598e+00,1.537465e+00,1.714865e+00,1.773998e+00,2.128798e+00,2.601864e+00,2.838397e+00,2.956663e+00,2.247064e+00,3.429729e+00,2.720130e+00,3.015796e+00,3.370596e+00,3.193196e+00,4.612395e+00,4.494128e+00,4.257595e+00,4.257595e+00,4.375862e+00,6.208993e+00,5.676793e+00,6.268126e+00,5.735927e+00,6.386393e+00,6.031593e+00,7.450791e+00,7.332525e+00,8.574323e+00,7.982991e+00,8.396923e+00,9.697855e+00,9.224789e+00,1.017092e+01,1.017092e+01,1.017092e+01,1.117619e+01,1.259539e+01,1.034832e+01,1.129445e+01,1.194492e+01,1.336412e+01,1.401458e+01,1.342325e+01,1.549292e+01,1.632078e+01,1.478332e+01,1.501985e+01,1.850871e+01,1.637991e+01,1.549292e+01,1.880438e+01,1.862698e+01,1.519725e+01,1.714865e+01,1.750345e+01,2.004618e+01,1.738518e+01,1.969138e+01,1.791738e+01,1.856784e+01,1.744431e+01,2.057838e+01,1.797651e+01,1.874524e+01,1.868611e+01,1.703038e+01,1.620251e+01,1.892264e+01,1.762171e+01,1.632078e+01,1.756258e+01,1.578858e+01,1.507898e+01,1.590685e+01,1.442852e+01,1.224059e+01,1.365978e+01,1.306845e+01,1.265452e+01,1.342325e+01,1.241799e+01,1.159012e+01,9.106523e+00,1.076225e+01,9.816122e+00,9.224789e+00,9.579589e+00,8.692590e+00,8.396923e+00,7.864724e+00,6.268126e+00,6.622926e+00,5.795060e+00,4.553261e+00,4.434995e+00,4.789794e+00,4.257595e+00,4.434995e+00,4.671528e+00,3.193196e+00,3.902795e+00,4.080195e+00,3.252330e+00,2.424464e+00,2.424464e+00,2.187931e+00,2.187931e+00,2.247064e+00,1.478332e+00,1.596598e+00,1.655731e+00,1.714865e+00,1.478332e+00,1.833131e+00,1.419198e+00,1.005265e+00,1.005265e+00,1.064399e+00,8.278657e-01,9.461322e-01,1.123532e+00,1.123532e+00,1.064399e+00,6.504659e-01,8.278657e-01,9.461322e-01,8.869990e-01,6.504659e-01,7.687324e-01,5.321994e-01,4.139328e-01,8.869990e-01,6.504659e-01,5.913326e-01,4.139328e-01,8.278657e-01,6.504659e-01,3.547996e-01,5.913326e-01,8.278657e-01,5.913326e-01,4.139328e-01,6.504659e-01,4.730661e-01,5.321994e-01,7.687324e-01,4.139328e-01,2.365331e-01,5.321994e-01,5.321994e-01,2.956663e-01,8.278657e-01,8.278657e-01,7.095992e-01,8.869990e-01,2.956663e-01,8.278657e-01,4.139328e-01,1.773998e-01,4.730661e-01,5.321994e-01,7.095992e-01,3.547996e-01,8.278657e-01,2.956663e-01,4.730661e-01,3.547996e-01,7.687324e-01
4.730661e-01,4.139328e-01,5.913326e-01,2.365331e-01,2.956663e-01,4.730661e-01,6.504659e-01,4.730661e-01,7.687324e-01,3.547996e-01,7.095992e-01,8.278657e-01,4.730661e-01,4.139328e-01,3.547996e-01,4.730661e-01,2.365331e-01,2.956663e-01,4.139328e-01,7.095992e-01,5.321994e-01,5.321994e-01,6.504659e-01,4.139328e-01,5.321994e-01,2.365331e-01,7.687324e-01,2.365331e-01,6.504659e-01,3.547996e-01,7.095992e-01,2.365331e-01,6.504659e-01,5.321994e-01,7.095992e-01,5.321994e-01,3.547996e-01,7.687324e-01,4.730661e-01,5.913326e-01,5.321994e-01,5.321994e-01,4.139328e-01,7.687324e-01,2.956663e-01,4.139328e-01,5.913326e-01,4.730661e-01,6.504659e-01,8.869990e-01,5.913326e-01,4.139328e-01,3.547996e-01,4.139328e-01,4.139328e-01,2.365331e-01,5.321994e-01,4.730661e-01,5.321994e-01,5.913326e-01,5.913326e-01,6.504659e-01,7.687324e-01,2.956663e-01,4.730661e-01,1.773998e-01,1.773998e-01,8.278657e-01,5.913326e-01,4.730661e-01,6.504659e-01,4.139328e-01,5.913326e-01,5.321994e-01,5.913326e-01,2.956663e-01,2.956663e-01,6.504659e-01,5.321994e-01,5.913326e-01,3.547996e-01,3.547996e-01,7.095992e-01,9.461322e-01,7.095992e-01,8.869990e-01,4.730661e-01,4.139328e-01,1.064399e+00,1.064399e+00,1.182665e+00,8.278657e-01,8.278657e-01,7.095992e-01,6.504659e-01,9.461322e-01,8.278657e-01,1.064399e+00,9.461322e-01,8.278657e-01,1.123532e+00,1.596598e+00,9.461322e-01,1.064399e+00,1.182665e+00,1.360065e+00,1.360065e+00,1.064399e+00,1.241799e+00,1.478332e+00,1.596598e+00,1.596598e+00,1.419198e+00,2.128798e+00,1.833131e+00,2.483597e+00,2.424464e+00,2.483597e+00,2.247064e+00,2.601864e+00,1.833131e+00,3.725396e+00,2.897530e+00,3.488863e+00,4.198462e+00,2.838397e+00,4.198462e+00,4.494128e+00,4.021062e+00,3.666262e+00,5.499394e+00,5.321994e+00,5.735927e+00,5.262860e+00,7.095992e+00,6.445526e+00,6.741192e+00,7.036858e+00,8.692590e+00,8.219524e+00,9.402189e+00,9.165656e+00,9.461322e+00,8.810856e+00,1.005265e+01,1.076225e+01,1.135359e+01,1.093965e+01,1.135359e+01,1.460592e+01,1.200405e+01,1.306845e+01,1.289105e+01,1.425112e+01,1.496072e+01,1.578858e+01,1.360065e+01,1.602511e+01,1.732605e+01,1.626165e+01,1.738518e+01,1.785825e+01,1.655731e+01,1.815391e+01,1.963224e+01,1.886351e+01,1.904091e+01,1.874524e+01,1.998704e+01,1.785825e+01,1.915918e+01,1.797651e+01,1.744431e+01,1.886351e+01,1.850871e+01,1.791738e+01,1.827218e+01,1.768085e+01,1.827218e+01,1.744431e+01,1.555205e+01,1.862698e+01,1.768085e+01,1.703038e+01,1.365978e+01,1.371892e+01,1.425112e+01,1.212232e+01,1.218145e+01,1.200405e+01,1.365978e+01,1.212232e+01,1.093965e+01,1.093965e+01,9.816122e+00,1.046659e+01,9.224789e+00,7.509925e+00,9.224789e+00,6.682059e+00,6.918592e+00,8.633457e+00,7.628191e+00,5.321994e+00,5.795060e+00,5.913326e+00,5.440260e+00,4.375862e+00,4.021062e+00,4.612395e+00,3.843662e+00,3.252330e+00,4.139328e+00,3.607129e+00,3.252330e+00,2.897530e+00,2.601864e+00,2.779263e+00,2.660997e+00,2.306197e+00,1.300932e+00,2.010531e+00,1.714865e+00,2.010531e+00,1.182665e+00,1.360065e+00,1.419198e+00,1.005265e+00,1.300932e+00,7.095992e-01,1.064399e+00,1.064399e+00,8.869990e-01,1.537465e+00,8.278657e-01,8.869990e-01,5.913326e-01,7.687324e-01,6.504659e-01,5.321994e-01,7.095992e-01,9.461322e-01,5.913326e-01,4.730661e-01,6.504659e-01,5.321994e-01,5.913326e-01,5.321994e-01,9.461322e-01,4.139328e-01,3.547996e-01,4.730661e-01,1.182665e-01,7.095992e-01,4.730661e-01,3.547996e-01,5.913326e-01,2.956663e-01,2.365331e-01,5.321994e-01,4.139328e-01,6.504659e-01,4.139328e-01,5.913326e-01,4.139328e-01,4.730661e-01,6.504659e-01,2.956663e-01,3.547996e-01,2.956663e-01,4.139328e-01,7.095992e-01,5.913326e-01,7.095992e-01,2.365331e-01,7.095992e-01,7.095992e-01,2.956663e-01,8.869990e-01,4.139328e-01
4.730661e-01,5.913326e-01,3.547996e-01,6.504659e-01,3.547996e-01,3.547996e-01,6.504659e-01,6.504659e-01,5.321994e-01,3.547996e-01,4.139328e-01,6.504659e-01,5.321994e-01,7.095992e-01,4.139328e-01,5.321994e-01,5.321994e-01,4.730661e-01,2.956663e-01,2.365331e-01,8.278657e-01,6.504659e-01,4.730661e-01,5.321994e-01,5.321994e-01,5.321994e-01,8.278657e-01,4.730661e-01,3.547996e-01,4.730661e-01,2.956663e-01,3.547996e-01,1.005265e+00,2.956663e-01,5.321994e-01,5.913326e-01,5.321994e-01,4.730661e-01,2.956663e-01,5.321994e-01,2.956663e-01,8.278657e-01,5.913326e-01,5.913326e-01,5.913326e-01,3.547996e-01,7.095992e-01,3.547996e-01,4.730661e-01,9.461322e-01,7.687324e-01,8.278657e-01,7.095992e-01,5.913326e-01,6.504659e-01,5.321994e-01,8.869990e-01,7.687324e-01,4.139328e-01,4.730661e-01,5.913326e-01,4.730661e-01,3.547996e-01,4.139328e-01,5.913326e-01,5.913326e-01,6.504659e-01,7.687324e-01,4.139328e-01,1.773998e-01,4.139328e-01,4.139328e-01,6.504659e-01,4.139328e-01,4.139328e-01,7.095992e-01,4.139328e-01,5.913326e-01,4.139328e-01,4.730661e-01,8.869990e-01,6.504659e-01,5.913326e-01,6.504659e-01,5.321994e-01,5.321994e-01,8.278657e-01,2.956663e-01,5.321994e-01,7.687324e-01,7.095992e-01,5.913326e-01,8.278657e-01,8.869990e-01,8.278657e-01,4.730661e-01,1.123532e+00,8.869990e-01,1.064399e+00,8.869990e-01,9.461322e-01,1.241799e+00,1.300932e+00,1.478332e+00,1.773998e+00,1.064399e+00,1.005265e+00,2.306197e+00,2.069664e+00,1.241799e+00,1.419198e+00,2.187931e+00,1.773998e+00,2.247064e+00,2.306197e+00,3.015796e+00,1.773998e+00,2.720130e+00,3.429729e+00,2.247064e+00,3.429729e+00,3.311463e+00,2.365331e+00,4.139328e+00,3.666262e+00,4.257595e+00,4.848928e+00,3.607129e+00,5.026327e+00,4.848928e+00,5.558527e+00,5.262860e+00,6.031593e+00,5.676793e+00,7.095992e+00,7.687324e+00,7.450791e+00,6.859459e+00,9.520455e+00,7.864724e+00,8.988256e+00,8.160390e+00,9.697855e+00,1.117619e+01,9.106523e+00,1.011179e+01,1.218145e+01,1.070312e+01,1.212232e+01,1.312758e+01,1.383718e+01,1.348238e+01,1.289105e+01,1.194492e+01,1.537465e+01,1.454678e+01,1.436938e+01,1.626165e+01,1.608425e+01,1.773998e+01,1.744431e+01,1.679385e+01,1.596598e+01,1.661645e+01,2.099231e+01,1.738518e+01,1.880438e+01,1.963224e+01,1.951398e+01,1.785825e+01,1.862698e+01,2.034184e+01,1.844958e+01,1.691211e+01,1.815391e+01,1.685298e+01,1.691211e+01,1.637991e+01,1.679385e+01,1.785825e+01,1.703038e+01,1.555205e+01,1.567031e+01,1.555205e+01,1.608425e+01,1.472418e+01,1.324585e+01,1.354152e+01,1.277279e+01,1.377805e+01,1.241799e+01,1.028919e+01,1.135359e+01,1.253625e+01,8.633457e+00,1.040745e+01,7.509925e+00,8.633457e+00,8.515190e+00,7.923857e+00,7.569058e+00,7.509925e+00,7.273391e+00,6.622926e+00,5.617660e+00,4.730661e+00,4.257595e+00,4.789794e+00,4.257595e+00,4.316728e+00,4.316728e+00,3.311463e+00,3.488863e+00,3.074930e+00,3.015796e+00,2.483597e+00,3.193196e+00,2.306197e+00,1.833131e+00,1.714865e+00,1.596598e+00,1.892264e+00,1.892264e+00,1.360065e+00,1.478332e+00,1.773998e+00,1.005265e+00,1.537465e+00,1.123532e+00,1.241799e+00,9.461322e-01,7.687324e-01,4.139328e-01,4.139328e-01,7.095992e-01,9.461322e-01,1.005265e+00,3.547996e-01,7.095992e-01,1.005265e+00,1.005265e+00,8.278657e-01,5.913326e-01,5.913326e-01,5.913326e-01,7.095992e-01,4.139328e-01,6.504659e-01,5.321994e-01,5.321994e-01,4.730661e-01,4.730661e-01,5.913326e-01,4.730661e-01,2.956663e-01,2.365331e-01,3.547996e-01,2.365331e-01,2.956663e-01,6.504659e-01,2.956663e-01,8.278657e-01,6.504659e-01,3.547996e-01,3.547996e-01,3.547996e-01,5.913326e-01,5.913326e-01,7.687324e-01,5.321994e-01,5.913326e-01,3.547996e-01,2.956663e-01,2.365331e-01,7.095992e-01,4.139328e-01,5.913326e-01,4.139328e-01,4.139328e-01,5.913326e-01
5.321994e-01,6.504659e-01,6.504659e-01,4.139328e-01,5.321994e-01,4.730661e-01,7.687324e-01,4.139328e-01,4.730661e-01,6.504659e-01,4.730661e-01,4.139328e-01,3.547996e-01,4.730661e-01,3.547996e-01,6.504659e-01,5.913326e-01,5.321994e-01,6.504659e-01,4.139328e-01,3.547996e-01,5.913326e-01,5.321994e-01,5.913326e-01,6.504659e-01,6.504659e-01,5.913326e-01,5.913326e-01,2.956663e-01,2.365331e-01,5.913326e-01,4.139328e-01,5.321994e-01,4.730661e-01,6.504659e-01,5.913326e-01,3.547996e-01,5.913326e-01,6.504659e-01,2.956663e-01,4.139328e-01,7.687324e-01,4.730661e-01,5.913326e-01,2.956663e-01,7.095992e-01,4.139328e-01,5.913326e-01,5.913326e-01,5.321994e-01,4.730661e-01,4.139328e-01,7.687324e-01,7.095992e-01,3.547996e-01,4.139328e-01,2.956663e-01,3.547996e-01,5.913326e-01,6.504659e-01,6.504659e-01,4.139328e-01,5.321994e-01,4.730661e-01,4.730661e-01,5.913326e-01,4.730661e-01,5.321994e-01,6.504659e-01,5.913326e-01,2.365331e-01,4.139328e-01,5.913326e-01,2.365331e-01,8.278657e-01,5.321994e-01,4.139328e-01,4.730661e-01,5.913326e-01,5.913326e-01,7.095992e-01,5.321994e-01,5.321994e-01,1.123532e+00,3.547996e-01,1.005265e+00,1.241799e+00,1.005265e+00,1.064399e+00,8.869990e-01,4.730661e-01,9.461322e-01,9.461322e-01,9.461322e-01,1.182665e+00,1.241799e+00,7.095992e-01,8.278657e-01,1.064399e+00,8.278657e-01,1.537465e+00,1.241799e+00,7.687324e-01,8.278657e-01,1.241799e+00,1.300932e+00,1.360065e+00,1.892264e+00,1.182665e+00,2.128798e+00,1.537465e+00,1.596598e+00,2.187931e+00,2.187931e+00,1.951398e+00,2.128798e+00,3.074930e+00,2.779263e+00,2.660997e+00,3.370596e+00,3.607129e+00,3.961929e+00,3.311463e+00,3.429729e+00,3.784529e+00,4.494128e+00,4.080195e+00,4.257595e+00,5.144594e+00,6.268126e+00,5.499394e+00,5.085461e+00,5.913326e+00,6.149859e+00,6.445526e+00,7.036858e+00,7.569058e+00,7.982991e+00,7.095992e+00,8.101257e+00,7.746458e+00,1.052572e+01,9.461322e+00,1.023005e+01,9.816122e+00,1.105792e+01,1.064399e+01,1.182665e+01,1.200405e+01,1.212232e+01,1.300932e+01,1.348238e+01,1.330498e+01,1.229972e+01,1.632078e+01,1.336412e+01,1.614338e+01,1.655731e+01,1.714865e+01,1.803565e+01,1.779911e+01,1.602511e+01,1.785825e+01,1.732605e+01,1.785825e+01,1.750345e+01,1.915918e+01,1.886351e+01,1.892264e+01,1.927744e+01,1.833131e+01,1.856784e+01,1.620251e+01,1.915918e+01,1.951398e+01,1.667558e+01,1.939571e+01,1.850871e+01,1.549292e+01,1.679385e+01,1.584771e+01,1.685298e+01,1.762171e+01,1.614338e+01,1.578858e+01,1.549292e+01,1.360065e+01,1.407372e+01,1.141272e+01,1.413285e+01,1.206319e+01,1.141272e+01,1.123532e+01,1.159012e+01,1.235885e+01,8.869990e+00,1.005265e+01,8.278657e+00,8.101257e+00,7.864724e+00,6.800325e+00,5.913326e+00,6.268126e+00,6.918592e+00,5.381127e+00,5.676793e+00,5.499394e+00,4.434995e+00,4.789794e+00,3.784529e+00,3.252330e+00,3.370596e+00,3.488863e+00,2.779263e+00,2.660997e+00,2.247064e+00,2.128798e+00,1.655731e+00,2.542730e+00,2.542730e+00,2.187931e+00,2.069664e+00,2.010531e+00,1.773998e+00,1.951398e+00,1.123532e+00,1.182665e+00,1.123532e+00,1.360065e+00,1.005265e+00,6.504659e-01,9.461322e-01,1.005265e+00,7.687324e-01,8.869990e-01,7.095992e-01,8.869990e-01,7.095992e-01,5.321994e-01,5.913326e-01,1.182665e+00,5.321994e-01,4.139328e-01,8.278657e-01,5.913326e-01,2.365331e-01,7.095992e-01,5.321994e-01,6.504659e-01,5.913326e-02,2.365331e-01,7.095992e-01,3.547996e-01,4.139328e-01,5.321994e-01,5.321994e-01,7.687324e-01,5.913326e-01,5.321994e-01,5.321994e-01,8.278657e-01,1.005265e+00,5.321994e-01,2.956663e-01,4.139328e-01,4.139328e-01,5.913326e-01,5.913326e-01,3.547996e-01,4.730661e-01,7.095992e-01,5.913326e-01,4.139328e-01,5.913326e-01,3.547996e-01,5.321994e-01,5.913326e-01,4.730661e-01,5.321994e-01,1.773998e-01
5.913326e-01,3.547996e-01,1.773998e-01,3.547996e-01,4.730661e-01,7.095992e-01,4.139328e-01,6.504659e-01,7.687324e-01,3.547996e-01,6.504659e-01,4.139328e-01,3.547996e-01,5.321994e-01,2.956663e-01,5.321994e-01,3.547996e-01,4.139328e-01,3.547996e-01,5.913326e-01,5.321994e-01,1.773998e-01,4.730661e-01,3.547996e-01,4.139328e-01,6.504659e-01,1.182665e-01,5.321994e-01,5.913326e-01,4.139328e-01,4.139328e-01,5.321994e-01,3.547996e-01,8.278657e-01,2.365331e-01,9.461322e-01,8.278657e-01,5.321994e-01,7.687324e-01,7.095992e-01,5.321994e-01,7.095992e-01,2.956663e-01,6.504659e-01,6.504659e-01,4.730661e-01,5.913326e-02,2.956663e-01,1.182665e-01,4.730661e-01,7.095992e-01,3.547996e-01,5.913326e-02,5.913326e-01,3.547996e-01,7.095992e-01,4.730661e-01,7.687324e-01,4.139328e-01,7.095992e-01,6.504659e-01,5.321994e-01,7.095992e-01,5.913326e-01,4.730661e-01,5.913326e-01,7.095992e-01,6.504659e-01,6.504659e-01,5.913326e-01,2.956663e-01,6.504659e-01,7.687324e-01,4.139328e-01,5.913326e-01,5.913326e-01,4.139328e-01,5.913326e-01,7.687324e-01,3.547996e-01,5.913326e-01,5.913326e-01,6.504659e-01,3.547996e-01,7.687324e-01,7.687324e-01,5.913326e-01,6.504659e-01,7.095992e-01,1.182665e+00,1.064399e+00,1.064399e+00,9.461322e-01,6.504659e-01,5.913326e-01,7.687324e-01,6.504659e-01,9.461322e-01,8.869990e-01,8.869990e-01,1.360065e+00,1.655731e+00,1.596598e+00,1.537465e+00,1.182665e+00,1.773998e+00,1.951398e+00,1.833131e+00,2.365331e+00,2.187931e+00,1.714865e+00,1.892264e+00,2.306197e+00,2.306197e+00,2.483597e+00,2.187931e+00,2.542730e+00,2.306197e+00,3.488863e+00,2.779263e+00,3.784529e+00,3.252330e+00,4.080195e+00,3.074930e+00,4.375862e+00,4.316728e+00,4.671528e+00,4.848928e+00,5.144594e+00,4.730661e+00,6.800325e+00,6.208993e+00,6.031593e+00,5.854193e+00,7.569058e+00,7.273391e+00,6.445526e+00,9.165656e+00,7.746458e+00,9.520455e+00,8.751723e+00,8.456057e+00,9.638722e+00,9.520455e+00,9.402189e+00,1.058485e+01,1.123532e+01,1.295018e+01,1.265452e+01,1.342325e+01,1.141272e+01,1.389632e+01,1.271365e+01,1.431025e+01,1.543378e+01,1.431025e+01,1.419198e+01,1.365978e+01,1.555205e+01,1.531552e+01,1.549292e+01,1.543378e+01,1.697125e+01,1.655731e+01,1.803565e+01,1.904091e+01,1.791738e+01,1.773998e+01,1.833131e+01,1.750345e+01,1.679385e+01,1.815391e+01,1.791738e+01,1.809478e+01,2.040098e+01,1.738518e+01,1.791738e+01,1.626165e+01,1.549292e+01,1.584771e+01,1.643905e+01,1.833131e+01,1.602511e+01,1.637991e+01,1.525638e+01,1.407372e+01,1.306845e+01,1.336412e+01,1.371892e+01,1.289105e+01,1.153099e+01,1.289105e+01,1.093965e+01,1.017092e+01,9.165656e+00,8.929123e+00,7.923857e+00,9.047389e+00,9.343056e+00,6.504659e+00,7.273391e+00,6.268126e+00,5.026327e+00,5.676793e+00,6.622926e+00,6.504659e+00,4.375862e+00,4.257595e+00,3.784529e+00,3.666262e+00,3.488863e+00,3.666262e+00,2.660997e+00,3.015796e+00,3.134063e+00,2.483597e+00,3.134063e+00,2.247064e+00,1.833131e+00,1.360065e+00,1.833131e+00,1.773998e+00,1.300932e+00,8.278657e-01,1.300932e+00,8.278657e-01,8.869990e-01,1.005265e+00,1.064399e+00,1.773998e+00,1.005265e+00,8.278657e-01,1.123532e+00,7.095992e-01,8.869990e-01,7.095992e-01,8.278657e-01,9.461322e-01,7.095992e-01,6.504659e-01,7.687324e-01,4.730661e-01,5.913326e-01,7.687324e-01,5.913326e-01,5.913326e-01,3.547996e-01,4.730661e-01,5.321994e-01,6.504659e-01,4.730661e-01,3.547996e-01,4.730661e-01,4.730661e-01,4.139328e-01,7.687324e-01,4.139328e-01,5.321994e-01,5.913326e-01,5.321994e-01,4.139328e-01,5.913326e-01,5.913326e-01,6.504659e-01,2.956663e-01,5.321994e-01,7.687324e-01,4.139328e-01,5.321994e-01,8.869990e-01,3.547996e-01,4.730661e-01,4.139328e-01,4.730661e-01,7.095992e-01,5.321994e-01,4.139328e-01,2.956663e-01,7.687324e-01,4.730661e-01
6.504659e-01,7.095992e-01,5.321994e-01,6.504659e-01,2.956663e-01,5.321994e-01,2.956663e-01,5.321994e-01,4.139328e-01,3.547996e-01,2.956663e-01,5.913326e-01,3.547996e-01,5.321994e-01,2.956663e-01,3.547996e-01,8.869990e-01,2.956663e-01,8.869990e-01,5.913326e-01,4.730661e-01,5.913326e-01,8.278657e-01,9.461322e-01,3.547996e-01,7.095992e-01,2.365331e-01,2.956663e-01,5.321994e-01,3.547996e-01,5.913326e-01,4.139328e-01,4.730661e-01,4.139328e-01,1.773998e-01,5.321994e-01,3.547996e-01,4.139328e-01,6.504659e-01,3.547996e-01,4.730661e-01,8.278657e-01,3.547996e-01,5.913326e-01,2.365331e-01,6.504659e-01,3.547996e-01,4.139328e-01,4.139328e-01,4.139328e-01,4.139328e-01,5.321994e-01,2.956663e-01,5.321994e-01,3.547996e-01,4.730661e-01,4.730661e-01,5.913326e-01,7.095992e-01,8.278657e-01,3.547996e-01,5.913326e-01,4.139328e-01,6.504659e-01,1.005265e+00,3.547996e-01,4.139328e-01,5.321994e-01,4.730661e-01,1.064399e+00,4.730661e-01,6.504659e-01,3.547996e-01,4.730661e-01,4.139328e-01,8.278657e-01,5.321994e-01,9.461322e-01,1.064399e+00,6.504659e-01,5.321994e-01,5.321994e-01,6.504659e-01,8.278657e-01,1.182665e+00,6.504659e-01,5.321994e-01,8.278657e-01,6.504659e-01,5.321994e-01,7.687324e-01,7.687324e-01,7.095992e-01,1.123532e+00,8.278657e-01,1.655731e+00,5.321994e-01,1.123532e+00,1.596598e+00,1.596598e+00,1.241799e+00,1.123532e+00,1.478332e+00,1.892264e+00,1.300932e+00,1.478332e+00,1.419198e+00,1.300932e+00,2.542730e+00,1.714865e+00,2.128798e+00,1.951398e+00,1.951398e+00,2.069664e+00,2.424464e+00,3.015796e+00,2.838397e+00,2.956663e+00,3.902795e+00,3.193196e+00,3.370596e+00,3.015796e+00,4.080195e+00,3.843662e+00,4.494128e+00,4.434995e+00,4.671528e+00,5.026327e+00,5.617660e+00,7.036858e+00,5.854193e+00,5.262860e+00,5.440260e+00,6.622926e+00,6.800325e+00,7.036858e+00,6.622926e+00,7.982991e+00,7.214258e+00,9.993522e+00,7.923857e+00,8.515190e+00,1.040745e+01,1.064399e+01,1.023005e+01,1.023005e+01,1.082139e+01,1.176752e+01,1.111705e+01,1.312758e+01,1.330498e+01,1.247712e+01,1.342325e+01,1.336412e+01,1.436938e+01,1.478332e+01,1.525638e+01,1.608425e+01,1.567031e+01,1.602511e+01,1.590685e+01,1.927744e+01,1.750345e+01,1.756258e+01,1.975051e+01,1.839045e+01,1.726691e+01,1.667558e+01,1.850871e+01,1.839045e+01,1.744431e+01,1.685298e+01,1.827218e+01,1.637991e+01,1.756258e+01,1.815391e+01,1.797651e+01,1.720778e+01,1.673471e+01,1.643905e+01,1.614338e+01,1.602511e+01,1.507898e+01,1.567031e+01,1.389632e+01,1.377805e+01,1.247712e+01,1.277279e+01,1.206319e+01,1.241799e+01,1.330498e+01,9.993522e+00,9.993522e+00,1.052572e+01,9.816122e+00,8.692590e+00,8.574323e+00,7.746458e+00,8.160390e+00,7.332525e+00,7.391658e+00,6.918592e+00,5.203727e+00,6.504659e+00,5.203727e+00,5.440260e+00,4.434995e+00,4.789794e+00,4.612395e+00,3.784529e+00,4.080195e+00,3.193196e+00,3.193196e+00,2.838397e+00,2.601864e+00,3.134063e+00,2.247064e+00,1.833131e+00,2.779263e+00,2.128798e+00,1.419198e+00,1.773998e+00,1.300932e+00,1.833131e+00,1.773998e+00,1.241799e+00,1.537465e+00,5.321994e-01,7.687324e-01,8.869990e-01,1.064399e+00,6.504659e-01,1.300932e+00,7.095992e-01,1.123532e+00,6.504659e-01,8.869990e-01,5.321994e-01,4.730661e-01,5.913326e-01,3.547996e-01,4.139328e-01,7.095992e-01,7.095992e-01,7.687324e-01,8.869990e-01,5.321994e-01,5.913326e-01,2.956663e-01,7.095992e-01,2.365331e-01,2.956663e-01,3.547996e-01,5.321994e-01,6.504659e-01,5.913326e-01,5.321994e-01,5.913326e-01,6.504659e-01,7.095992e-01,5.321994e-01,6.504659e-01,4.139328e-01,7.687324e-01,2.365331e-01,3.547996e-01,5.321994e-01,5.913326e-01,5.321994e-01,6.504659e-01,4.730661e-01,7.095992e-01,7.687324e-01,6.504659e-01,5.913326e-01,3.547996e-01,4.730661e-01,5.913326e-01,4.730661e-01,6.504659e-01
2.956663e-01,4.730661e-01,2.956663e-01,3.547996e-01,4.139328e-01,4.730661e-01,7.095992e-01,1.005265e+00,5.321994e-01,1.123532e+00,2.956663e-01,7.095992e-01,5.321994e-01,2.365331e-01,4.730661e-01,7.095992e-01,4.139328e-01,5.321994e-01,4.730661e-01,8.869990e-01,3.547996e-01,2.956663e-01,4.139328e-01,6.504659e-01,7.687324e-01,4.139328e-01,4.139328e-01,4.139328e-01,7.687324e-01,4.730661e-01,5.913326e-01,7.095992e-01,4.730661e-01,9.461322e-01,6.504659e-01,9.461322e-01,6.504659e-01,3.547996e-01,5.321994e-01,3.547996e-01,5.321994e-01,5.913326e-01,7.095992e-01,5.913326e-01,7.687324e-01,3.547996e-01,4.730661e-01,6.504659e-01,6.504659e-01,4.730661e-01,5.913326e-01,6.504659e-01,5.913326e-01,5.321994e-01,4.139328e-01,5.321994e-01,4.730661e-01,7.095992e-01,6.504659e-01,5.913326e-01,5.913326e-01,2.956663e-01,5.913326e-01,5.321994e-01,4.139328e-01,6.504659e-01,4.730661e-01,3.547996e-01,2.365331e-01,1.123532e+00,3.547996e-01,4.139328e-01,9.461322e-01,5.321994e-01,9.461322e-01,7.095992e-01,3.547996e-01,4.730661e-01,8.278657e-01,5.321994e-01,2.365331e-01,4.139328e-01,9.461322e-01,1.005265e+00,5.913326e-01,8.869990e-01,5.321994e-01,8.869990e-01,7.687324e-01,5.321994e-01,9.461322e-01,1.478332e+00,9.461322e-01,7.687324e-01,1.182665e+00,1.478332e+00,1.241799e+00,1.300932e+00,1.241799e+00,7.095992e-01,1.537465e+00,1.596598e+00,1.182665e+00,1.537465e+00,1.360065e+00,1.123532e+00,1.833131e+00,1.300932e+00,2.069664e+00,2.010531e+00,2.128798e+00,2.247064e+00,2.542730e+00,1.773998e+00,2.956663e+00,2.720130e+00,2.247064e+00,2.424464e+00,3.252330e+00,3.902795e+00,2.897530e+00,3.311463e+00,3.843662e+00,3.370596e+00,4.375862e+00,4.139328e+00,5.558527e+00,5.262860e+00,4.257595e+00,5.854193e+00,6.149859e+00,6.386393e+00,6.918592e+00,7.036858e+00,7.214258e+00,7.214258e+00,7.391658e+00,8.515190e+00,9.461322e+00,9.697855e+00,8.219524e+00,9.579589e+00,1.017092e+01,1.005265e+01,1.052572e+01,1.070312e+01,1.170839e+01,1.200405e+01,1.253625e+01,1.082139e+01,1.164925e+01,1.407372e+01,1.496072e+01,1.519725e+01,1.383718e+01,1.407372e+01,1.549292e+01,1.572945e+01,1.590685e+01,1.549292e+01,1.732605e+01,1.572945e+01,1.910004e+01,1.773998e+01,1.732605e+01,1.756258e+01,1.773998e+01,1.655731e+01,1.803565e+01,1.821305e+01,1.904091e+01,1.708951e+01,1.655731e+01,1.714865e+01,1.738518e+01,1.785825e+01,1.738518e+01,1.626165e+01,1.620251e+01,1.697125e+01,1.661645e+01,1.484245e+01,1.691211e+01,1.354152e+01,1.395545e+01,1.312758e+01,1.371892e+01,1.277279e+01,1.194492e+01,1.300932e+01,1.224059e+01,1.076225e+01,1.034832e+01,1.046659e+01,9.697855e+00,9.579589e+00,8.692590e+00,7.805591e+00,9.165656e+00,7.746458e+00,7.036858e+00,7.095992e+00,6.090726e+00,6.918592e+00,4.257595e+00,4.612395e+00,4.908061e+00,4.671528e+00,4.139328e+00,3.429729e+00,4.198462e+00,2.779263e+00,2.779263e+00,3.134063e+00,2.779263e+00,2.601864e+00,2.128798e+00,2.010531e+00,2.187931e+00,1.833131e+00,2.247064e+00,1.005265e+00,1.714865e+00,1.123532e+00,1.714865e+00,1.773998e+00,1.005265e+00,8.278657e-01,1.005265e+00,8.278657e-01,1.123532e+00,1.182665e+00,4.139328e-01,7.687324e-01,5.913326e-01,7.095992e-01,4.730661e-01,5.913326e-01,5.913326e-01,6.504659e-01,4.730661e-01,6.504659e-01,6.504659e-01,5.321994e-01,4.139328e-01,3.547996e-01,4.139328e-01,7.095992e-01,5.913326e-01,5.913326e-01,5.321994e-01,8.278657e-01,7.095992e-01,4.730661e-01,4.139328e-01,2.956663e-01,5.913326e-02,6.504659e-01,5.913326e-01,4.139328e-01,6.504659e-01,5.913326e-01,4.730661e-01,4.139328e-01,4.730661e-01,1.182665e-01,4.139328e-01,4.139328e-01,9.461322e-01,5.321994e-01,4.139328e-01,4.139328e-01,4.139328e-01,4.139328e-01,4.139328e-01,5.321994e-01,2.956663e-01,4.730661e-01,5.321994e-01,7.095992e-01
3.547996e-01,5.913326e-01,3.547996e-01,4.730661e-01,5.321994e-01,4.139328e-01,2.365331e-01,4.139328e-01,4.730661e-01,5.913326e-01,5.321994e-01,4.139328e-01,2.956663e-01,2.956663e-01,2.956663e-01,5.321994e-01,6.504659e-01,5.913326e-01,5.913326e-01,5.321994e-01,7.687324e-01,8.869990e-01,4.730661e-01,7.095992e-01,7.095992e-01,5.913326e-01,4.139328e-01,3.547996e-01,4.730661e-01,6.504659e-01,2.956663e-01,4.730661e-01,6.504659e-01,4.730661e-01,5.321994e-01,2.365331e-01,1.773998e-01,2.956663e-01,7.095992e-01,6.504659e-01,6.504659e-01,1.773998e-01,7.095992e-01,6.504659e-01,5.321994e-01,4.139328e-01,2.956663e-01,7.687324e-01,6.504659e-01,3.547996e-01,6.504659e-01,4.139328e-01,7.687324e-01,9.461322e-01,5.913326e-01,4.139328e-01,5.913326e-01,5.321994e-01,5.321994e-01,6.504659e-01,5.321994e-01,9.461322e-01,4.139328e-01,5.321994e-01,7.095992e-01,3.547996e-01,1.773998e-01,5.321994e-01,4.730661e-01,2.365331e-01,6.504659e-01,4.139328e-01,5.321994e-01,1.005265e+00,5.913326e-01,7.095992e-01,5.913326e-01,3.547996e-01,5.321994e-01,7.687324e-01,4.730661e-01,6.504659e-01,3.547996e-01,9.461322e-01,1.182665e+00,5.913326e-01,4.139328e-01,7.095992e-01,5.913326e-01,1.182665e+00,8.869990e-01,7.095992e-01,9.461322e-01,8.278657e-01,1.419198e+00,7.687324e-01,1.537465e+00,9.461322e-01,1.182665e+00,1.300932e+00,1.005265e+00,1.596598e+00,1.478332e+00,1.655731e+00,1.300932e+00,1.360065e+00,2.010531e+00,1.892264e+00,1.833131e+00,2.838397e+00,2.601864e+00,2.187931e+00,2.483597e+00,3.193196e+00,3.015796e+00,2.956663e+00,2.483597e+00,3.015796e+00,3.074930e+00,3.429729e+00,4.080195e+00,4.257595e+00,3.843662e+00,4.908061e+00,5.262860e+00,4.434995e+00,4.848928e+00,5.085461e+00,5.558527e+00,5.972460e+00,6.563792e+00,6.268126e+00,5.972460e+00,5.795060e+00,7.746458e+00,6.977725e+00,7.450791e+00,7.569058e+00,9.697855e+00,9.875255e+00,9.106523e+00,9.993522e+00,1.017092e+01,9.875255e+00,1.058485e+01,1.241799e+01,1.147185e+01,1.401458e+01,1.271365e+01,1.271365e+01,1.159012e+01,1.241799e+01,1.283192e+01,1.419198e+01,1.247712e+01,1.531552e+01,1.448765e+01,1.661645e+01,1.608425e+01,1.720778e+01,1.643905e+01,1.927744e+01,1.691211e+01,1.744431e+01,1.945484e+01,1.637991e+01,1.738518e+01,1.773998e+01,1.803565e+01,1.714865e+01,1.643905e+01,1.768085e+01,1.850871e+01,1.833131e+01,1.785825e+01,1.833131e+01,1.708951e+01,1.708951e+01,1.584771e+01,1.632078e+01,1.460592e+01,1.738518e+01,1.330498e+01,1.383718e+01,1.413285e+01,1.454678e+01,1.360065e+01,1.194492e+01,1.271365e+01,1.111705e+01,1.105792e+01,1.159012e+01,9.697855e+00,8.869990e+00,1.011179e+01,8.929123e+00,7.450791e+00,7.509925e+00,7.864724e+00,7.864724e+00,7.036858e+00,6.386393e+00,6.563792e+00,6.149859e+00,4.494128e+00,5.321994e+00,4.848928e+00,3.607129e+00,4.257595e+00,4.198462e+00,2.542730e+00,2.838397e+00,2.483597e+00,3.370596e+00,2.483597e+00,2.365331e+00,2.660997e+00,2.128798e+00,2.187931e+00,1.951398e+00,1.537465e+00,9.461322e-01,1.478332e+00,1.123532e+00,1.123532e+00,1.360065e+00,1.300932e+00,9.461322e-01,1.005265e+00,1.005265e+00,1.123532e+00,1.064399e+00,9.461322e-01,7.095992e-01,1.005265e+00,5.913326e-01,5.913326e-01,1.005265e+00,6.504659e-01,6.504659e-01,8.278657e-01,8.869990e-01,3.547996e-01,1.005265e+00,5.321994e-01,5.913326e-01,4.730661e-01,5.913326e-01,3.547996e-01,5.321994e-01,5.913326e-01,3.547996e-01,4.139328e-01,5.321994e-01,6.504659e-01,4.139328e-01,4.730661e-01,3.547996e-01,5.321994e-01,4.139328e-01,4.139328e-01,4.139328e-01,4.139328e-01,5.913326e-01,5.913326e-01,5.321994e-01,1.773998e-01,4.730661e-01,5.913326e-01,4.139328e-01,4.139328e-01,4.139328e-01,3.547996e-01,4.730661e-01,5.913326e-01,4.139328e-01,1.773998e-01,8.278657e-01,4.139328e-01,5.321994e-01
7.095992e-01,3.547996e-01,1.773998e-01,4.730661e-01,5.321994e-01,3.547996e-01,4.139328e-01,3.547996e-01,2.365331e-01,2.956663e-01,7.687324e-01,5.321994e-01,5.913326e-01,4.139328e-01,1.182665e-01,2.365331e-01,1.773998e-01,2.365331e-01,5.321994e-01,3.547996e-01,2.365331e-01,3.547996e-01,4.730661e-01,3.547996e-01,3.547996e-01,3.547996e-01,3.547996e-01,4.139328e-01,2.365331e-01,5.321994e-01,4.730661e-01,4.730661e-01,2.365331e-01,2.956663e-01,7.095992e-01,3.547996e-01,5.913326e-01,8.278657e-01,8.278657e-01,4.139328e-01,4.730661e-01,5.321994e-01,2.956663e-01,2.956663e-01,4.139328e-01,4.139328e-01,6.504659e-01,2.956663e-01,7.095992e-01,4.730661e-01,6.504659e-01,4.139328e-01,4.139328e-01,4.730661e-01,5.913326e-01,4.139328e-01,2.365331e-01,4.139328e-01,7.095992e-01,2.365331e-01,8.278657e-01,7.687324e-01,5.913326e-01,5.321994e-01,5.321994e-01,7.687324e-01,7.687324e-01,5.913326e-01,7.095992e-01,4.730661e-01,5.913326e-01,8.278657e-01,3.547996e-01,6.504659e-01,5.321994e-01,6.504659e-01,5.913326e-01,8.869990e-01,6.504659e-01,8.869990e-01,8.278657e-01,5.913326e-01,8.278657e-01,8.869990e-01,9.461322e-01,5.913326e-01,8.869990e-01,5.913326e-01,7.687324e-01,7.687324e-01,1.123532e+00,9.461322e-01,7.095992e-01,8.869990e-01,8.278657e-01,1.241799e+00,1.005265e+00,1.419198e+00,1.241799e+00,1.714865e+00,1.655731e+00,9.461322e-01,1.182665e+00,1.596598e+00,1.714865e+00,1.655731e+00,1.773998e+00,2.720130e+00,2.069664e+00,2.838397e+00,2.542730e+00,2.956663e+00,2.128798e+00,3.252330e+00,3.311463e+00,2.779263e+00,4.494128e+00,3.311463e+00,3.311463e+00,3.074930e+00,4.789794e+00,4.139328e+00,3.370596e+00,4.375862e+00,5.321994e+00,5.203727e+00,5.795060e+00,5.617660e+00,5.321994e+00,6.504659e+00,5.972460e+00,5.617660e+00,6.031593e+00,7.273391e+00,6.682059e+00,8.042124e+00,7.746458e+00,7.095992e+00,8.101257e+00,1.034832e+01,8.337790e+00,9.638722e+00,1.023005e+01,1.176752e+01,9.934388e+00,1.076225e+01,1.259539e+01,1.300932e+01,1.289105e+01,1.324585e+01,1.348238e+01,1.295018e+01,1.206319e+01,1.413285e+01,1.513812e+01,1.507898e+01,1.413285e+01,1.608425e+01,1.549292e+01,1.501985e+01,1.655731e+01,1.496072e+01,1.844958e+01,1.632078e+01,1.697125e+01,1.590685e+01,1.673471e+01,1.762171e+01,1.655731e+01,1.827218e+01,1.797651e+01,1.874524e+01,1.992791e+01,1.637991e+01,1.803565e+01,1.555205e+01,1.708951e+01,1.791738e+01,1.590685e+01,1.632078e+01,1.620251e+01,1.306845e+01,1.425112e+01,1.513812e+01,1.395545e+01,1.247712e+01,1.531552e+01,1.330498e+01,1.182665e+01,1.212232e+01,1.164925e+01,9.875255e+00,1.099879e+01,9.402189e+00,9.756989e+00,8.633457e+00,8.101257e+00,7.569058e+00,7.569058e+00,6.149859e+00,7.864724e+00,5.440260e+00,5.617660e+00,6.149859e+00,5.262860e+00,3.843662e+00,4.553261e+00,4.316728e+00,3.488863e+00,4.139328e+00,3.370596e+00,3.429729e+00,2.483597e+00,3.193196e+00,2.720130e+00,2.365331e+00,2.424464e+00,1.714865e+00,1.714865e+00,2.187931e+00,1.300932e+00,1.773998e+00,1.596598e+00,1.123532e+00,1.005265e+00,1.123532e+00,1.241799e+00,1.182665e+00,1.478332e+00,8.278657e-01,9.461322e-01,4.139328e-01,1.360065e+00,5.913326e-01,8.869990e-01,8.869990e-01,5.913326e-01,7.687324e-01,2.956663e-01,7.095992e-01,6.504659e-01,4.730661e-01,6.504659e-01,5.321994e-01,5.913326e-01,4.730661e-01,5.321994e-01,2.956663e-01,5.321994e-01,4.139328e-01,4.139328e-01,4.730661e-01,5.321994e-01,4.730661e-01,3.547996e-01,6.504659e-01,2.956663e-01,8.869990e-01,7.687324e-01,8.278657e-01,5.913326e-01,8.869990e-01,4.730661e-01,4.139328e-01,8.278657e-01,5.321994e-01,1.773998e-01,6.504659e-01,4.139328e-01,4.139328e-01,5.321994e-01,5.913326e-01,4.139328e-01,5.913326e-01,5.913326e-01,7.687324e-01,3.547996e-01,4.139328e-01,5.321994e-01,7.095992e-01
5.321994e-01,1.773998e-01,7.687324e-01,7.687324e-01,5.913326e-01,5.321994e-01,5.321994e-01,5.913326e-01,4.139328e-01,5.321994e-01,3.547996e-01,5.321994e-01,6.504659e-01,7.095992e-01,5.913326e-01,4.730661e-01,2.956663e-01,6.504659e-01,8.869990e-01,5.321994e-01,2.365331e-01,5.321994e-01,7.095992e-01,4.730661e-01,7.095992e-01,4.730661e-01,5.321994e-01,6.504659e-01,8.869990e-01,4.139328e-01,2.956663e-01,2.365331e-01,5.913326e-01,5.913326e-01,5.321994e-01,4.139328e-01,5.321994e-01,4.730661e-01,4.730661e-01,4.139328e-01,2.365331e-01,7.095992e-01,5.913326e-01,3.547996e-01,5.913326e-01,5.913326e-01,3.547996e-01,2.365331e-01,4.730661e-01,4.139328e-01,6.504659e-01,5.321994e-01,6.504659e-01,4.730661e-01,5.321994e-01,1.773998e-01,4.139328e-01,2.956663e-01,4.139328e-01,2.956663e-01,2.956663e-01,4.730661e-01,8.869990e-01,8.278657e-01,4.730661e-01,4.139328e-01,5.913326e-01,1.300932e+00,7.095992e-01,8.869990e-01,7.687324e-01,3.547996e-01,6.504659e-01,6.504659e-01,8.278657e-01,7.687324e-01,6.504659e-01,4.730661e-01,6.504659e-01,3.547996e-01,8.278657e-01,9.461322e-01,5.321994e-01,6.504659e-01,7.687324e-01,1.064399e+00,1.300932e+00,9.461322e-01,8.869990e-01,5.321994e-01,9.461322e-01,8.278657e-01,1.064399e+00,1.596598e+00,1.478332e+00,8.278657e-01,1.419198e+00,1.064399e+00,1.773998e+00,1.300932e+00,1.419198e+00,1.478332e+00,2.010531e+00,1.833131e+00,1.833131e+00,1.892264e+00,1.537465e+00,1.833131e+00,1.892264e+00,2.247064e+00,2.187931e+00,2.542730e+00,2.542730e+00,2.424464e+00,2.897530e+00,3.252330e+00,3.015796e+00,3.488863e+00,3.488863e+00,3.488863e+00,4.080195e+00,4.671528e+00,4.908061e+00,4.257595e+00,5.203727e+00,4.434995e+00,5.735927e+00,5.440260e+00,4.789794e+00,5.617660e+00,6.208993e+00,6.031593e+00,6.149859e+00,7.923857e+00,7.036858e+00,8.515190e+00,7.923857e+00,7.332525e+00,8.751723e+00,8.160390e+00,1.023005e+01,1.005265e+01,9.756989e+00,1.052572e+01,1.164925e+01,1.159012e+01,1.212232e+01,1.212232e+01,1.454678e+01,1.289105e+01,1.295018e+01,1.419198e+01,1.537465e+01,1.442852e+01,1.484245e+01,1.377805e+01,1.608425e+01,1.478332e+01,1.608425e+01,1.590685e+01,1.661645e+01,1.697125e+01,1.519725e+01,1.714865e+01,1.697125e+01,1.744431e+01,1.821305e+01,1.685298e+01,1.691211e+01,1.910004e+01,1.697125e+01,1.773998e+01,1.632078e+01,1.614338e+01,1.685298e+01,1.519725e+01,1.773998e+01,1.762171e+01,1.673471e+01,1.472418e+01,1.738518e+01,1.720778e+01,1.407372e+01,1.578858e+01,1.419198e+01,1.401458e+01,1.300932e+01,1.300932e+01,1.164925e+01,1.123532e+01,1.005265e+01,9.638722e+00,1.076225e+01,9.520455e+00,9.756989e+00,9.816122e+00,8.396923e+00,8.337790e+00,6.327259e+00,7.923857e+00,6.327259e+00,6.622926e+00,6.327259e+00,5.262860e+00,4.967194e+00,4.612395e+00,4.789794e+00,4.021062e+00,4.139328e+00,4.139328e+00,3.902795e+00,3.252330e+00,3.074930e+00,2.956663e+00,1.951398e+00,2.483597e+00,2.010531e+00,2.897530e+00,2.128798e+00,1.951398e+00,1.714865e+00,1.833131e+00,9.461322e-01,1.360065e+00,1.537465e+00,1.064399e+00,1.005265e+00,1.714865e+00,1.182665e+00,1.064399e+00,8.869990e-01,9.461322e-01,1.123532e+00,7.095992e-01,5.913326e-01,6.504659e-01,8.278657e-01,5.321994e-01,6.504659e-01,5.913326e-01,4.139328e-01,2.956663e-01,6.504659e-01,5.321994e-01,5.913326e-01,8.278657e-01,2.365331e-01,4.730661e-01,6.504659e-01,7.687324e-01,4.730661e-01,1.182665e-01,4.730661e-01,4.730661e-01,5.913326e-01,5.321994e-01,7.687324e-01,3.547996e-01,4.730661e-01,5.913326e-01,4.139328e-01,4.730661e-01,5.321994e-01,5.321994e-01,4.139328e-01,4.730661e-01,5.321994e-01,9.461322e-01,3.547996e-01,1.773998e-01,5.321994e-01,2.956663e-01,2.956663e-01,8.278657e-01,4.730661e-01,5.321994e-01,5.321994e-01,4.730661e-01,4.139328e-01,2.956663e-01
5.321994e-01,4.139328e-01,2.956663e-01,4.730661e-01,7.095992e-01,4.730661e-01,4.139328e-01,6.504659e-01,5.913326e-01,5.321994e-01,8.278657e-01,4.139328e-01,6.504659e-01,2.956663e-01,3.547996e-01,7.095992e-01,4.730661e-01,6.504659e-01,2.956663e-01,3.547996e-01,7.095992e-01,3.547996e-01,6.504659e-01,5.321994e-01,3.547996e-01,4.730661e-01,5.321994e-01,9.461322e-01,6.504659e-01,7.095992e-01,6.504659e-01,2.365331e-01,4.730661e-01,7.687324e-01,3.547996e-01,1.182665e-01,4.730661e-01,5.321994e-01,5.321994e-01,4.730661e-01,4.730661e-01,4.730661e-01,4.730661e-01,2.956663e-01,6.504659e-01,2.956663e-01,4.730661e-01,5.321994e-01,4.139328e-01,5.913326e-01,7.095992e-01,6.504659e-01,5.913326e-01,7.095992e-01,5.321994e-01,3.547996e-01,3.547996e-01,5.321994e-01,6.504659e-01,4.730661e-01,5.913326e-01,8.869990e-01,5.321994e-01,5.321994e-01,5.321994e-01,7.687324e-01,7.687324e-01,5.913326e-01,5.321994e-01,7.095992e-01,7.687324e-01,4.139328e-01,4.139328e-01,3.547996e-01,5.913326e-01,7.687324e-01,9.461322e-01,5.913326e-01,8.869990e-01,5.913326e-01,9.461322e-01,7.687324e-01,8.869990e-01,1.005265e+00,9.461322e-01,1.360065e+00,8.278657e-01,1.182665e+00,1.360065e+00,1.123532e+00,1.123532e+00,1.419198e+00,1.360065e+00,1.005265e+00,1.655731e+00,1.182665e+00,1.300932e+00,1.478332e+00,1.596598e+00,1.300932e+00,2.128798e+00,1.241799e+00,2.010531e+00,1.655731e+00,2.187931e+00,2.010531e+00,2.069664e+00,2.247064e+00,2.483597e+00,2.010531e+00,2.306197e+00,2.306197e+00,2.601864e+00,2.424464e+00,2.660997e+00,3.607129e+00,3.311463e+00,3.666262e+00,4.021062e+00,4.316728e+00,3.961929e+00,4.257595e+00,4.198462e+00,4.021062e+00,4.848928e+00,5.262860e+00,5.144594e+00,4.730661e+00,5.676793e+00,6.918592e+00,5.617660e+00,6.386393e+00,7.095992e+00,6.682059e+00,8.160390e+00,8.633457e+00,8.988256e+00,8.160390e+00,8.929123e+00,8.751723e+00,9.283922e+00,8.988256e+00,1.135359e+01,1.147185e+01,1.123532e+01,1.265452e+01,1.265452e+01,1.212232e+01,1.170839e+01,1.099879e+01,1.401458e+01,1.365978e+01,1.383718e+01,1.401458e+01,1.608425e+01,1.572945e+01,1.501985e+01,1.655731e+01,1.567031e+01,1.643905e+01,1.685298e+01,1.703038e+01,1.714865e+01,1.803565e+01,1.904091e+01,1.673471e+01,1.785825e+01,1.809478e+01,1.750345e+01,1.803565e+01,1.726691e+01,1.626165e+01,1.697125e+01,1.649818e+01,1.673471e+01,1.460592e+01,1.679385e+01,1.620251e+01,1.460592e+01,1.525638e+01,1.537465e+01,1.513812e+01,1.484245e+01,1.501985e+01,1.419198e+01,1.188579e+01,1.389632e+01,1.170839e+01,1.129445e+01,1.218145e+01,1.135359e+01,1.070312e+01,1.017092e+01,1.011179e+01,8.574323e+00,9.106523e+00,6.741192e+00,6.386393e+00,7.864724e+00,6.327259e+00,6.090726e+00,6.208993e+00,5.735927e+00,5.026327e+00,4.612395e+00,4.198462e+00,4.908061e+00,5.026327e+00,3.488863e+00,3.488863e+00,3.252330e+00,2.838397e+00,3.134063e+00,2.660997e+00,2.779263e+00,1.892264e+00,1.833131e+00,2.010531e+00,2.365331e+00,1.419198e+00,1.241799e+00,1.773998e+00,9.461322e-01,1.300932e+00,1.005265e+00,7.095992e-01,1.182665e+00,1.123532e+00,7.095992e-01,1.005265e+00,8.278657e-01,1.064399e+00,7.095992e-01,4.730661e-01,1.005265e+00,7.687324e-01,4.730661e-01,7.095992e-01,8.869990e-01,5.321994e-01,5.321994e-01,4.139328e-01,9.461322e-01,4.139328e-01,5.913326e-01,4.139328e-01,3.547996e-01,7.687324e-01,7.095992e-01,3.547996e-01,3.547996e-01,7.095992e-01,4.730661e-01,5.321994e-01,2.956663e-01,5.321994e-01,7.095992e-01,6.504659e-01,4.730661e-01,4.730661e-01,7.687324e-01,5.913326e-01,5.321994e-01,4.730661e-01,3.547996e-01,3.547996e-01,5.913326e-01,2.956663e-01,6.504659e-01,4.730661e-01,3.547996e-01,5.321994e-01,2.956663e-01,3.547996e-01,3.547996e-01,3.547996e-01,5.321994e-01,5.321994e-01,4.730661e-01,2.956663e-01
4.139328e-01,7.687324e-01,9.461322e-01,9.461322e-01,3.547996e-01,4.730661e-01,5.913326e-01,1.005265e+00,5.321994e-01,2.365331e-01,6.504659e-01,9.461322e-01,5.321994e-01,5.913326e-01,4.730661e-01,2.956663e-01,2.956663e-01,5.913326e-01,5.913326e-01,5.321994e-01,3.547996e-01,4.730661e-01,5.321994e-01,9.461322e-01,2.956663e-01,4.139328e-01,6.504659e-01,5.321994e-01,2.956663e-01,3.547996e-01,4.730661e-01,6.504659e-01,7.095992e-01,5.321994e-01,4.139328e-01,4.139328e-01,3.547996e-01,5.913326e-01,2.365331e-01,3.547996e-01,8.278657e-01,2.365331e-01,3.547996e-01,4.139328e-01,1.773998e-01,3.547996e-01,5.913326e-01,7.687324e-01,2.956663e-01,4.730661e-01,4.730661e-01,4.139328e-01,1.773998e-01,5.913326e-01,8.278657e-01,4.730661e-01,4.139328e-01,7.687324e-01,6.504659e-01,4.730661e-01,4.139328e-01,4.139328e-01,5.913326e-01,2.365331e-01,7.095992e-01,1.182665e-01,7.095992e-01,1.773998e-01,8.869990e-01,8.278657e-01,7.095992e-01,8.278657e-01,6.504659e-01,8.869990e-01,7.095992e-01,7.095992e-01,7.095992e-01,1.064399e+00,7.687324e-01,9.461322e-01,1.005265e+00,1.182665e+00,9.461322e-01,7.687324e-01,8.869990e-01,9.461322e-01,7.687324e-01,8.278657e-01,1.123532e+00,8.869990e-01,1.360065e+00,1.123532e+00,1.123532e+00,1.123532e+00,1.005265e+00,9.461322e-01,1.596598e+00,2.187931e+00,1.478332e+00,1.773998e+00,1.419198e+00,1.892264e+00,2.069664e+00,1.537465e+00,1.951398e+00,1.655731e+00,1.360065e+00,2.187931e+00,2.365331e+00,2.069664e+00,2.601864e+00,3.074930e+00,2.187931e+00,3.074930e+00,2.542730e+00,3.607129e+00,3.784529e+00,4.021062e+00,3.429729e+00,4.080195e+00,4.730661e+00,3.961929e+00,4.375862e+00,4.671528e+00,4.316728e+00,4.671528e+00,5.144594e+00,5.026327e+00,5.735927e+00,6.563792e+00,6.268126e+00,7.214258e+00,6.149859e+00,8.042124e+00,7.687324e+00,7.450791e+00,8.337790e+00,8.988256e+00,7.095992e+00,8.456057e+00,9.047389e+00,9.875255e+00,1.123532e+01,1.052572e+01,1.206319e+01,1.277279e+01,1.188579e+01,1.283192e+01,1.111705e+01,1.277279e+01,1.389632e+01,1.360065e+01,1.572945e+01,1.360065e+01,1.466505e+01,1.513812e+01,1.602511e+01,1.448765e+01,1.779911e+01,1.762171e+01,1.472418e+01,1.602511e+01,1.862698e+01,1.738518e+01,1.632078e+01,1.685298e+01,1.779911e+01,1.809478e+01,1.726691e+01,1.732605e+01,1.726691e+01,1.856784e+01,1.773998e+01,1.738518e+01,1.596598e+01,1.714865e+01,1.525638e+01,1.708951e+01,1.608425e+01,1.572945e+01,1.454678e+01,1.484245e+01,1.259539e+01,1.407372e+01,1.336412e+01,1.348238e+01,1.318672e+01,1.271365e+01,1.135359e+01,1.253625e+01,1.111705e+01,1.005265e+01,1.076225e+01,8.988256e+00,9.934388e+00,8.692590e+00,6.977725e+00,7.155125e+00,6.622926e+00,7.864724e+00,7.095992e+00,6.090726e+00,6.504659e+00,4.789794e+00,5.321994e+00,5.144594e+00,3.843662e+00,4.375862e+00,3.843662e+00,3.074930e+00,3.370596e+00,3.015796e+00,2.779263e+00,2.956663e+00,3.134063e+00,2.660997e+00,1.655731e+00,2.010531e+00,1.892264e+00,1.714865e+00,1.773998e+00,1.773998e+00,1.833131e+00,1.123532e+00,1.241799e+00,1.064399e+00,1.123532e+00,7.095992e-01,8.869990e-01,8.869990e-01,1.005265e+00,1.182665e+00,1.123532e+00,9.461322e-01,5.321994e-01,7.687324e-01,7.687324e-01,8.278657e-01,8.869990e-01,6.504659e-01,5.321994e-01,4.730661e-01,1.005265e+00,8.869990e-01,8.278657e-01,4.139328e-01,8.278657e-01,4.139328e-01,4.139328e-01,2.365331e-01,5.321994e-01,7.687324e-01,4.139328e-01,5.321994e-01,4.730661e-01,7.095992e-01,4.139328e-01,3.547996e-01,5.913326e-01,4.139328e-01,5.913326e-01,2.956663e-01,4.139328e-01,6.504659e-01,5.913326e-01,5.913326e-01,6.504659e-01,1.005265e+00,4.139328e-01,4.139328e-01,6.504659e-01,3.547996e-01,5.913326e-01,4.730661e-01,7.687324e-01,4.730661e-01,3.547996e-01,4.730661e-01,5.913326e-01,4.730661e-01
8.278657e-01,7.095992e-01,3.547996e-01,6.504659e-01,2.365331e-01,3.547996e-01,4.730661e-01,4.139328e-01,5.913326e-01,3.547996e-01,6.504659e-01,5.321994e-01,5.321994e-01,7.095992e-01,5.321994e-01,4.730661e-01,7.095992e-01,5.913326e-01,3.547996e-01,5.321994e-01,5.913326e-01,6.504659e-01,7.095992e-01,3.547996e-01,8.278657e-01,3.547996e-01,5.321994e-01,7.687324e-01,6.504659e-01,2.365331e-01,5.913326e-01,5.321994e-01,4.139328e-01,4.139328e-01,4.139328e-01,4.139328e-01,5.913326e-01,5.321994e-01,5.321994e-01,5.321994e-01,6.504659e-01,5.913326e-01,3.547996e-01,1.773998e-01,4.139328e-01,7.687324e-01,7.095992e-01,4.139328e-01,4.139328e-01,2.956663e-01,4.139328e-01,4.730661e-01,5.321994e-01,6.504659e-01,7.687324e-01,5.913326e-01,4.730661e-01,8.278657e-01,8.869990e-01,5.321994e-01,6.504659e-01,4.139328e-01,4.730661e-01,1.005265e+00,1.005265e+00,7.687324e-01,5.321994e-01,5.321994e-01,6.504659e-01,3.547996e-01,4.730661e-01,5.321994e-01,7.687324e-01,7.687324e-01,8.869990e-01,3.547996e-01,5.321994e-01,1.123532e+00,5.321994e-01,8.869990e-01,1.005265e+00,1.064399e+00,7.687324e-01,8.278657e-01,1.241799e+00,1.005265e+00,1.300932e+00,1.064399e+00,1.478332e+00,7.095992e-01,1.123532e+00,1.123532e+00,1.064399e+00,1.182665e+00,1.300932e+00,1.478332e+00,1.419198e+00,2.010531e+00,1.714865e+00,1.478332e+00,1.773998e+00,2.069664e+00,1.360065e+00,1.951398e+00,1.655731e+00,2.601864e+00,2.542730e+00,2.897530e+00,1.537465e+00,3.193196e+00,1.773998e+00,3.607129e+00,3.252330e+00,2.720130e+00,2.838397e+00,4.198462e+00,3.902795e+00,3.725396e+00,3.015796e+00,4.375862e+00,4.375862e+00,4.316728e+00,5.735927e+00,4.316728e+00,4.908061e+00,5.676793e+00,5.913326e+00,6.031593e+00,5.085461e+00,6.859459e+00,6.682059e+00,7.450791e+00,6.622926e+00,6.800325e+00,7.746458e+00,9.402189e+00,8.751723e+00,8.929123e+00,9.697855e+00,1.135359e+01,8.869990e+00,8.396923e+00,1.099879e+01,1.011179e+01,1.070312e+01,1.153099e+01,1.241799e+01,1.170839e+01,1.247712e+01,1.348238e+01,1.383718e+01,1.460592e+01,1.472418e+01,1.448765e+01,1.460592e+01,1.389632e+01,1.525638e+01,1.608425e+01,1.815391e+01,1.643905e+01,1.708951e+01,1.572945e+01,1.697125e+01,1.691211e+01,1.708951e+01,1.608425e+01,1.939571e+01,1.803565e+01,1.768085e+01,1.708951e+01,1.773998e+01,1.697125e+01,1.939571e+01,1.614338e+01,1.626165e+01,1.714865e+01,1.596598e+01,1.620251e+01,1.637991e+01,1.620251e+01,1.478332e+01,1.549292e+01,1.484245e+01,1.300932e+01,1.259539e+01,1.318672e+01,1.436938e+01,1.194492e+01,1.123532e+01,1.117619e+01,1.064399e+01,9.875255e+00,9.638722e+00,9.875255e+00,7.450791e+00,8.396923e+00,7.982991e+00,7.628191e+00,7.450791e+00,6.859459e+00,6.682059e+00,6.031593e+00,6.386393e+00,5.144594e+00,5.913326e+00,5.440260e+00,4.080195e+00,4.967194e+00,4.021062e+00,3.902795e+00,3.843662e+00,2.660997e+00,3.134063e+00,3.193196e+00,2.956663e+00,2.128798e+00,1.300932e+00,2.483597e+00,2.187931e+00,2.306197e+00,1.182665e+00,1.005265e+00,1.478332e+00,1.182665e+00,1.241799e+00,1.300932e+00,7.687324e-01,1.182665e+00,7.687324e-01,8.869990e-01,8.869990e-01,1.005265e+00,1.005265e+00,1.360065e+00,5.913326e-01,4.730661e-01,2.365331e-01,4.730661e-01,5.321994e-01,7.095992e-01,4.139328e-01,4.730661e-01,7.095992e-01,3.547996e-01,2.956663e-01,8.278657e-01,4.730661e-01,8.278657e-01,4.730661e-01,4.139328e-01,4.139328e-01,6.504659e-01,6.504659e-01,5.913326e-01,3.547996e-01,5.913326e-01,5.913326e-01,4.730661e-01,4.730661e-01,5.913326e-01,4.139328e-01,9.461322e-01,4.730661e-01,6.504659e-01,4.139328e-01,3.547996e-01,4.730661e-01,4.139328e-01,4.139328e-01,5.321994e-01,3.547996e-01,4.730661e-01,7.095992e-01,4.730661e-01,8.869990e-01,3.547996e-01,4.139328e-01,4.730661e-01,4.730661e-01,3.547996e-01
3.547996e-01,2.956663e-01,3.547996e-01,4.730661e-01,2.956663e-01,5.913326e-01,3.547996e-01,5.321994e-01,5.321994e-01,7.095992e-01,2.365331e-01,3.547996e-01,5.913326e-01,4.139328e-01,5.913326e-01,3.547996e-01,6.504659e-01,4.730661e-01,7.095992e-01,7.095992e-01,5.913326e-01,5.321994e-01,4.139328e-01,5.913326e-01,4.139328e-01,4.139328e-01,4.139328e-01,2.365331e-01,3.547996e-01,6.504659e-01,5.913326e-01,5.321994e-01,4.730661e-01,4.730661e-01,4.730661e-01,2.365331e-01,4.730661e-01,7.095992e-01,7.095992e-01,4.139328e-01,2.365331e-01,2.956663e-01,3.547996e-01,4.730661e-01,9.461322e-01,4.139328e-01,2.956663e-01,2.956663e-01,7.687324e-01,3.547996e-01,2.956663e-01,6.504659e-01,4.139328e-01,6.504659e-01,6.504659e-01,9.461322e-01,6.504659e-01,3.547996e-01,8.278657e-01,2.956663e-01,7.095992e-01,3.547996e-01,6.504659e-01,5.321994e-01,4.730661e-01,2.956663e-01,7.687324e-01,6.504659e-01,7.095992e-01,4.139328e-01,6.504659e-01,5.321994e-01,7.687324e-01,5.913326e-01,7.687324e-01,1.123532e+00,6.504659e-01,7.687324e-01,5.913326e-01,8.278657e-01,1.182665e+00,7.687324e-01,6.504659e-01,7.095992e-01,1.005265e+00,9.461322e-01,1.182665e+00,1.005265e+00,1.241799e+00,1.300932e+00,1.241799e+00,1.478332e+00,1.123532e+00,1.064399e+00,1.596598e+00,1.005265e+00,2.010531e+00,1.537465e+00,1.833131e+00,1.714865e+00,1.360065e+00,1.655731e+00,2.306197e+00,1.833131e+00,2.187931e+00,2.956663e+00,1.833131e+00,2.306197e+00,3.074930e+00,2.542730e+00,3.074930e+00,2.306197e+00,2.897530e+00,2.779263e+00,4.198462e+00,3.547996e+00,3.134063e+00,4.553261e+00,3.607129e+00,3.843662e+00,4.198462e+00,4.671528e+00,4.494128e+00,4.257595e+00,4.789794e+00,4.908061e+00,5.144594e+00,4.967194e+00,5.085461e+00,6.090726e+00,5.499394e+00,6.977725e+00,7.155125e+00,7.095992e+00,7.687324e+00,7.273391e+00,7.628191e+00,7.923857e+00,7.391658e+00,9.402189e+00,9.165656e+00,1.088052e+01,9.343056e+00,1.046659e+01,1.111705e+01,1.147185e+01,1.153099e+01,1.070312e+01,1.265452e+01,1.395545e+01,1.336412e+01,1.330498e+01,1.419198e+01,1.448765e+01,1.360065e+01,1.620251e+01,1.561118e+01,1.567031e+01,1.738518e+01,1.661645e+01,1.614338e+01,1.643905e+01,1.697125e+01,1.596598e+01,1.578858e+01,1.833131e+01,1.685298e+01,1.478332e+01,1.791738e+01,1.744431e+01,1.661645e+01,1.844958e+01,1.720778e+01,1.691211e+01,1.703038e+01,1.691211e+01,1.708951e+01,1.679385e+01,1.572945e+01,1.626165e+01,1.490158e+01,1.519725e+01,1.531552e+01,1.371892e+01,1.295018e+01,1.111705e+01,1.300932e+01,1.247712e+01,1.218145e+01,1.011179e+01,1.247712e+01,1.070312e+01,1.023005e+01,9.756989e+00,8.278657e+00,7.628191e+00,9.106523e+00,7.214258e+00,7.450791e+00,7.273391e+00,5.440260e+00,5.676793e+00,7.391658e+00,6.090726e+00,4.434995e+00,4.612395e+00,4.139328e+00,4.139328e+00,3.725396e+00,3.547996e+00,3.015796e+00,3.252330e+00,3.370596e+00,2.601864e+00,2.247064e+00,2.010531e+00,2.483597e+00,2.010531e+00,2.483597e+00,1.714865e+00,1.300932e+00,6.504659e-01,1.360065e+00,1.241799e+00,1.241799e+00,1.182665e+00,9.461322e-01,5.913326e-01,1.182665e+00,1.241799e+00,1.005265e+00,7.095992e-01,8.869990e-01,1.182665e+00,5.321994e-01,4.139328e-01,1.123532e+00,8.869990e-01,8.278657e-01,7.687324e-01,8.869990e-01,5.321994e-01,7.687324e-01,5.321994e-01,5.913326e-01,6.504659e-01,3.547996e-01,1.773998e-01,1.773998e-01,7.095992e-01,6.504659e-01,5.913326e-01,4.139328e-01,8.278657e-01,4.730661e-01,1.182665e-01,6.504659e-01,4.730661e-01,4.730661e-01,8.278657e-01,4.730661e-01,5.321994e-01,4.139328e-01,4.730661e-01,5.321994e-01,5.321994e-01,5.913326e-01,6.504659e-01,6.504659e-01,6.504659e-01,2.956663e-01,4.730661e-01,5.913326e-01,2.956663e-01,5.321994e-01,6.504659e-01,4.139328e-01,4.139328e-01,5.321994e-01,7.095992e-01
3.547996e-01,6.504659e-01,8.869990e-01,4.730661e-01,7.095992e-01,4.139328e-01,4.730661e-01,2.956663e-01,4.730661e-01,3.547996e-01,4.730661e-01,3.547996e-01,8.278657e-01,6.504659e-01,6.504659e-01,4.730661e-01,4.730661e-01,2.956663e-01,6.504659e-01,6.504659e-01,5.321994e-01,4.730661e-01,4.730661e-01,7.687324e-01,5.913326e-01,5.321994e-01,4.139328e-01,4.139328e-01,5.913326e-01,4.139328e-01,2.956663e-01,1.182665e-01,4.730661e-01,9.461322e-01,8.869990e-01,5.913326e-01,4.730661e-01,5.321994e-01,2.365331e-01,5.913326e-01,2.956663e-01,6.504659e-01,4.730661e-01,7.687324e-01,4.730661e-01,6.504659e-01,5.913326e-01,2.956663e-01,3.547996e-01,3.547996e-01,4.730661e-01,4.139328e-01,5.321994e-01,5.321994e-01,2.956663e-01,5.321994e-01,9.461322e-01,7.095992e-01,7.687324e-01,6.504659e-01,7.687324e-01,6.504659e-01,4.730661e-01,7.687324e-01,5.321994e-01,5.321994e-01,5.321994e-01,7.095992e-01,1.064399e+00,6.504659e-01,4.730661e-01,6.504659e-01,5.913326e-01,1.182665e+00,7.095992e-01,5.913326e-01,7.095992e-01,7.687324e-01,5.913326e-01,7.095992e-01,1.064399e+00,9.461322e-01,1.064399e+00,6.504659e-01,1.360065e+00,8.869990e-01,1.655731e+00,1.064399e+00,1.300932e+00,1.123532e+00,1.182665e+00,1.360065e+00,1.655731e+00,1.655731e+00,1.537465e+00,1.596598e+00,1.773998e+00,2.187931e+00,1.892264e+00,1.714865e+00,1.655731e+00,1.714865e+00,1.833131e+00,2.187931e+00,2.128798e+00,2.720130e+00,2.542730e+00,2.483597e+00,2.542730e+00,2.720130e+00,3.015796e+00,3.429729e+00,3.015796e+00,3.725396e+00,4.612395e+00,3.666262e+00,3.843662e+00,3.843662e+00,4.139328e+00,4.789794e+00,4.316728e+00,4.848928e+00,5.321994e+00,5.085461e+00,4.494128e+00,5.795060e+00,6.031593e+00,5.440260e+00,5.735927e+00,5.440260e+00,6.445526e+00,6.622926e+00,6.031593e+00,9.343056e+00,7.332525e+00,7.214258e+00,8.101257e+00,7.569058e+00,9.579589e+00,8.633457e+00,1.093965e+01,1.200405e+01,1.005265e+01,1.129445e+01,1.176752e+01,1.105792e+01,1.318672e+01,1.354152e+01,1.105792e+01,1.253625e+01,1.324585e+01,1.383718e+01,1.360065e+01,1.336412e+01,1.436938e+01,1.507898e+01,1.371892e+01,1.348238e+01,1.584771e+01,1.567031e+01,1.413285e+01,1.620251e+01,1.655731e+01,1.809478e+01,1.626165e+01,1.750345e+01,1.744431e+01,1.614338e+01,1.685298e+01,1.750345e+01,1.643905e+01,1.649818e+01,1.720778e+01,1.714865e+01,1.620251e+01,1.365978e+01,1.632078e+01,1.596598e+01,1.620251e+01,1.478332e+01,1.561118e+01,1.354152e+01,1.153099e+01,1.182665e+01,1.224059e+01,1.147185e+01,1.099879e+01,1.093965e+01,1.046659e+01,1.200405e+01,9.816122e+00,9.875255e+00,8.042124e+00,8.278657e+00,8.278657e+00,8.396923e+00,8.160390e+00,6.386393e+00,6.504659e+00,6.800325e+00,6.268126e+00,4.848928e+00,5.795060e+00,4.257595e+00,5.381127e+00,3.961929e+00,4.198462e+00,4.671528e+00,4.080195e+00,3.370596e+00,3.370596e+00,3.074930e+00,3.252330e+00,2.365331e+00,2.483597e+00,2.247064e+00,1.951398e+00,1.892264e+00,1.419198e+00,1.773998e+00,1.360065e+00,1.300932e+00,1.064399e+00,1.005265e+00,1.537465e+00,1.241799e+00,1.064399e+00,5.913326e-01,1.241799e+00,8.278657e-01,8.278657e-01,7.095992e-01,1.005265e+00,7.095992e-01,6.504659e-01,4.139328e-01,1.182665e+00,5.913326e-01,7.095992e-01,5.321994e-01,4.730661e-01,3.547996e-01,5.321994e-01,5.321994e-01,7.687324e-01,5.913326e-01,7.095992e-01,2.956663e-01,2.365331e-01,6.504659e-01,1.182665e-01,5.321994e-01,1.773998e-01,6.504659e-01,3.547996e-01,7.687324e-01,2.956663e-01,7.687324e-01,5.913326e-01,4.139328e-01,4.139328e-01,7.687324e-01,7.095992e-01,4.139328e-01,4.730661e-01,4.730661e-01,3.547996e-01,5.321994e-01,4.139328e-01,7.095992e-01,5.321994e-01,5.321994e-01,6.504659e-01,3.547996e-01,5.321994e-01,5.321994e-01,6.504659e-01,8.278657e-01,1.182665e-01,5.321994e-01
7.095992e-01,3.547996e-01,3.547996e-01,2.365331e-01,7.095992e-01,7.095992e-01,3.547996e-01,5.913326e-01,2.956663e-01,7.095992e-01,4.139328e-01,2.365331e-01,6.504659e-01,4.139328e-01,7.095992e-01,2.956663e-01,5.321994e-01,6.504659e-01,4.139328e-01,4.139328e-01,4.730661e-01,3.547996e-01,3.547996e-01,6.504659e-01,5.321994e-01,4.730661e-01,5.913326e-01,4.730661e-01,2.956663e-01,3.547996e-01,8.278657e-01,7.687324e-01,2.956663e-01,6.504659e-01,7.095992e-01,3.547996e-01,5.913326e-01,2.956663e-01,4.730661e-01,4.730661e-01,6.504659e-01,3.547996e-01,5.913326e-01,5.321994e-01,7.687324e-01,5.321994e-01,1.005265e+00,4.730661e-01,7.687324e-01,5.321994e-01,4.730661e-01,4.139328e-01,7.687324e-01,2.365331e-01,7.095992e-01,7.095992e-01,5.321994e-01,6.504659e-01,4.730661e-01,5.321994e-01,7.095992e-01,3.547996e-01,7.095992e-01,4.730661e-01,4.730661e-01,4.139328e-01,6.504659e-01,3.547996e-01,7.095992e-01,5.321994e-01,1.241799e+00,1.005265e+00,6.504659e-01,6.504659e-01,1.123532e+00,5.913326e-01,9.461322e-01,7.095992e-01,1.300932e+00,1.005265e+00,1.478332e+00,7.687324e-01,8.869990e-01,6.504659e-01,1.300932e+00,8.869990e-01,1.182665e+00,1.241799e+00,1.064399e+00,1.478332e+00,8.869990e-01,1.182665e+00,1.419198e+00,1.537465e+00,1.478332e+00,1.182665e+00,1.714865e+00,2.010531e+00,1.596598e+00,1.655731e+00,2.010531e+00,1.951398e+00,1.951398e+00,2.247064e+00,2.128798e+00,2.247064e+00,3.015796e+00,2.956663e+00,2.010531e+00,2.660997e+00,2.956663e+00,3.074930e+00,3.784529e+00,3.074930e+00,3.843662e+00,3.547996e+00,4.494128e+00,3.547996e+00,3.074930e+00,3.843662e+00,5.144594e+00,3.902795e+00,5.913326e+00,4.730661e+00,5.735927e+00,5.321994e+00,4.848928e+00,5.617660e+00,6.386393e+00,5.913326e+00,5.735927e+00,7.805591e+00,8.278657e+00,7.864724e+00,7.864724e+00,8.810856e+00,6.741192e+00,9.579589e+00,9.224789e+00,9.461322e+00,8.396923e+00,1.011179e+01,9.875255e+00,1.099879e+01,1.088052e+01,1.135359e+01,1.182665e+01,1.241799e+01,1.289105e+01,1.572945e+01,1.247712e+01,1.312758e+01,1.383718e+01,1.413285e+01,1.501985e+01,1.490158e+01,1.555205e+01,1.561118e+01,1.596598e+01,1.466505e+01,1.655731e+01,1.584771e+01,1.572945e+01,1.797651e+01,1.655731e+01,1.679385e+01,1.703038e+01,1.507898e+01,1.637991e+01,1.649818e+01,1.685298e+01,1.643905e+01,1.697125e+01,1.679385e+01,1.561118e+01,1.708951e+01,1.496072e+01,1.543378e+01,1.537465e+01,1.555205e+01,1.389632e+01,1.425112e+01,1.365978e+01,1.348238e+01,1.259539e+01,1.289105e+01,1.206319e+01,1.271365e+01,1.105792e+01,1.082139e+01,9.461322e+00,9.343056e+00,1.040745e+01,9.697855e+00,8.042124e+00,8.101257e+00,8.042124e+00,7.509925e+00,6.031593e+00,7.450791e+00,6.741192e+00,6.208993e+00,5.381127e+00,4.908061e+00,5.144594e+00,4.967194e+00,3.961929e+00,3.843662e+00,4.494128e+00,4.198462e+00,3.370596e+00,3.074930e+00,3.015796e+00,2.838397e+00,2.365331e+00,2.838397e+00,2.128798e+00,1.596598e+00,1.773998e+00,1.537465e+00,1.596598e+00,1.951398e+00,1.773998e+00,1.300932e+00,9.461322e-01,1.005265e+00,8.278657e-01,1.360065e+00,1.537465e+00,7.095992e-01,5.913326e-01,8.278657e-01,8.278657e-01,1.064399e+00,5.321994e-01,8.869990e-01,8.278657e-01,5.913326e-01,8.278657e-01,1.773998e-01,3.547996e-01,5.913326e-01,2.956663e-01,2.956663e-01,7.095992e-01,5.321994e-01,3.547996e-01,5.913326e-01,7.687324e-01,3.547996e-01,3.547996e-01,4.730661e-01,6.504659e-01,2.956663e-01,5.321994e-01,5.913326e-01,4.730661e-01,8.278657e-01,4.730661e-01,3.547996e-01,2.956663e-01,5.321994e-01,3.547996e-01,2.956663e-01,2.365331e-01,6.504659e-01,7.095992e-01,4.139328e-01,6.504659e-01,7.687324e-01,2.956663e-01,5.321994e-01,4.730661e-01,7.687324e-01,7.095992e-01,8.278657e-01,7.095992e-01,5.913326e-01,7.687324e-01,2.365331e-01
1.005265e+00,7.687324e-01,5.913326e-01,3.547996e-01,2.956663e-01,5.913326e-01,5.913326e-01,4.730661e-01,8.278657e-01,5.321994e-01,7.095992e-01,4.730661e-01,5.321994e-01,4.730661e-01,7.095992e-01,3.547996e-01,4.730661e-01,5.913326e-01,7.095992e-01,2.956663e-01,7.095992e-01,5.321994e-01,7.687324e-01,3.547996e-01,4.139328e-01,3.547996e-01,3.547996e-01,4.730661e-01,9.461322e-01,3.547996e-01,1.064399e+00,7.687324e-01,5.913326e-01,4.139328e-01,5.913326e-01,3.547996e-01,4.139328e-01,5.913326e-01,4.139328e-01,7.095992e-01,1.773998e-01,3.547996e-01,2.956663e-01,1.773998e-01,8.278657e-01,6.504659e-01,4.730661e-01,5.913326e-01,7.687324e-01,5.913326e-01,5.321994e-01,6.504659e-01,7.687324e-01,5.913326e-01,6.504659e-01,8.278657e-01,6.504659e-01,1.005265e+00,4.139328e-01,4.730661e-01,7.687324e-01,5.913326e-01,4.730661e-01,4.730661e-01,6.504659e-01,7.687324e-01,6.504659e-01,1.005265e+00,7.095992e-01,1.064399e+00,5.913326e-01,5.913326e-01,1.005265e+00,1.300932e+00,5.913326e-01,8.869990e-01,8.869990e-01,8.278657e-01,1.064399e+00,1.005265e+00,1.182665e+00,7.687324e-01,1.182665e+00,1.123532e+00,5.321994e-01,1.064399e+00,1.478332e+00,1.419198e+00,1.833131e+00,1.182665e+00,1.182665e+00,1.064399e+00,1.478332e+00,1.241799e+00,1.596598e+00,1.714865e+00,1.478332e+00,1.064399e+00,1.655731e+00,1.537465e+00,2.365331e+00,2.247064e+00,2.365331e+00,2.247064e+00,2.128798e+00,1.951398e+00,2.306197e+00,2.365331e+00,2.779263e+00,2.542730e+00,3.193196e+00,3.311463e+00,3.074930e+00,4.434995e+00,3.252330e+00,3.311463e+00,3.725396e+00,4.021062e+00,3.902795e+00,3.902795e+00,4.494128e+00,5.026327e+00,4.375862e+00,4.494128e+00,6.090726e+00,5.913326e+00,7.095992e+00,6.031593e+00,5.972460e+00,6.031593e+00,6.445526e+00,7.687324e+00,8.515190e+00,6.563792e+00,8.810856e+00,8.337790e+00,8.160390e+00,1.034832e+01,9.461322e+00,9.934388e+00,9.579589e+00,9.993522e+00,1.093965e+01,1.176752e+01,1.206319e+01,1.194492e+01,1.241799e+01,1.147185e+01,1.413285e+01,1.247712e+01,1.176752e+01,1.342325e+01,1.442852e+01,1.283192e+01,1.525638e+01,1.513812e+01,1.454678e+01,1.431025e+01,1.490158e+01,1.513812e+01,1.578858e+01,1.809478e+01,1.803565e+01,1.785825e+01,1.726691e+01,1.578858e+01,1.679385e+01,1.632078e+01,1.620251e+01,1.809478e+01,1.578858e+01,1.661645e+01,1.738518e+01,1.637991e+01,1.626165e+01,1.649818e+01,1.454678e+01,1.537465e+01,1.407372e+01,1.365978e+01,1.478332e+01,1.289105e+01,1.342325e+01,1.484245e+01,1.295018e+01,1.241799e+01,1.330498e+01,1.182665e+01,1.088052e+01,1.064399e+01,9.993522e+00,1.058485e+01,1.046659e+01,9.224789e+00,1.023005e+01,7.628191e+00,7.982991e+00,6.445526e+00,7.095992e+00,6.859459e+00,5.854193e+00,6.445526e+00,5.144594e+00,5.026327e+00,4.553261e+00,3.961929e+00,3.902795e+00,3.784529e+00,4.316728e+00,4.316728e+00,3.370596e+00,2.483597e+00,1.951398e+00,2.779263e+00,3.134063e+00,1.951398e+00,1.951398e+00,1.655731e+00,1.478332e+00,1.951398e+00,1.005265e+00,1.478332e+00,1.537465e+00,1.360065e+00,1.773998e+00,1.241799e+00,1.360065e+00,7.687324e-01,7.095992e-01,1.182665e+00,1.064399e+00,9.461322e-01,1.005265e+00,8.869990e-01,1.123532e+00,5.913326e-01,8.278657e-01,7.095992e-01,8.278657e-01,7.687324e-01,8.869990e-01,4.139328e-01,8.869990e-01,4.139328e-01,7.095992e-01,5.913326e-01,8.278657e-01,7.095992e-01,5.321994e-01,1.005265e+00,7.095992e-01,4.730661e-01,4.139328e-01,2.956663e-01,3.547996e-01,2.365331e-01,2.365331e-01,4.730661e-01,4.139328e-01,8.278657e-01,4.730661e-01,5.913326e-01,4.730661e-01,2.956663e-01,1.182665e-01,2.956663e-01,7.687324e-01,3.547996e-01,2.956663e-01,4.730661e-01,5.913326e-01,6.504659e-01,7.095992e-01,5.321994e-01,3.547996e-01,6.504659e-01,4.730661e-01,6.504659e-01,5.913326e-01,4.730661e-01
2.956663e-01,5.321994e-01,2.365331e-01,5.913326e-01,3.547996e-01,4.730661e-01,7.095992e-01,5.321994e-01,4.139328e-01,3.547996e-01,2.956663e-01,5.321994e-01,5.913326e-01,6.504659e-01,3.547996e-01,7.095992e-01,4.139328e-01,3.547996e-01,2.365331e-01,4.139328e-01,6.504659e-01,6.504659e-01,4.730661e-01,5.321994e-01,5.913326e-01,4.139328e-01,3.547996e-01,5.913326e-01,4.730661e-01,5.321994e-01,8.278657e-01,4.730661e-01,4.139328e-01,3.547996e-01,4.139328e-01,4.139328e-01,5.913326e-01,1.773998e-01,4.139328e-01,7.095992e-01,6.504659e-01,3.547996e-01,5.913326e-01,5.321994e-01,7.095992e-01,5.913326e-01,5.321994e-01,4.730661e-01,4.730661e-01,4.139328e-01,7.095992e-01,4.730661e-01,4.730661e-01,5.913326e-01,3.547996e-01,6.504659e-01,5.321994e-01,7.687324e-01,7.095992e-01,5.913326e-01,2.365331e-01,7.095992e-01,7.095992e-01,5.913326e-01,5.321994e-01,8.278657e-01,5.321994e-01,4.730661e-01,4.730661e-01,6.504659e-01,7.095992e-01,4.730661e-01,1.064399e+00,8.869990e-01,8.869990e-01,4.139328e-01,1.064399e+00,1.360065e+00,1.064399e+00,1.005265e+00,1.005265e+00,6.504659e-01,8.869990e-01,1.182665e+00,5.913326e-01,1.182665e+00,1.182665e+00,1.714865e+00,1.360065e+00,1.064399e+00,1.300932e+00,1.300932e+00,1.419198e+00,1.182665e+00,2.010531e+00,1.478332e+00,2.187931e+00,1.537465e+00,2.128798e+00,2.010531e+00,2.838397e+00,2.720130e+00,2.247064e+00,2.069664e+00,2.779263e+00,2.720130e+00,3.252330e+00,2.720130e+00,2.365331e+00,3.134063e+00,3.547996e+00,3.961929e+00,3.074930e+00,2.660997e+00,3.370596e+00,3.784529e+00,4.080195e+00,3.725396e+00,4.080195e+00,4.257595e+00,4.434995e+00,4.494128e+00,5.026327e+00,4.021062e+00,5.085461e+00,6.149859e+00,6.682059e+00,5.972460e+00,5.735927e+00,6.563792e+00,7.273391e+00,7.155125e+00,7.746458e+00,8.574323e+00,9.816122e+00,9.579589e+00,8.574323e+00,9.756989e+00,9.638722e+00,9.047389e+00,9.875255e+00,1.099879e+01,1.135359e+01,1.224059e+01,1.135359e+01,1.224059e+01,1.034832e+01,1.295018e+01,1.182665e+01,1.229972e+01,1.342325e+01,1.354152e+01,1.436938e+01,1.401458e+01,1.413285e+01,1.484245e+01,1.567031e+01,1.484245e+01,1.614338e+01,1.561118e+01,1.655731e+01,1.750345e+01,1.620251e+01,1.584771e+01,1.425112e+01,1.697125e+01,1.667558e+01,1.661645e+01,1.584771e+01,1.490158e+01,1.602511e+01,1.602511e+01,1.779911e+01,1.691211e+01,1.797651e+01,1.537465e+01,1.584771e+01,1.567031e+01,1.407372e+01,1.442852e+01,1.407372e+01,1.395545e+01,1.389632e+01,1.300932e+01,1.348238e+01,1.277279e+01,1.235885e+01,1.159012e+01,1.229972e+01,1.005265e+01,1.005265e+01,9.283922e+00,1.129445e+01,9.638722e+00,7.805591e+00,8.278657e+00,8.337790e+00,7.805591e+00,7.036858e+00,6.208993e+00,5.913326e+00,5.381127e+00,6.031593e+00,5.381127e+00,4.316728e+00,4.021062e+00,3.843662e+00,4.080195e+00,3.547996e+00,3.547996e+00,3.311463e+00,3.134063e+00,2.660997e+00,3.666262e+00,3.193196e+00,2.542730e+00,1.714865e+00,1.537465e+00,1.596598e+00,1.360065e+00,1.360065e+00,1.241799e+00,1.182665e+00,1.005265e+00,1.419198e+00,1.596598e+00,1.419198e+00,1.360065e+00,7.095992e-01,7.687324e-01,1.064399e+00,1.005265e+00,9.461322e-01,7.687324e-01,7.095992e-01,5.913326e-01,5.321994e-01,6.504659e-01,9.461322e-01,7.687324e-01,7.095992e-01,8.278657e-01,7.687324e-01,4.139328e-01,5.913326e-01,5.321994e-01,5.321994e-01,4.730661e-01,4.139328e-01,6.504659e-01,5.321994e-01,2.956663e-01,5.321994e-01,5.321994e-01,1.773998e-01,3.547996e-01,5.321994e-01,4.730661e-01,6.504659e-01,5.913326e-01,4.139328e-01,7.095992e-01,5.913326e-01,7.687324e-01,4.730661e-01,7.687324e-01,4.139328e-01,4.730661e-01,4.139328e-01,6.504659e-01,5.913326e-01,5.913326e-01,8.278657e-01,4.730661e-01,3.547996e-01,4.730661e-01,5.913326e-01,3.547996e-01,7.095992e-01,4.730661e-01
3.547996e-01,4.139328e-01,6.504659e-01,4.139328e-01,5.913326e-01,5.913326e-01,2.956663e-01,3.547996e-01,3.547996e-01,4.139328e-01,2.956663e-01,3.547996e-01,6.504659e-01,7.095992e-01,3.547996e-01,1.300932e+00,1.773998e-01,5.321994e-01,4.730661e-01,3.547996e-01,2.365331e-01,3.547996e-01,5.913326e-02,8.278657e-01,4.730661e-01,7.687324e-01,3.547996e-01,6.504659e-01,6.504659e-01,3.547996e-01,5.321994e-01,4.139328e-01,5.913326e-01,3.547996e-01,3.547996e-01,4.730661e-01,3.547996e-01,7.687324e-01,4.730661e-01,6.504659e-01,9.461322e-01,4.730661e-01,4.730661e-01,7.095992e-01,4.730661e-01,4.730661e-01,5.913326e-01,5.321994e-01,7.687324e-01,4.139328e-01,2.956663e-01,7.687324e-01,8.278657e-01,5.913326e-01,6.504659e-01,5.913326e-01,4.139328e-01,8.278657e-01,7.687324e-01,5.913326e-01,8.869990e-01,6.504659e-01,4.730661e-01,1.064399e+00,4.730661e-01,4.139328e-01,8.278657e-01,6.504659e-01,6.504659e-01,1.241799e+00,1.005265e+00,5.913326e-01,8.278657e-01,7.095992e-01,8.869990e-01,9.461322e-01,6.504659e-01,1.005265e+00,8.278657e-01,1.064399e+00,1.123532e+00,1.300932e+00,1.300932e+00,8.869990e-01,7.687324e-01,1.064399e+00,1.241799e+00,8.278657e-01,1.123532e+00,2.010531e+00,1.360065e+00,1.773998e+00,1.300932e+00,1.596598e+00,1.241799e+00,2.128798e+00,1.714865e+00,1.300932e+00,1.892264e+00,1.833131e+00,1.714865e+00,2.069664e+00,2.247064e+00,2.247064e+00,3.784529e+00,2.660997e+00,3.074930e+00,2.779263e+00,3.252330e+00,1.951398e+00,2.897530e+00,3.252330e+00,4.198462e+00,3.666262e+00,4.434995e+00,3.370596e+00,3.666262e+00,4.553261e+00,3.902795e+00,4.494128e+00,4.967194e+00,5.026327e+00,5.558527e+00,5.854193e+00,5.854193e+00,5.913326e+00,6.918592e+00,5.854193e+00,6.149859e+00,6.977725e+00,6.800325e+00,8.692590e+00,8.042124e+00,7.628191e+00,9.993522e+00,8.337790e+00,9.047389e+00,8.101257e+00,9.816122e+00,9.934388e+00,1.011179e+01,1.034832e+01,9.756989e+00,1.135359e+01,1.147185e+01,1.046659e+01,1.265452e+01,1.159012e+01,1.164925e+01,1.271365e+01,1.336412e+01,1.324585e+01,1.360065e+01,1.466505e+01,1.436938e+01,1.235885e+01,1.448765e+01,1.637991e+01,1.602511e+01,1.555205e+01,1.637991e+01,1.555205e+01,1.519725e+01,1.596598e+01,1.661645e+01,1.596598e+01,1.543378e+01,1.632078e+01,1.714865e+01,1.703038e+01,1.661645e+01,1.655731e+01,1.614338e+01,1.572945e+01,1.567031e+01,1.649818e+01,1.626165e+01,1.472418e+01,1.442852e+01,1.572945e+01,1.271365e+01,1.496072e+01,1.324585e+01,1.306845e+01,1.028919e+01,1.425112e+01,1.117619e+01,1.182665e+01,1.117619e+01,9.934388e+00,1.235885e+01,8.988256e+00,1.028919e+01,8.219524e+00,9.638722e+00,7.805591e+00,5.735927e+00,6.149859e+00,7.273391e+00,6.504659e+00,4.316728e+00,4.730661e+00,5.440260e+00,5.203727e+00,4.671528e+00,4.080195e+00,4.021062e+00,4.139328e+00,4.198462e+00,3.429729e+00,3.784529e+00,3.015796e+00,2.838397e+00,2.542730e+00,2.069664e+00,1.833131e+00,1.360065e+00,1.892264e+00,1.655731e+00,2.187931e+00,1.537465e+00,1.596598e+00,1.419198e+00,1.123532e+00,9.461322e-01,1.419198e+00,8.869990e-01,8.869990e-01,1.005265e+00,8.869990e-01,7.095992e-01,6.504659e-01,3.547996e-01,1.419198e+00,8.869990e-01,5.321994e-01,6.504659e-01,6.504659e-01,7.095992e-01,7.687324e-01,8.869990e-01,6.504659e-01,4.139328e-01,4.139328e-01,2.956663e-01,4.139328e-01,6.504659e-01,4.730661e-01,6.504659e-01,4.730661e-01,2.956663e-01,8.869990e-01,5.321994e-01,2.365331e-01,5.321994e-01,4.730661e-01,2.956663e-01,2.365331e-01,8.278657e-01,5.321994e-01,4.730661e-01,8.278657e-01,5.321994e-01,5.321994e-01,7.687324e-01,9.461322e-01,7.687324e-01,4.730661e-01,7.687324e-01,3.547996e-01,5.321994e-01,2.956663e-01,4.730661e-01,4.730661e-01,5.321994e-01,2.956663e-01,5.321994e-01,5.913326e-01,4.730661e-01,2.365331e-01
4.139328e-01,6.504659e-01,2.365331e-01,5.321994e-01,5.913326e-01,2.956663e-01,4.139328e-01,5.321994e-01,7.687324e-01,3.547996e-01,4.139328e-01,5.913326e-01,6.504659e-01,6.504659e-01,7.687324e-01,4.139328e-01,7.095992e-01,4.139328e-01,5.321994e-01,3.547996e-01,7.687324e-01,7.095992e-01,8.278657e-01,4.139328e-01,4.139328e-01,6.504659e-01,5.321994e-01,4.139328e-01,4.139328e-01,2.956663e-01,4.139328e-01,4.730661e-01,6.504659e-01,5.913326e-01,3.547996e-01,5.321994e-01,7.687324e-01,4.139328e-01,4.730661e-01,5.913326e-01,7.687324e-01,4.139328e-01,4.139328e-01,5.321994e-01,4.139328e-01,5.913326e-01,2.956663e-01,5.321994e-01,5.913326e-01,5.321994e-01,5.321994e-01,4.139328e-01,2.956663e-01,7.687324e-01,5.913326e-01,6.504659e-01,1.182665e+00,6.504659e-01,8.869990e-01,3.547996e-01,4.730661e-01,5.913326e-01,7.095992e-01,5.913326e-01,5.913326e-01,6.504659e-01,6.504659e-01,9.461322e-01,9.461322e-01,7.095992e-01,1.655731e+00,1.182665e+00,1.537465e+00,8.278657e-01,4.139328e-01,5.321994e-01,1.360065e+00,1.419198e+00,1.241799e+00,9.461322e-01,1.005265e+00,1.300932e+00,8.278657e-01,9.461322e-01,1.005265e+00,1.123532e+00,1.419198e+00,1.833131e+00,1.241799e+00,1.360065e+00,1.478332e+00,1.714865e+00,1.892264e+00,1.064399e+00,2.010531e+00,1.419198e+00,2.247064e+00,2.424464e+00,2.187931e+00,2.483597e+00,1.833131e+00,2.424464e+00,2.956663e+00,3.134063e+00,3.074930e+00,3.074930e+00,2.542730e+00,3.134063e+00,3.370596e+00,3.074930e+00,3.961929e+00,3.902795e+00,3.370596e+00,4.316728e+00,4.789794e+00,4.612395e+00,3.252330e+00,4.908061e+00,4.908061e+00,4.612395e+00,4.789794e+00,5.499394e+00,5.617660e+00,5.795060e+00,4.257595e+00,6.149859e+00,6.031593e+00,6.859459e+00,6.504659e+00,6.682059e+00,8.574323e+00,8.692590e+00,6.800325e+00,7.509925e+00,8.337790e+00,9.520455e+00,9.343056e+00,7.746458e+00,9.697855e+00,1.017092e+01,9.579589e+00,1.070312e+01,9.106523e+00,1.129445e+01,9.934388e+00,1.129445e+01,1.147185e+01,1.147185e+01,1.354152e+01,1.472418e+01,1.235885e+01,1.413285e+01,1.431025e+01,1.425112e+01,1.365978e+01,1.513812e+01,1.543378e+01,1.389632e+01,1.608425e+01,1.661645e+01,1.525638e+01,1.608425e+01,1.567031e+01,1.927744e+01,1.531552e+01,1.697125e+01,1.608425e+01,1.685298e+01,1.513812e+01,1.667558e+01,1.691211e+01,1.543378e+01,1.750345e+01,1.460592e+01,1.797651e+01,1.413285e+01,1.472418e+01,1.655731e+01,1.531552e+01,1.507898e+01,1.371892e+01,1.336412e+01,1.348238e+01,1.229972e+01,1.389632e+01,1.259539e+01,1.070312e+01,1.318672e+01,1.076225e+01,1.058485e+01,9.047389e+00,9.993522e+00,9.402189e+00,9.224789e+00,9.461322e+00,8.929123e+00,7.509925e+00,7.155125e+00,6.268126e+00,5.854193e+00,6.090726e+00,4.908061e+00,6.208993e+00,4.198462e+00,5.085461e+00,3.961929e+00,3.843662e+00,3.961929e+00,3.666262e+00,3.311463e+00,2.779263e+00,2.720130e+00,2.601864e+00,3.193196e+00,2.306197e+00,1.537465e+00,2.601864e+00,1.537465e+00,1.478332e+00,1.478332e+00,1.300932e+00,1.537465e+00,1.300932e+00,1.360065e+00,9.461322e-01,1.123532e+00,8.869990e-01,7.095992e-01,1.419198e+00,5.913326e-01,1.005265e+00,5.913326e-01,5.321994e-01,4.730661e-01,5.913326e-01,8.869990e-01,5.913326e-01,6.504659e-01,4.730661e-01,4.139328e-01,4.730661e-01,3.547996e-01,5.321994e-01,3.547996e-01,4.730661e-01,4.139328e-01,4.139328e-01,5.913326e-01,2.365331e-01,2.365331e-01,2.365331e-01,6.504659e-01,5.913326e-01,5.321994e-01,7.095992e-01,6.504659e-01,8.278657e-01,4.139328e-01,4.139328e-01,4.730661e-01,5.321994e-01,7.687324e-01,9.461322e-01,2.365331e-01,4.139328e-01,4.139328e-01,7.095992e-01,1.182665e-01,7.687324e-01,5.913326e-01,7.095992e-01,4.139328e-01,3.547996e-01,2.956663e-01,4.730661e-01,5.913326e-01,8.278657e-01,2.365331e-01,5.321994e-01,8.869990e-01
3.547996e-01,5.913326e-01,4.730661e-01,4.730661e-01,3.547996e-01,1.005265e+00,7.095992e-01,4.730661e-01,2.956663e-01,6.504659e-01,4.139328e-01,4.730661e-01,3.547996e-01,6.504659e-01,2.365331e-01,0.000000e+00,4.139328e-01,5.913326e-01,5.321994e-01,3.547996e-01,3.547996e-01,6.504659e-01,2.956663e-01,3.547996e-01,4.139328e-01,7.687324e-01,7.687324e-01,3.547996e-01,2.956663e-01,4.730661e-01,5.913326e-01,5.321994e-01,4.139328e-01,7.687324e-01,1.241799e+00,1.005265e+00,4.730661e-01,2.956663e-01,5.913326e-01,5.913326e-01,5.913326e-01,2.365331e-01,2.956663e-01,6.504659e-01,5.321994e-01,4.139328e-01,8.278657e-01,4.730661e-01,5.913326e-01,4.730661e-01,5.913326e-01,4.139328e-01,7.687324e-01,5.913326e-01,4.730661e-01,8.278657e-01,4.139328e-01,4.139328e-01,4.730661e-01,8.869990e-01,5.913326e-01,5.913326e-01,7.095992e-01,7.095992e-01,7.095992e-01,7.687324e-01,9.461322e-01,5.913326e-01,1.005265e+00,8.869990e-01,9.461322e-01,8.278657e-01,1.064399e+00,5.913326e-01,1.005265e+00,1.182665e+00,1.123532e+00,8.278657e-01,1.241799e+00,1.300932e+00,1.123532e+00,1.360065e+00,1.064399e+00,6.504659e-01,1.300932e+00,1.300932e+00,1.478332e+00,1.714865e+00,1.300932e+00,1.537465e+00,1.773998e+00,1.951398e+00,1.951398e+00,2.069664e+00,1.951398e+00,1.951398e+00,1.714865e+00,2.128798e+00,1.419198e+00,2.365331e+00,1.773998e+00,2.720130e+00,1.714865e+00,3.134063e+00,2.601864e+00,2.128798e+00,2.838397e+00,2.187931e+00,2.542730e+00,2.897530e+00,3.547996e+00,3.193196e+00,3.429729e+00,3.725396e+00,3.961929e+00,3.902795e+00,4.316728e+00,5.381127e+00,4.434995e+00,5.558527e+00,4.967194e+00,4.198462e+00,5.381127e+00,4.908061e+00,5.558527e+00,6.208993e+00,5.381127e+00,6.622926e+00,7.095992e+00,5.913326e+00,7.214258e+00,6.563792e+00,7.095992e+00,9.047389e+00,8.929123e+00,7.687324e+00,8.101257e+00,1.040745e+01,1.093965e+01,1.005265e+01,1.147185e+01,1.105792e+01,9.638722e+00,9.283922e+00,1.135359e+01,1.164925e+01,1.170839e+01,1.247712e+01,1.235885e+01,1.259539e+01,1.460592e+01,1.241799e+01,1.407372e+01,1.336412e+01,1.466505e+01,1.537465e+01,1.531552e+01,1.519725e+01,1.785825e+01,1.673471e+01,1.602511e+01,1.561118e+01,1.501985e+01,1.608425e+01,1.567031e+01,1.738518e+01,1.643905e+01,1.602511e+01,1.637991e+01,1.602511e+01,1.685298e+01,1.620251e+01,1.525638e+01,1.478332e+01,1.549292e+01,1.496072e+01,1.496072e+01,1.501985e+01,1.312758e+01,1.348238e+01,1.478332e+01,1.200405e+01,1.283192e+01,1.259539e+01,1.300932e+01,1.312758e+01,1.170839e+01,1.082139e+01,1.028919e+01,9.520455e+00,8.278657e+00,1.076225e+01,8.751723e+00,8.869990e+00,8.515190e+00,7.687324e+00,7.214258e+00,7.509925e+00,7.332525e+00,6.682059e+00,4.612395e+00,6.741192e+00,4.434995e+00,4.730661e+00,4.967194e+00,4.316728e+00,4.434995e+00,3.843662e+00,3.902795e+00,3.252330e+00,2.897530e+00,3.193196e+00,3.074930e+00,2.069664e+00,2.247064e+00,2.365331e+00,1.892264e+00,1.478332e+00,1.773998e+00,1.537465e+00,1.182665e+00,1.419198e+00,1.892264e+00,9.461322e-01,1.300932e+00,1.478332e+00,1.064399e+00,1.064399e+00,7.095992e-01,1.005265e+00,9.461322e-01,6.504659e-01,5.321994e-01,5.913326e-01,4.730661e-01,5.913326e-01,6.504659e-01,5.321994e-01,5.913326e-01,5.913326e-01,3.547996e-01,5.913326e-01,3.547996e-01,6.504659e-01,6.504659e-01,7.687324e-01,4.139328e-01,5.321994e-01,2.956663e-01,5.913326e-01,4.730661e-01,6.504659e-01,5.321994e-01,5.913326e-01,1.182665e-01,4.139328e-01,7.687324e-01,5.321994e-01,7.687324e-01,2.365331e-01,5.321994e-01,5.913326e-01,7.095992e-01,7.687324e-01,4.139328e-01,5.913326e-01,7.095992e-01,6.504659e-01,7.687324e-01,5.913326e-01,4.139328e-01,2.956663e-01,4.730661e-01,4.730661e-01,6.504659e-01,4.730661e-01,5.913326e-01,4.730661e-01,4.139328e-01,4.730661e-01
7.095992e-01,4.139328e-01,6.504659e-01,6.504659e-01,2.956663e-01,4.730661e-01,4.730661e-01,3.547996e-01,5.321994e-01,7.095992e-01,7.095992e-01,5.913326e-01,4.139328e-01,6.504659e-01,2.365331e-01,4.730661e-01,5.913326e-01,4.730661e-01,7.687324e-01,4.139328e-01,7.095992e-01,2.956663e-01,4.730661e-01,8.278657e-01,5.321994e-01,2.956663e-01,3.547996e-01,5.913326e-01,5.321994e-01,1.005265e+00,2.956663e-01,4.730661e-01,6.504659e-01,6.504659e-01,7.095992e-01,1.773998e-01,3.547996e-01,5.321994e-01,1.064399e+00,7.687324e-01,4.139328e-01,5.321994e-01,5.321994e-01,7.687324e-01,5.913326e-01,5.913326e-02,2.956663e-01,3.547996e-01,1.005265e+00,5.321994e-01,5.321994e-01,8.869990e-01,6.504659e-01,4.730661e-01,4.730661e-01,9.461322e-01,7.687324e-01,6.504659e-01,8.869990e-01,5.321994e-01,9.461322e-01,7.687324e-01,7.095992e-01,8.869990e-01,4.139328e-01,7.095992e-01,1.123532e+00,4.730661e-01,6.504659e-01,7.095992e-01,9.461322e-01,1.419198e+00,1.182665e+00,7.687324e-01,1.005265e+00,6.504659e-01,1.123532e+00,9.461322e-01,1.419198e+00,1.951398e+00,1.241799e+00,1.123532e+00,1.714865e+00,8.278657e-01,1.123532e+00,1.655731e+00,1.300932e+00,1.655731e+00,1.360065e+00,1.537465e+00,1.478332e+00,1.123532e+00,1.892264e+00,2.069664e+00,1.833131e+00,2.187931e+00,2.128798e+00,1.951398e+00,2.365331e+00,2.069664e+00,2.838397e+00,2.365331e+00,2.128798e+00,2.306197e+00,3.134063e+00,2.897530e+00,2.720130e+00,2.779263e+00,3.370596e+00,3.193196e+00,3.193196e+00,3.193196e+00,3.666262e+00,3.488863e+00,2.779263e+00,4.671528e+00,4.198462e+00,4.198462e+00,4.494128e+00,5.676793e+00,4.316728e+00,5.381127e+00,4.789794e+00,5.676793e+00,6.031593e+00,4.671528e+00,6.741192e+00,6.327259e+00,5.795060e+00,6.918592e+00,8.278657e+00,9.520455e+00,7.214258e+00,7.805591e+00,7.864724e+00,9.816122e+00,8.751723e+00,9.934388e+00,8.574323e+00,9.875255e+00,8.988256e+00,1.082139e+01,1.105792e+01,1.046659e+01,1.123532e+01,1.023005e+01,1.135359e+01,1.129445e+01,1.377805e+01,1.289105e+01,1.289105e+01,1.318672e+01,1.490158e+01,1.419198e+01,1.241799e+01,1.448765e+01,1.632078e+01,1.454678e+01,1.413285e+01,1.460592e+01,1.602511e+01,1.466505e+01,1.614338e+01,1.685298e+01,1.697125e+01,1.626165e+01,1.555205e+01,1.697125e+01,1.620251e+01,1.697125e+01,1.555205e+01,1.726691e+01,1.490158e+01,1.584771e+01,1.608425e+01,1.555205e+01,1.596598e+01,1.401458e+01,1.578858e+01,1.442852e+01,1.460592e+01,1.206319e+01,1.253625e+01,1.194492e+01,1.253625e+01,1.076225e+01,1.135359e+01,1.064399e+01,1.052572e+01,1.164925e+01,9.106523e+00,1.058485e+01,9.224789e+00,8.929123e+00,8.515190e+00,8.988256e+00,8.278657e+00,7.509925e+00,5.321994e+00,6.504659e+00,6.859459e+00,5.499394e+00,5.795060e+00,5.085461e+00,5.381127e+00,3.843662e+00,3.843662e+00,3.961929e+00,3.134063e+00,3.311463e+00,3.547996e+00,2.779263e+00,3.429729e+00,2.897530e+00,2.306197e+00,2.365331e+00,2.010531e+00,2.187931e+00,2.247064e+00,1.596598e+00,7.687324e-01,1.360065e+00,1.419198e+00,1.064399e+00,1.182665e+00,8.869990e-01,1.241799e+00,1.182665e+00,7.687324e-01,1.064399e+00,7.095992e-01,1.005265e+00,8.278657e-01,7.687324e-01,4.730661e-01,3.547996e-01,7.095992e-01,5.913326e-01,2.956663e-01,3.547996e-01,2.956663e-01,4.730661e-01,6.504659e-01,6.504659e-01,7.095992e-01,7.687324e-01,5.321994e-01,1.064399e+00,5.913326e-01,4.139328e-01,5.321994e-01,7.687324e-01,2.956663e-01,4.730661e-01,4.139328e-01,1.182665e-01,4.730661e-01,3.547996e-01,4.730661e-01,5.321994e-01,5.321994e-01,5.321994e-01,5.913326e-01,5.913326e-01,2.956663e-01,4.139328e-01,5.321994e-01,2.365331e-01,5.321994e-01,4.139328e-01,1.182665e-01,5.321994e-01,6.504659e-01,5.913326e-01,5.321994e-01,6.504659e-01,5.321994e-01,7.687324e-01,4.730661e-01,2.365331e-01
7.687324e-01,4.139328e-01,6.504659e-01,9.461322e-01,3.547996e-01,5.321994e-01,5.913326e-01,5.913326e-01,5.321994e-01,2.365331e-01,4.139328e-01,4.139328e-01,6.504659e-01,7.095992e-01,2.365331e-01,5.913326e-01,4.730661e-01,3.547996e-01,4.730661e-01,4.139328e-01,5.913326e-01,5.913326e-01,4.730661e-01,4.730661e-01,6.504659e-01,4.139328e-01,6.504659e-01,4.730661e-01,7.095992e-01,4.139328e-01,4.730661e-01,3.547996e-01,5.913326e-01,2.956663e-01,2.365331e-01,5.913326e-01,3.547996e-01,3.547996e-01,4.730661e-01,5.321994e-01,4.139328e-01,1.182665e-01,4.139328e-01,1.773998e-01,5.321994e-01,9.461322e-01,6.504659e-01,5.913326e-01,6.504659e-01,5.321994e-01,2.956663e-01,5.913326e-01,4.730661e-01,3.547996e-01,5.321994e-01,3.547996e-01,5.913326e-01,4.139328e-01,7.687324e-01,1.005265e+00,5.321994e-01,4.139328e-01,8.869990e-01,5.321994e-01,7.687324e-01,3.547996e-01,1.005265e+00,1.005265e+00,6.504659e-01,3.547996e-01,1.241799e+00,1.005265e+00,1.300932e+00,8.869990e-01,1.064399e+00,1.064399e+00,8.869990e-01,5.913326e-01,8.869990e-01,7.687324e-01,1.419198e+00,1.241799e+00,1.182665e+00,1.300932e+00,1.300932e+00,1.773998e+00,1.300932e+00,1.714865e+00,1.182665e+00,1.478332e+00,1.773998e+00,1.951398e+00,1.833131e+00,2.187931e+00,2.069664e+00,2.601864e+00,1.655731e+00,1.892264e+00,2.483597e+00,3.015796e+00,2.365331e+00,3.015796e+00,2.069664e+00,1.596598e+00,2.365331e+00,3.311463e+00,3.193196e+00,2.660997e+00,4.080195e+00,2.897530e+00,2.601864e+00,3.784529e+00,3.193196e+00,4.375862e+00,3.193196e+00,3.429729e+00,3.666262e+00,3.547996e+00,4.434995e+00,4.316728e+00,5.617660e+00,5.144594e+00,6.327259e+00,5.972460e+00,6.386393e+00,5.617660e+00,5.854193e+00,6.149859e+00,6.445526e+00,7.982991e+00,6.741192e+00,6.682059e+00,8.456057e+00,8.101257e+00,7.687324e+00,8.869990e+00,9.875255e+00,8.751723e+00,9.283922e+00,1.070312e+01,9.165656e+00,1.064399e+01,1.040745e+01,1.052572e+01,1.200405e+01,1.159012e+01,1.253625e+01,1.141272e+01,1.070312e+01,1.342325e+01,1.235885e+01,1.289105e+01,1.407372e+01,1.519725e+01,1.472418e+01,1.567031e+01,1.531552e+01,1.608425e+01,1.431025e+01,1.431025e+01,1.507898e+01,1.578858e+01,1.537465e+01,1.673471e+01,1.720778e+01,1.602511e+01,1.513812e+01,1.655731e+01,1.436938e+01,1.667558e+01,1.632078e+01,1.632078e+01,1.643905e+01,1.472418e+01,1.525638e+01,1.507898e+01,1.371892e+01,1.519725e+01,1.431025e+01,1.419198e+01,1.306845e+01,1.259539e+01,1.241799e+01,1.330498e+01,1.088052e+01,1.253625e+01,1.028919e+01,1.011179e+01,1.028919e+01,9.934388e+00,9.579589e+00,8.692590e+00,9.283922e+00,8.160390e+00,7.687324e+00,7.805591e+00,7.746458e+00,7.332525e+00,6.386393e+00,6.977725e+00,6.149859e+00,4.967194e+00,5.262860e+00,5.144594e+00,2.956663e+00,3.666262e+00,4.612395e+00,3.666262e+00,3.784529e+00,3.370596e+00,2.306197e+00,2.542730e+00,3.252330e+00,3.252330e+00,2.660997e+00,2.010531e+00,2.483597e+00,1.773998e+00,1.833131e+00,1.123532e+00,1.360065e+00,1.892264e+00,1.300932e+00,1.360065e+00,1.419198e+00,1.064399e+00,8.278657e-01,8.869990e-01,1.241799e+00,8.278657e-01,7.095992e-01,1.123532e+00,7.687324e-01,8.869990e-01,5.321994e-01,4.730661e-01,4.139328e-01,3.547996e-01,5.321994e-01,5.913326e-01,8.278657e-01,4.139328e-01,6.504659e-01,5.913326e-01,6.504659e-01,5.913326e-01,9.461322e-01,5.321994e-01,2.956663e-01,7.095992e-01,4.139328e-01,8.278657e-01,6.504659e-01,5.913326e-02,4.730661e-01,6.504659e-01,2.365331e-01,5.913326e-01,5.321994e-01,6.504659e-01,2.956663e-01,5.321994e-01,5.321994e-01,4.730661e-01,6.504659e-01,8.278657e-01,5.321994e-01,2.365331e-01,8.869990e-01,2.956663e-01,4.139328e-01,6.504659e-01,6.504659e-01,4.139328e-01,7.095992e-01,2.365331e-01,5.321994e-01,2.365331e-01,2.365331e-01,7.687324e-01
5.321994e-01,3.547996e-01,6.504659e-01,5.913326e-01,6.504659e-01,4.730661e-01,2.956663e-01,3.547996e-01,4.730661e-01,2.956663e-01,5.321994e-01,6.504659e-01,5.321994e-01,2.365331e-01,5.321994e-01,4.139328e-01,2.365331e-01,7.095992e-01,5.321994e-01,5.913326e-01,4.139328e-01,2.956663e-01,8.278657e-01,2.956663e-01,6.504659e-01,1.773998e-01,2.365331e-01,7.095992e-01,4.139328e-01,4.139328e-01,4.730661e-01,8.278657e-01,5.321994e-01,7.095992e-01,4.730661e-01,2.956663e-01,2.956663e-01,7.095992e-01,4.730661e-01,7.095992e-01,4.139328e-01,5.321994e-01,8.278657e-01,4.139328e-01,4.730661e-01,3.547996e-01,2.956663e-01,4.139328e-01,7.095992e-01,6.504659e-01,5.321994e-01,6.504659e-01,1.005265e+00,6.504659e-01,4.730661e-01,5.321994e-01,7.687324e-01,4.139328e-01,4.730661e-01,1.064399e+00,7.095992e-01,8.278657e-01,6.504659e-01,1.123532e+00,7.687324e-01,1.123532e+00,8.278657e-01,7.687324e-01,8.869990e-01,7.687324e-01,6.504659e-01,1.064399e+00,8.278657e-01,7.687324e-01,1.360065e+00,1.123532e+00,1.300932e+00,1.182665e+00,1.005265e+00,1.773998e+00,1.478332e+00,1.123532e+00,1.537465e+00,8.869990e-01,1.951398e+00,2.128798e+00,9.461322e-01,1.360065e+00,1.478332e+00,1.182665e+00,1.064399e+00,1.537465e+00,1.833131e+00,1.773998e+00,1.714865e+00,2.010531e+00,2.010531e+00,2.069664e+00,2.365331e+00,2.483597e+00,2.187931e+00,2.779263e+00,1.773998e+00,2.838397e+00,2.660997e+00,2.424464e+00,2.956663e+00,3.725396e+00,3.311463e+00,3.311463e+00,3.725396e+00,2.956663e+00,4.434995e+00,3.429729e+00,3.429729e+00,3.547996e+00,5.144594e+00,4.198462e+00,4.671528e+00,4.494128e+00,5.381127e+00,4.967194e+00,5.321994e+00,5.440260e+00,6.327259e+00,6.741192e+00,6.800325e+00,7.155125e+00,7.155125e+00,7.805591e+00,7.687324e+00,7.923857e+00,8.042124e+00,8.160390e+00,7.982991e+00,8.692590e+00,6.741192e+00,8.337790e+00,8.278657e+00,9.047389e+00,1.028919e+01,1.046659e+01,9.816122e+00,1.153099e+01,1.271365e+01,1.188579e+01,1.206319e+01,1.425112e+01,1.023005e+01,1.300932e+01,1.241799e+01,1.401458e+01,1.383718e+01,1.549292e+01,1.590685e+01,1.365978e+01,1.472418e+01,1.578858e+01,1.626165e+01,1.395545e+01,1.578858e+01,1.673471e+01,1.679385e+01,1.531552e+01,1.643905e+01,1.714865e+01,1.537465e+01,1.537465e+01,1.608425e+01,1.703038e+01,1.561118e+01,1.436938e+01,1.537465e+01,1.442852e+01,1.401458e+01,1.419198e+01,1.496072e+01,1.567031e+01,1.336412e+01,1.561118e+01,1.383718e+01,1.300932e+01,1.436938e+01,1.354152e+01,1.218145e+01,1.182665e+01,1.153099e+01,1.088052e+01,1.070312e+01,9.402189e+00,9.047389e+00,9.875255e+00,9.756989e+00,7.923857e+00,8.869990e+00,7.628191e+00,7.628191e+00,6.859459e+00,7.273391e+00,6.090726e+00,6.622926e+00,5.026327e+00,5.558527e+00,4.612395e+00,4.730661e+00,4.139328e+00,3.666262e+00,3.843662e+00,4.494128e+00,3.547996e+00,2.424464e+00,3.193196e+00,2.542730e+00,2.720130e+00,2.660997e+00,3.074930e+00,2.483597e+00,2.069664e+00,1.714865e+00,1.714865e+00,1.182665e+00,1.182665e+00,1.714865e+00,8.869990e-01,8.869990e-01,1.300932e+00,1.182665e+00,1.064399e+00,8.869990e-01,6.504659e-01,1.005265e+00,8.278657e-01,1.064399e+00,1.123532e+00,9.461322e-01,6.504659e-01,5.913326e-01,7.095992e-01,1.005265e+00,6.504659e-01,3.547996e-01,4.139328e-01,4.730661e-01,5.321994e-01,5.913326e-01,4.139328e-01,4.730661e-01,3.547996e-01,4.139328e-01,4.139328e-01,3.547996e-01,5.913326e-01,4.139328e-01,5.321994e-01,4.730661e-01,7.687324e-01,5.321994e-01,6.504659e-01,2.956663e-01,7.095992e-01,4.730661e-01,3.547996e-01,3.547996e-01,5.913326e-01,7.687324e-01,2.365331e-01,4.139328e-01,6.504659e-01,3.547996e-01,5.913326e-01,7.095992e-01,4.139328e-01,1.182665e-01,3.547996e-01,4.730661e-01,5.321994e-01,2.956663e-01,6.504659e-01,3.547996e-01,5.321994e-01
1.773998e-01,4.730661e-01,1.773998e-01,4.139328e-01,3.547996e-01,4.730661e-01,7.095992e-01,7.095992e-01,2.956663e-01,6.504659e-01,6.504659e-01,5.913326e-01,3.547996e-01,4.730661e-01,5.321994e-01,4.730661e-01,8.869990e-01,4.730661e-01,3.547996e-01,2.956663e-01,2.956663e-01,4.730661e-01,4.139328e-01,3.547996e-01,6.504659e-01,5.321994e-01,4.139328e-01,4.730661e-01,5.321994e-01,7.687324e-01,4.139328e-01,2.365331e-01,2.365331e-01,1.182665e-01,4.730661e-01,5.913326e-01,5.913326e-01,1.005265e+00,4.730661e-01,4.139328e-01,6.504659e-01,5.321994e-01,8.278657e-01,8.869990e-01,3.547996e-01,6.504659e-01,8.278657e-01,4.730661e-01,4.730661e-01,5.321994e-01,1.064399e+00,5.913326e-01,8.278657e-01,5.321994e-01,4.139328e-01,4.730661e-01,8.869990e-01,7.095992e-01,7.687324e-01,5.913326e-01,8.869990e-01,8.278657e-01,4.139328e-01,1.005265e+00,1.005265e+00,9.461322e-01,9.461322e-01,6.504659e-01,8.278657e-01,8.278657e-01,1.005265e+00,1.419198e+00,7.687324e-01,1.360065e+00,1.300932e+00,8.869990e-01,1.005265e+00,6.504659e-01,1.005265e+00,1.241799e+00,1.537465e+00,1.833131e+00,8.869990e-01,1.360065e+00,1.241799e+00,1.655731e+00,1.596598e+00,1.419198e+00,1.773998e+00,2.247064e+00,1.892264e+00,1.655731e+00,2.365331e+00,2.306197e+00,1.833131e+00,2.010531e+00,2.365331e+00,2.424464e+00,2.306197e+00,2.601864e+00,2.424464e+00,2.483597e+00,3.134063e+00,2.365331e+00,2.779263e+00,3.074930e+00,2.956663e+00,3.074930e+00,3.015796e+00,3.015796e+00,3.784529e+00,3.547996e+00,3.843662e+00,3.607129e+00,3.725396e+00,3.607129e+00,4.730661e+00,4.434995e+00,3.784529e+00,5.676793e+00,5.144594e+00,5.854193e+00,5.558527e+00,6.741192e+00,6.386393e+00,5.735927e+00,7.095992e+00,6.208993e+00,6.622926e+00,6.682059e+00,6.622926e+00,7.569058e+00,8.456057e+00,7.095992e+00,8.337790e+00,8.396923e+00,9.402189e+00,9.461322e+00,9.993522e+00,1.082139e+01,1.088052e+01,8.219524e+00,1.023005e+01,1.147185e+01,1.099879e+01,1.277279e+01,1.135359e+01,1.099879e+01,1.330498e+01,1.164925e+01,1.413285e+01,1.206319e+01,1.371892e+01,1.425112e+01,1.413285e+01,1.596598e+01,1.572945e+01,1.401458e+01,1.360065e+01,1.608425e+01,1.567031e+01,1.590685e+01,1.673471e+01,1.572945e+01,1.655731e+01,1.496072e+01,1.637991e+01,1.649818e+01,1.590685e+01,1.543378e+01,1.507898e+01,1.590685e+01,1.708951e+01,1.401458e+01,1.620251e+01,1.655731e+01,1.496072e+01,1.649818e+01,1.365978e+01,1.395545e+01,1.206319e+01,1.336412e+01,1.271365e+01,1.058485e+01,1.206319e+01,1.224059e+01,1.182665e+01,1.218145e+01,1.159012e+01,1.028919e+01,1.111705e+01,1.011179e+01,7.628191e+00,7.982991e+00,9.047389e+00,7.332525e+00,6.741192e+00,6.504659e+00,6.682059e+00,6.445526e+00,6.208993e+00,4.553261e+00,5.203727e+00,4.021062e+00,4.494128e+00,4.021062e+00,3.843662e+00,3.607129e+00,3.311463e+00,3.429729e+00,2.897530e+00,3.134063e+00,2.424464e+00,3.193196e+00,2.306197e+00,2.601864e+00,2.010531e+00,2.306197e+00,1.773998e+00,1.360065e+00,1.714865e+00,2.010531e+00,1.300932e+00,1.773998e+00,9.461322e-01,1.241799e+00,1.064399e+00,1.419198e+00,7.687324e-01,1.005265e+00,5.913326e-01,5.913326e-01,7.095992e-01,8.278657e-01,6.504659e-01,7.687324e-01,1.241799e+00,5.913326e-01,1.064399e+00,4.139328e-01,7.095992e-01,4.730661e-01,3.547996e-01,3.547996e-01,4.139328e-01,5.913326e-01,1.005265e+00,3.547996e-01,5.913326e-01,5.913326e-01,4.730661e-01,5.321994e-01,6.504659e-01,6.504659e-01,3.547996e-01,2.956663e-01,5.913326e-01,5.321994e-01,4.730661e-01,4.730661e-01,5.321994e-01,7.095992e-01,6.504659e-01,6.504659e-01,5.913326e-01,4.730661e-01,5.321994e-01,5.321994e-01,2.956663e-01,3.547996e-01,5.321994e-01,4.139328e-01,7.687324e-01,4.730661e-01,5.321994e-01,3.547996e-01,7.095992e-01,2.365331e-01,6.504659e-01,4.730661e-01
5.913326e-01,4.139328e-01,6.504659e-01,4.730661e-01,4.139328e-01,2.365331e-01,4.139328e-01,5.321994e-01,7.095992e-01,7.095992e-01,4.730661e-01,4.730661e-01,4.730661e-01,3.547996e-01,7.095992e-01,5.913326e-01,3.547996e-01,4.139328e-01,5.321994e-01,4.139328e-01,4.139328e-01,4.730661e-01,3.547996e-01,7.095992e-01,5.913326e-01,7.095992e-01,8.278657e-01,5.321994e-01,2.956663e-01,5.913326e-01,2.365331e-01,4.730661e-01,5.321994e-01,2.365331e-01,2.365331e-01,6.504659e-01,4.730661e-01,4.730661e-01,3.547996e-01,6.504659e-01,4.730661e-01,6.504659e-01,6.504659e-01,4.139328e-01,5.321994e-01,6.504659e-01,5.321994e-01,7.095992e-01,6.504659e-01,4.730661e-01,3.547996e-01,6.504659e-01,8.869990e-01,1.300932e+00,6.504659e-01,1.005265e+00,8.278657e-01,7.687324e-01,7.095992e-01,7.687324e-01,7.095992e-01,6.504659e-01,9.461322e-01,5.913326e-01,7.095992e-01,1.537465e+00,1.300932e+00,9.461322e-01,9.461322e-01,1.123532e+00,9.461322e-01,1.182665e+00,1.773998e+00,1.596598e+00,1.064399e+00,1.360065e+00,8.278657e-01,1.005265e+00,1.241799e+00,1.951398e+00,8.869990e-01,1.655731e+00,1.773998e+00,1.419198e+00,1.833131e+00,1.892264e+00,1.123532e+00,1.714865e+00,8.869990e-01,1.833131e+00,1.655731e+00,1.892264e+00,1.655731e+00,1.951398e+00,2.306197e+00,1.714865e+00,2.247064e+00,1.655731e+00,3.902795e+00,2.010531e+00,3.134063e+00,2.483597e+00,3.074930e+00,2.483597e+00,2.483597e+00,3.488863e+00,3.193196e+00,3.666262e+00,2.838397e+00,3.074930e+00,3.311463e+00,3.843662e+00,3.902795e+00,4.375862e+00,4.080195e+00,4.789794e+00,4.316728e+00,4.494128e+00,4.671528e+00,5.617660e+00,5.913326e+00,5.617660e+00,5.795060e+00,6.386393e+00,5.144594e+00,6.149859e+00,7.036858e+00,5.854193e+00,6.682059e+00,6.918592e+00,7.864724e+00,7.273391e+00,7.273391e+00,7.391658e+00,8.515190e+00,9.520455e+00,9.934388e+00,8.456057e+00,1.123532e+01,1.017092e+01,9.343056e+00,1.005265e+01,1.005265e+01,1.052572e+01,9.875255e+00,1.431025e+01,1.105792e+01,1.259539e+01,1.265452e+01,1.176752e+01,1.324585e+01,1.377805e+01,1.496072e+01,1.295018e+01,1.507898e+01,1.501985e+01,1.590685e+01,1.555205e+01,1.537465e+01,1.531552e+01,1.531552e+01,1.543378e+01,1.442852e+01,1.720778e+01,1.720778e+01,1.608425e+01,1.632078e+01,1.703038e+01,1.543378e+01,1.401458e+01,1.608425e+01,1.472418e+01,1.525638e+01,1.572945e+01,1.531552e+01,1.614338e+01,1.525638e+01,1.531552e+01,1.348238e+01,1.472418e+01,1.365978e+01,1.300932e+01,1.123532e+01,1.235885e+01,1.176752e+01,1.247712e+01,1.176752e+01,1.082139e+01,9.934388e+00,1.011179e+01,9.165656e+00,8.751723e+00,7.569058e+00,7.982991e+00,8.219524e+00,6.268126e+00,6.268126e+00,7.569058e+00,7.509925e+00,5.795060e+00,4.789794e+00,4.671528e+00,4.671528e+00,5.795060e+00,3.902795e+00,4.375862e+00,3.134063e+00,3.429729e+00,3.547996e+00,2.720130e+00,4.198462e+00,3.074930e+00,2.010531e+00,2.365331e+00,2.601864e+00,2.187931e+00,2.128798e+00,2.128798e+00,1.655731e+00,1.951398e+00,1.300932e+00,1.596598e+00,1.773998e+00,1.360065e+00,1.005265e+00,1.064399e+00,8.278657e-01,9.461322e-01,1.064399e+00,1.300932e+00,7.687324e-01,7.687324e-01,8.869990e-01,8.278657e-01,5.913326e-01,7.095992e-01,8.869990e-01,1.064399e+00,8.278657e-01,8.278657e-01,4.730661e-01,9.461322e-01,7.687324e-01,5.321994e-01,3.547996e-01,4.139328e-01,4.139328e-01,4.139328e-01,7.095992e-01,6.504659e-01,6.504659e-01,4.139328e-01,3.547996e-01,5.321994e-01,4.730661e-01,3.547996e-01,2.956663e-01,2.956663e-01,8.869990e-01,4.730661e-01,4.139328e-01,4.139328e-01,5.913326e-01,5.321994e-01,7.687324e-01,2.365331e-01,5.913326e-01,3.547996e-01,3.547996e-01,2.956663e-01,5.321994e-01,4.730661e-01,3.547996e-01,5.913326e-01,2.956663e-01,5.321994e-01,7.095992e-01,5.321994e-01,4.730661e-01,7.095992e-01
5.321994e-01,6.504659e-01,1.773998e-01,5.321994e-01,4.139328e-01,3.547996e-01,6.504659e-01,1.773998e-01,4.730661e-01,5.321994e-01,7.095992e-01,5.913326e-01,3.547996e-01,4.139328e-01,5.321994e-01,5.913326e-01,5.321994e-01,2.365331e-01,5.913326e-01,4.730661e-01,5.913326e-01,5.913326e-01,7.095992e-01,7.095992e-01,5.321994e-01,2.956663e-01,7.095992e-01,4.139328e-01,1.182665e-01,6.504659e-01,5.321994e-01,4.139328e-01,7.687324e-01,2.365331e-01,3.547996e-01,7.095992e-01,6.504659e-01,1.300932e+00,5.321994e-01,5.321994e-01,7.095992e-01,2.956663e-01,5.913326e-01,5.321994e-01,4.139328e-01,3.547996e-01,9.461322e-01,1.064399e+00,5.321994e-01,7.687324e-01,5.913326e-01,6.504659e-01,6.504659e-01,4.139328e-01,8.278657e-01,1.064399e+00,8.278657e-01,6.504659e-01,5.913326e-01,9.461322e-01,8.869990e-01,6.504659e-01,8.869990e-01,8.869990e-01,1.005265e+00,8.278657e-01,8.869990e-01,1.123532e+00,1.182665e+00,1.182665e+00,5.321994e-01,1.300932e+00,7.095992e-01,1.123532e+00,1.064399e+00,1.123532e+00,9.461322e-01,1.360065e+00,1.064399e+00,1.241799e+00,1.537465e+00,1.360065e+00,1.300932e+00,1.951398e+00,1.005265e+00,1.892264e+00,1.360065e+00,1.123532e+00,1.951398e+00,1.714865e+00,1.714865e+00,1.833131e+00,2.010531e+00,2.483597e+00,2.247064e+00,2.779263e+00,2.424464e+00,1.951398e+00,2.838397e+00,2.897530e+00,2.424464e+00,2.956663e+00,2.128798e+00,2.601864e+00,2.542730e+00,2.838397e+00,2.483597e+00,2.306197e+00,3.547996e+00,2.956663e+00,3.607129e+00,4.080195e+00,3.488863e+00,3.666262e+00,4.789794e+00,4.434995e+00,3.843662e+00,4.257595e+00,4.908061e+00,5.381127e+00,5.676793e+00,6.149859e+00,6.208993e+00,6.327259e+00,5.676793e+00,5.144594e+00,5.854193e+00,6.386393e+00,5.913326e+00,6.682059e+00,8.337790e+00,6.563792e+00,8.396923e+00,9.461322e+00,9.579589e+00,1.005265e+01,9.047389e+00,8.810856e+00,9.165656e+00,9.520455e+00,1.129445e+01,1.099879e+01,1.046659e+01,1.111705e+01,1.241799e+01,1.070312e+01,1.105792e+01,1.348238e+01,1.235885e+01,1.295018e+01,1.247712e+01,1.360065e+01,1.472418e+01,1.549292e+01,1.419198e+01,1.543378e+01,1.419198e+01,1.525638e+01,1.543378e+01,1.531552e+01,1.655731e+01,1.419198e+01,1.626165e+01,1.531552e+01,1.620251e+01,1.537465e+01,1.472418e+01,1.714865e+01,1.472418e+01,1.608425e+01,1.484245e+01,1.679385e+01,1.567031e+01,1.460592e+01,1.507898e+01,1.507898e+01,1.454678e+01,1.407372e+01,1.448765e+01,1.300932e+01,1.283192e+01,1.247712e+01,1.389632e+01,1.259539e+01,1.312758e+01,1.188579e+01,1.123532e+01,1.229972e+01,1.105792e+01,9.756989e+00,9.283922e+00,9.934388e+00,9.520455e+00,9.461322e+00,7.273391e+00,8.160390e+00,7.391658e+00,6.800325e+00,6.208993e+00,6.268126e+00,5.735927e+00,4.730661e+00,5.085461e+00,4.257595e+00,4.612395e+00,4.671528e+00,4.257595e+00,3.607129e+00,3.370596e+00,3.252330e+00,3.311463e+00,3.429729e+00,2.010531e+00,2.483597e+00,2.128798e+00,2.010531e+00,2.424464e+00,1.655731e+00,1.300932e+00,1.596598e+00,1.596598e+00,7.687324e-01,1.005265e+00,1.419198e+00,5.913326e-01,1.064399e+00,1.064399e+00,8.278657e-01,2.365331e-01,1.182665e+00,7.095992e-01,7.095992e-01,1.419198e+00,8.869990e-01,1.773998e-01,8.869990e-01,7.095992e-01,2.365331e-01,4.139328e-01,4.139328e-01,4.139328e-01,8.869990e-01,6.504659e-01,8.278657e-01,5.321994e-01,3.547996e-01,4.730661e-01,6.504659e-01,7.687324e-01,4.139328e-01,5.913326e-01,4.139328e-01,1.773998e-01,4.139328e-01,3.547996e-01,5.321994e-01,7.095992e-01,5.913326e-01,5.913326e-01,7.687324e-01,4.730661e-01,5.913326e-01,4.139328e-01,4.730661e-01,6.504659e-01,5.913326e-01,7.095992e-01,4.730661e-01,5.913326e-01,8.869990e-01,2.956663e-01,4.139328e-01,4.730661e-01,5.913326e-01,4.730661e-01,2.365331e-01,8.278657e-01,5.913326e-01,5.321994e-01,3.547996e-01
4.139328e-01,3.547996e-01,3.547996e-01,2.956663e-01,1.773998e-01,2.956663e-01,3.547996e-01,7.095992e-01,8.869990e-01,4.730661e-01,2.365331e-01,2.956663e-01,7.095992e-01,5.321994e-01,5.321994e-01,4.730661e-01,6.504659e-01,3.547996e-01,5.321994e-01,4.139328e-01,3.547996e-01,2.365331e-01,5.913326e-01,5.913326e-01,3.547996e-01,2.956663e-01,3.547996e-01,4.139328e-01,5.321994e-01,4.730661e-01,4.730661e-01,5.321994e-01,7.095992e-01,5.913326e-01,4.139328e-01,7.687324e-01,5.321994e-01,2.956663e-01,6.504659e-01,7.095992e-01,4.730661e-01,7.095992e-01,7.687324e-01,7.687324e-01,1.182665e-01,8.869990e-01,6.504659e-01,8.278657e-01,7.095992e-01,5.913326e-01,2.956663e-01,4.730661e-01,7.687324e-01,7.687324e-01,5.913326e-01,4.139328e-01,7.687324e-01,8.278657e-01,6.504659e-01,1.064399e+00,8.278657e-01,1.005265e+00,8.869990e-01,8.278657e-01,8.278657e-01,8.869990e-01,1.182665e+00,1.005265e+00,1.064399e+00,1.123532e+00,1.478332e+00,9.461322e-01,1.241799e+00,9.461322e-01,5.913326e-01,1.241799e+00,1.360065e+00,2.010531e+00,1.419198e+00,1.419198e+00,1.241799e+00,1.773998e+00,9.461322e-01,1.123532e+00,1.123532e+00,1.833131e+00,1.478332e+00,1.892264e+00,2.069664e+00,1.360065e+00,1.773998e+00,2.542730e+00,2.069664e+00,2.483597e+00,2.010531e+00,2.424464e+00,2.424464e+00,2.779263e+00,2.660997e+00,2.424464e+00,2.779263e+00,2.306197e+00,2.424464e+00,2.069664e+00,2.306197e+00,3.193196e+00,3.607129e+00,4.257595e+00,3.547996e+00,3.370596e+00,2.956663e+00,3.666262e+00,4.434995e+00,3.488863e+00,3.252330e+00,6.031593e+00,4.908061e+00,4.494128e+00,5.262860e+00,4.434995e+00,4.434995e+00,5.085461e+00,6.386393e+00,6.445526e+00,5.144594e+00,6.149859e+00,6.386393e+00,7.155125e+00,6.031593e+00,7.214258e+00,5.854193e+00,8.396923e+00,8.456057e+00,7.095992e+00,9.461322e+00,8.988256e+00,9.402189e+00,9.165656e+00,8.219524e+00,9.520455e+00,9.697855e+00,9.579589e+00,1.135359e+01,1.312758e+01,1.224059e+01,1.170839e+01,1.265452e+01,1.194492e+01,1.354152e+01,1.330498e+01,1.324585e+01,1.277279e+01,1.525638e+01,1.324585e+01,1.306845e+01,1.336412e+01,1.389632e+01,1.472418e+01,1.643905e+01,1.431025e+01,1.490158e+01,1.691211e+01,1.614338e+01,1.567031e+01,1.614338e+01,1.578858e+01,1.892264e+01,1.572945e+01,1.561118e+01,1.608425e+01,1.691211e+01,1.661645e+01,1.496072e+01,1.525638e+01,1.507898e+01,1.431025e+01,1.377805e+01,1.549292e+01,1.561118e+01,1.383718e+01,1.300932e+01,1.371892e+01,1.182665e+01,1.082139e+01,1.289105e+01,1.088052e+01,1.194492e+01,1.153099e+01,1.064399e+01,1.052572e+01,8.396923e+00,9.165656e+00,7.864724e+00,7.864724e+00,7.982991e+00,6.741192e+00,6.090726e+00,6.208993e+00,5.676793e+00,6.031593e+00,6.149859e+00,5.676793e+00,4.612395e+00,4.434995e+00,4.375862e+00,4.021062e+00,3.193196e+00,3.429729e+00,3.193196e+00,3.252330e+00,3.547996e+00,2.956663e+00,2.483597e+00,2.424464e+00,3.015796e+00,1.833131e+00,1.773998e+00,1.537465e+00,1.537465e+00,1.537465e+00,1.596598e+00,1.123532e+00,1.537465e+00,1.300932e+00,1.005265e+00,1.360065e+00,6.504659e-01,9.461322e-01,9.461322e-01,9.461322e-01,7.095992e-01,7.687324e-01,7.687324e-01,8.869990e-01,7.095992e-01,7.687324e-01,7.687324e-01,7.095992e-01,4.139328e-01,4.730661e-01,2.956663e-01,8.869990e-01,4.139328e-01,6.504659e-01,2.956663e-01,5.321994e-01,7.687324e-01,5.321994e-01,2.365331e-01,4.139328e-01,3.547996e-01,6.504659e-01,4.730661e-01,5.913326e-01,4.139328e-01,5.913326e-01,5.321994e-01,2.956663e-01,3.547996e-01,5.321994e-01,2.956663e-01,3.547996e-01,3.547996e-01,4.730661e-01,2.365331e-01,5.321994e-01,4.730661e-01,4.139328e-01,4.139328e-01,5.913326e-01,4.730661e-01,8.869990e-01,4.139328e-01,3.547996e-01,5.321994e-01,7.095992e-01,4.139328e-01,5.321994e-01,5.321994e-01,5.913326e-01
2.365331e-01,6.504659e-01,5.913326e-01,4.730661e-01,6.504659e-01,2.365331e-01,2.956663e-01,4.730661e-01,5.913326e-01,6.504659e-01,1.773998e-01,3.547996e-01,5.321994e-01,7.095992e-01,2.956663e-01,3.547996e-01,6.504659e-01,4.730661e-01,2.365331e-01,2.365331e-01,8.869990e-01,5.913326e-01,2.956663e-01,5.321994e-01,6.504659e-01,5.321994e-01,5.321994e-01,3.547996e-01,2.956663e-01,4.730661e-01,8.869990e-01,5.913326e-01,7.095992e-01,2.365331e-01,7.095992e-01,8.278657e-01,2.956663e-01,5.913326e-01,8.278657e-01,7.687324e-01,2.365331e-01,7.687324e-01,4.730661e-01,7.095992e-01,8.278657e-01,7.095992e-01,1.005265e+00,5.321994e-01,2.956663e-01,4.139328e-01,1.300932e+00,4.730661e-01,9.461322e-01,7.687324e-01,7.687324e-01,4.730661e-01,6.504659e-01,6.504659e-01,5.913326e-01,1.241799e+00,7.687324e-01,1.064399e+00,8.869990e-01,1.005265e+00,7.095992e-01,6.504659e-01,8.869990e-01,1.005265e+00,7.095992e-01,8.869990e-01,7.095992e-01,1.241799e+00,8.278657e-01,1.005265e+00,1.537465e+00,1.123532e+00,1.360065e+00,1.478332e+00,1.596598e+00,1.300932e+00,1.241799e+00,1.360065e+00,1.655731e+00,1.655731e+00,1.596598e+00,1.892264e+00,1.360065e+00,1.714865e+00,2.010531e+00,2.720130e+00,2.483597e+00,1.596598e+00,1.892264e+00,1.951398e+00,2.306197e+00,2.010531e+00,2.483597e+00,2.247064e+00,2.424464e+00,2.779263e+00,2.660997e+00,2.720130e+00,3.252330e+00,3.015796e+00,3.488863e+00,3.488863e+00,3.429729e+00,3.488863e+00,3.488863e+00,3.607129e+00,3.607129e+00,4.553261e+00,3.488863e+00,3.547996e+00,4.908061e+00,3.725396e+00,4.021062e+00,5.676793e+00,4.553261e+00,4.316728e+00,6.327259e+00,6.031593e+00,6.208993e+00,6.090726e+00,5.262860e+00,6.504659e+00,6.563792e+00,7.332525e+00,7.450791e+00,8.515190e+00,7.450791e+00,8.278657e+00,7.509925e+00,8.160390e+00,8.160390e+00,8.574323e+00,9.047389e+00,9.165656e+00,9.756989e+00,9.520455e+00,1.040745e+01,1.093965e+01,9.875255e+00,1.188579e+01,1.147185e+01,1.519725e+01,1.200405e+01,1.425112e+01,1.306845e+01,1.336412e+01,1.271365e+01,1.176752e+01,1.383718e+01,1.501985e+01,1.289105e+01,1.501985e+01,1.460592e+01,1.626165e+01,1.389632e+01,1.614338e+01,1.419198e+01,1.768085e+01,1.703038e+01,1.425112e+01,1.614338e+01,1.608425e+01,1.519725e+01,1.584771e+01,1.584771e+01,1.513812e+01,1.703038e+01,1.407372e+01,1.561118e+01,1.549292e+01,1.590685e+01,1.478332e+01,1.253625e+01,1.354152e+01,1.389632e+01,1.537465e+01,1.436938e+01,1.235885e+01,1.466505e+01,1.111705e+01,1.176752e+01,1.082139e+01,1.135359e+01,9.934388e+00,1.052572e+01,1.023005e+01,1.052572e+01,7.155125e+00,9.165656e+00,7.569058e+00,8.101257e+00,7.095992e+00,6.800325e+00,7.155125e+00,6.090726e+00,6.859459e+00,5.085461e+00,4.434995e+00,4.671528e+00,5.321994e+00,6.149859e+00,4.375862e+00,4.080195e+00,3.547996e+00,3.488863e+00,3.134063e+00,3.074930e+00,2.956663e+00,2.542730e+00,2.069664e+00,2.069664e+00,2.069664e+00,2.010531e+00,1.951398e+00,1.419198e+00,1.123532e+00,1.892264e+00,1.182665e+00,1.655731e+00,1.005265e+00,1.241799e+00,8.869990e-01,1.123532e+00,5.913326e-01,5.913326e-01,6.504659e-01,7.095992e-01,7.095992e-01,1.360065e+00,9.461322e-01,7.095992e-01,5.321994e-01,8.869990e-01,7.095992e-01,6.504659e-01,7.095992e-01,2.365331e-01,1.005265e+00,1.773998e-01,5.321994e-01,1.773998e-01,7.095992e-01,6.504659e-01,7.095992e-01,4.730661e-01,3.547996e-01,5.321994e-01,2.956663e-01,2.365331e-01,7.687324e-01,7.095992e-01,3.547996e-01,4.139328e-01,5.321994e-01,7.687324e-01,2.956663e-01,3.547996e-01,5.913326e-01,8.869990e-01,7.687324e-01,4.730661e-01,2.365331e-01,4.139328e-01,5.321994e-01,2.956663e-01,5.321994e-01,4.139328e-01,4.139328e-01,1.773998e-01,5.321994e-01,5.913326e-01,8.278657e-01,4.730661e-01,2.365331e-01,7.095992e-01,6.504659e-01
4.139328e-01,5.321994e-01,2.956663e-01,2.956663e-01,7.095992e-01,4.730661e-01,3.547996e-01,4.730661e-01,4.139328e-01,6.504659e-01,2.956663e-01,5.321994e-01,5.321994e-01,5.321994e-01,4.730661e-01,2.956663e-01,3.547996e-01,6.504659e-01,4.730661e-01,5.321994e-01,2.956663e-01,6.504659e-01,7.687324e-01,4.730661e-01,7.095992e-01,4.139328e-01,6.504659e-01,4.730661e-01,3.547996e-01,2.365331e-01,7.095992e-01,5.321994e-01,1.005265e+00,1.182665e-01,2.956663e-01,7.095992e-01,5.321994e-01,1.005265e+00,5.913326e-01,7.687324e-01,9.461322e-01,6.504659e-01,3.547996e-01,5.321994e-01,5.321994e-01,4.730661e-01,4.139328e-01,8.278657e-01,8.278657e-01,7.095992e-01,5.913326e-01,7.687324e-01,1.005265e+00,4.730661e-01,8.869990e-01,2.956663e-01,5.913326e-01,7.095992e-01,5.321994e-01,8.278657e-01,5.321994e-01,7.095992e-01,3.547996e-01,8.869990e-01,9.461322e-01,8.278657e-01,7.687324e-01,7.687324e-01,1.005265e+00,1.419198e+00,1.005265e+00,1.064399e+00,5.913326e-01,1.241799e+00,1.537465e+00,7.687324e-01,1.360065e+00,2.128798e+00,1.123532e+00,1.123532e+00,1.123532e+00,1.714865e+00,1.300932e+00,1.596598e+00,1.537465e+00,1.773998e+00,1.596598e+00,1.833131e+00,1.655731e+00,2.187931e+00,1.537465e+00,2.424464e+00,2.247064e+00,2.247064e+00,2.365331e+00,2.247064e+00,2.838397e+00,2.542730e+00,2.306197e+00,2.306197e+00,2.424464e+00,2.187931e+00,2.660997e+00,2.424464e+00,3.784529e+00,2.601864e+00,3.547996e+00,2.424464e+00,3.311463e+00,4.139328e+00,3.429729e+00,3.429729e+00,3.193196e+00,4.257595e+00,5.262860e+00,4.434995e+00,4.848928e+00,5.262860e+00,5.558527e+00,5.676793e+00,6.268126e+00,4.789794e+00,6.149859e+00,5.735927e+00,6.504659e+00,7.155125e+00,6.859459e+00,7.628191e+00,7.982991e+00,7.569058e+00,7.864724e+00,7.923857e+00,7.805591e+00,8.751723e+00,8.396923e+00,8.574323e+00,8.988256e+00,1.052572e+01,9.993522e+00,8.929123e+00,9.875255e+00,1.147185e+01,1.046659e+01,1.295018e+01,1.135359e+01,1.253625e+01,1.324585e+01,1.170839e+01,1.123532e+01,1.229972e+01,1.277279e+01,1.407372e+01,1.306845e+01,1.377805e+01,1.472418e+01,1.312758e+01,1.289105e+01,1.531552e+01,1.377805e+01,1.448765e+01,1.466505e+01,1.620251e+01,1.673471e+01,1.460592e+01,1.602511e+01,1.395545e+01,1.572945e+01,1.572945e+01,1.460592e+01,1.531552e+01,1.584771e+01,1.614338e+01,1.525638e+01,1.472418e+01,1.484245e+01,1.425112e+01,1.300932e+01,1.407372e+01,1.318672e+01,1.466505e+01,1.235885e+01,1.188579e+01,1.182665e+01,1.224059e+01,1.194492e+01,1.200405e+01,9.520455e+00,1.170839e+01,1.005265e+01,9.343056e+00,9.816122e+00,9.224789e+00,9.402189e+00,8.396923e+00,7.569058e+00,7.628191e+00,7.155125e+00,6.741192e+00,6.268126e+00,5.854193e+00,5.381127e+00,6.327259e+00,5.203727e+00,5.676793e+00,3.843662e+00,4.434995e+00,4.671528e+00,3.607129e+00,3.074930e+00,3.134063e+00,2.956663e+00,3.134063e+00,3.134063e+00,1.951398e+00,1.655731e+00,1.773998e+00,1.300932e+00,1.655731e+00,1.478332e+00,1.773998e+00,1.537465e+00,1.300932e+00,1.892264e+00,8.278657e-01,8.869990e-01,9.461322e-01,1.064399e+00,8.278657e-01,1.241799e+00,9.461322e-01,5.913326e-01,5.321994e-01,6.504659e-01,8.278657e-01,5.321994e-01,5.913326e-01,7.687324e-01,5.321994e-01,8.869990e-01,2.956663e-01,1.064399e+00,5.321994e-01,4.730661e-01,5.321994e-01,5.913326e-01,7.095992e-01,2.365331e-01,7.687324e-01,5.321994e-01,5.321994e-01,5.913326e-01,3.547996e-01,1.773998e-01,5.913326e-01,4.139328e-01,5.913326e-01,2.365331e-01,7.095992e-01,7.687324e-01,5.913326e-01,4.730661e-01,4.730661e-01,4.730661e-01,3.547996e-01,1.773998e-01,2.956663e-01,4.730661e-01,8.278657e-01,3.547996e-01,5.913326e-01,4.139328e-01,7.687324e-01,7.687324e-01,4.139328e-01,3.547996e-01,5.321994e-01,4.730661e-01,5.321994e-01,5.321994e-01,3.547996e-01
3.547996e-01,7.095992e-01,5.913326e-01,2.956663e-01,6.504659e-01,5.913326e-01,8.278657e-01,3.547996e-01,6.504659e-01,2.956663e-01,4.730661e-01,5.321994e-01,5.321994e-01,9.461322e-01,5.321994e-01,4.139328e-01,4.730661e-01,6.504659e-01,5.913326e-01,7.687324e-01,5.321994e-01,3.547996e-01,4.139328e-01,7.095992e-01,5.913326e-01,4.730661e-01,5.913326e-01,7.095992e-01,5.321994e-01,5.321994e-01,3.547996e-01,5.321994e-01,5.321994e-01,5.321994e-01,5.321994e-01,4.139328e-01,8.278657e-01,8.869990e-01,5.913326e-01,6.504659e-01,2.956663e-01,7.687324e-01,8.278657e-01,4.139328e-01,5.913326e-01,1.005265e+00,5.913326e-01,5.321994e-01,1.064399e+00,4.139328e-01,1.005265e+00,1.064399e+00,4.139328e-01,9.461322e-01,8.278657e-01,4.730661e-01,5.913326e-01,8.869990e-01,4.139328e-01,1.596598e+00,7.095992e-01,1.182665e+00,8.278657e-01,1.005265e+00,6.504659e-01,1.064399e+00,1.123532e+00,1.005265e+00,1.655731e+00,8.278657e-01,9.461322e-01,1.419198e+00,8.278657e-01,5.913326e-01,1.419198e+00,8.278657e-01,1.360065e+00,1.123532e+00,8.278657e-01,1.892264e+00,2.069664e+00,1.714865e+00,1.241799e+00,1.241799e+00,1.773998e+00,1.537465e+00,2.069664e+00,1.360065e+00,2.128798e+00,1.714865e+00,1.892264e+00,2.306197e+00,1.892264e+00,2.779263e+00,1.596598e+00,2.187931e+00,2.010531e+00,2.956663e+00,2.720130e+00,2.601864e+00,2.424464e+00,3.193196e+00,3.547996e+00,3.961929e+00,3.015796e+00,3.843662e+00,3.252330e+00,3.902795e+00,3.488863e+00,3.725396e+00,3.488863e+00,4.198462e+00,3.725396e+00,4.316728e+00,4.434995e+00,4.080195e+00,4.671528e+00,5.262860e+00,4.494128e+00,5.913326e+00,5.913326e+00,6.800325e+00,5.558527e+00,6.800325e+00,5.913326e+00,6.859459e+00,6.977725e+00,6.445526e+00,8.633457e+00,8.337790e+00,8.810856e+00,8.042124e+00,9.579589e+00,7.805591e+00,8.456057e+00,9.816122e+00,8.278657e+00,9.993522e+00,1.088052e+01,9.993522e+00,9.875255e+00,1.082139e+01,1.170839e+01,1.076225e+01,1.182665e+01,1.188579e+01,1.135359e+01,1.253625e+01,1.117619e+01,1.247712e+01,1.295018e+01,1.496072e+01,1.501985e+01,1.413285e+01,1.496072e+01,1.525638e+01,1.377805e+01,1.484245e+01,1.507898e+01,1.348238e+01,1.525638e+01,1.501985e+01,1.537465e+01,1.667558e+01,1.413285e+01,1.590685e+01,1.484245e+01,1.478332e+01,1.620251e+01,1.525638e+01,1.525638e+01,1.460592e+01,1.543378e+01,1.637991e+01,1.602511e+01,1.360065e+01,1.454678e+01,1.425112e+01,1.300932e+01,1.484245e+01,1.176752e+01,1.218145e+01,1.206319e+01,1.259539e+01,1.194492e+01,1.117619e+01,1.111705e+01,1.064399e+01,9.343056e+00,9.875255e+00,8.869990e+00,8.692590e+00,8.574323e+00,7.569058e+00,8.515190e+00,7.746458e+00,5.854193e+00,4.316728e+00,6.859459e+00,5.795060e+00,5.321994e+00,5.440260e+00,4.553261e+00,5.499394e+00,4.257595e+00,3.843662e+00,4.139328e+00,3.961929e+00,3.961929e+00,2.838397e+00,2.956663e+00,2.483597e+00,2.483597e+00,2.542730e+00,2.424464e+00,1.773998e+00,1.241799e+00,1.360065e+00,1.478332e+00,1.241799e+00,9.461322e-01,1.714865e+00,1.064399e+00,5.321994e-01,7.095992e-01,9.461322e-01,8.278657e-01,1.123532e+00,5.321994e-01,1.005265e+00,9.461322e-01,5.321994e-01,8.869990e-01,5.913326e-01,5.321994e-01,4.139328e-01,5.913326e-01,4.730661e-01,6.504659e-01,6.504659e-01,6.504659e-01,5.913326e-01,6.504659e-01,8.278657e-01,5.913326e-01,5.321994e-01,4.139328e-01,7.095992e-01,5.321994e-01,6.504659e-01,5.321994e-01,4.730661e-01,7.095992e-01,4.139328e-01,4.139328e-01,5.321994e-01,4.139328e-01,6.504659e-01,5.321994e-01,3.547996e-01,7.095992e-01,5.321994e-01,6.504659e-01,4.139328e-01,4.139328e-01,5.913326e-01,6.504659e-01,4.139328e-01,4.139328e-01,5.321994e-01,4.139328e-01,4.730661e-01,1.773998e-01,6.504659e-01,7.095992e-01,5.913326e-01,5.913326e-01,5.321994e-01,7.095992e-01,4.730661e-01
5.913326e-01,7.095992e-01,5.913326e-01,2.956663e-01,4.730661e-01,3.547996e-01,4.730661e-01,3.547996e-01,5.321994e-01,8.278657e-01,5.321994e-01,2.365331e-01,5.321994e-01,4.730661e-01,5.321994e-01,5.321994e-01,5.321994e-01,2.956663e-01,9.461322e-01,1.773998e-01,3.547996e-01,5.321994e-01,4.139328e-01,8.869990e-01,2.956663e-01,7.687324e-01,4.730661e-01,2.956663e-01,4.730661e-01,5.321994e-01,4.730661e-01,6.504659e-01,6.504659e-01,3.547996e-01,4.139328e-01,5.913326e-01,7.687324e-01,2.365331e-01,7.095992e-01,2.956663e-01,7.095992e-01,1.005265e+00,3.547996e-01,7.095992e-01,5.321994e-01,4.730661e-01,4.730661e-01,4.139328e-01,5.321994e-01,5.913326e-01,5.321994e-01,5.321994e-01,7.687324e-01,8.869990e-01,5.913326e-01,5.913326e-01,8.278657e-01,1.123532e+00,7.687324e-01,5.913326e-01,1.123532e+00,1.300932e+00,7.095992e-01,8.278657e-01,9.461322e-01,8.278657e-01,1.005265e+00,8.869990e-01,6.504659e-01,1.005265e+00,1.360065e+00,1.773998e+00,1.123532e+00,1.419198e+00,1.419198e+00,1.064399e+00,1.182665e+00,1.773998e+00,9.461322e-01,1.714865e+00,1.596598e+00,1.714865e+00,1.300932e+00,1.478332e+00,1.833131e+00,1.833131e+00,1.833131e+00,1.655731e+00,2.128798e+00,2.010531e+00,1.596598e+00,1.300932e+00,2.542730e+00,2.187931e+00,2.660997e+00,2.601864e+00,2.424464e+00,2.542730e+00,2.838397e+00,3.193196e+00,2.720130e+00,3.252330e+00,2.897530e+00,3.252330e+00,3.488863e+00,3.015796e+00,4.021062e+00,3.370596e+00,3.961929e+00,3.725396e+00,4.494128e+00,3.902795e+00,5.262860e+00,4.908061e+00,4.080195e+00,3.607129e+00,4.375862e+00,5.085461e+00,6.327259e+00,6.268126e+00,4.375862e+00,6.327259e+00,6.031593e+00,6.149859e+00,7.214258e+00,6.386393e+00,7.214258e+00,8.219524e+00,8.219524e+00,8.396923e+00,6.800325e+00,8.456057e+00,8.988256e+00,7.569058e+00,9.106523e+00,9.402189e+00,1.105792e+01,1.105792e+01,1.088052e+01,1.076225e+01,1.153099e+01,9.816122e+00,1.093965e+01,1.212232e+01,1.076225e+01,1.141272e+01,1.170839e+01,1.365978e+01,1.484245e+01,1.300932e+01,1.484245e+01,1.395545e+01,1.283192e+01,1.513812e+01,1.300932e+01,1.448765e+01,1.241799e+01,1.383718e+01,1.496072e+01,1.472418e+01,1.425112e+01,1.484245e+01,1.442852e+01,1.602511e+01,1.691211e+01,1.519725e+01,1.584771e+01,1.643905e+01,1.655731e+01,1.543378e+01,1.561118e+01,1.661645e+01,1.584771e+01,1.442852e+01,1.543378e+01,1.490158e+01,1.460592e+01,1.572945e+01,1.371892e+01,1.365978e+01,1.371892e+01,1.318672e+01,1.235885e+01,1.283192e+01,1.159012e+01,1.206319e+01,1.194492e+01,9.579589e+00,1.005265e+01,8.633457e+00,1.017092e+01,9.461322e+00,9.047389e+00,8.337790e+00,7.687324e+00,7.569058e+00,6.859459e+00,6.327259e+00,6.208993e+00,6.268126e+00,5.735927e+00,4.612395e+00,4.434995e+00,3.725396e+00,4.080195e+00,4.139328e+00,4.198462e+00,2.660997e+00,3.193196e+00,3.134063e+00,3.429729e+00,2.483597e+00,2.069664e+00,1.833131e+00,1.478332e+00,2.660997e+00,2.306197e+00,2.069664e+00,2.069664e+00,1.773998e+00,1.655731e+00,1.300932e+00,1.064399e+00,1.064399e+00,9.461322e-01,9.461322e-01,9.461322e-01,8.278657e-01,9.461322e-01,1.005265e+00,7.095992e-01,7.687324e-01,6.504659e-01,4.139328e-01,6.504659e-01,2.365331e-01,5.913326e-01,6.504659e-01,5.913326e-01,1.064399e+00,6.504659e-01,6.504659e-01,5.913326e-01,2.956663e-01,4.139328e-01,4.139328e-01,2.365331e-01,6.504659e-01,4.730661e-01,5.321994e-01,4.730661e-01,5.321994e-01,4.139328e-01,5.913326e-01,5.913326e-01,2.956663e-01,3.547996e-01,3.547996e-01,4.139328e-01,7.687324e-01,5.913326e-01,2.956663e-01,4.139328e-01,5.913326e-01,3.547996e-01,6.504659e-01,8.869990e-01,4.730661e-01,7.687324e-01,7.687324e-01,3.547996e-01,5.321994e-01,5.321994e-01,7.687324e-01,6.504659e-01,4.139328e-01,4.730661e-01,2.365331e-01,5.913326e-01,4.139328e-01
8.278657e-01,4.730661e-01,3.547996e-01,5.321994e-01,6.504659e-01,7.095992e-01,7.687324e-01,2.956663e-01,1.182665e-01,4.730661e-01,7.095992e-01,5.321994e-01,9.461322e-01,7.687324e-01,5.913326e-01,5.913326e-01,5.913326e-01,5.321994e-01,7.687324e-01,6.504659e-01,5.321994e-01,9.461322e-01,2.956663e-01,4.139328e-01,9.461322e-01,2.956663e-01,6.504659e-01,7.095992e-01,5.321994e-01,4.730661e-01,5.321994e-01,4.730661e-01,5.321994e-01,5.913326e-01,6.504659e-01,6.504659e-01,7.095992e-01,2.365331e-01,6.504659e-01,2.365331e-01,7.687324e-01,6.504659e-01,4.730661e-01,5.321994e-01,6.504659e-01,5.321994e-01,8.278657e-01,5.913326e-01,8.869990e-01,8.278657e-01,7.095992e-01,9.461322e-01,9.461322e-01,5.321994e-01,7.095992e-01,4.730661e-01,7.687324e-01,1.123532e+00,8.278657e-01,1.241799e+00,8.278657e-01,1.123532e+00,6.504659e-01,9.461322e-01,6.504659e-01,8.278657e-01,8.278657e-01,1.360065e+00,1.182665e+00,1.005265e+00,1.714865e+00,1.123532e+00,9.461322e-01,1.300932e+00,1.478332e+00,1.833131e+00,1.300932e+00,1.892264e+00,1.655731e+00,1.360065e+00,1.419198e+00,1.123532e+00,1.773998e+00,1.419198e+00,1.596598e+00,1.833131e+00,1.951398e+00,2.365331e+00,1.714865e+00,1.951398e+00,2.779263e+00,1.655731e+00,2.306197e+00,2.187931e+00,2.838397e+00,2.247064e+00,2.306197e+00,2.897530e+00,2.660997e+00,2.187931e+00,3.370596e+00,3.074930e+00,2.660997e+00,2.956663e+00,2.956663e+00,3.784529e+00,3.074930e+00,3.311463e+00,3.488863e+00,3.547996e+00,3.429729e+00,4.434995e+00,4.908061e+00,4.375862e+00,4.257595e+00,3.784529e+00,4.848928e+00,4.908061e+00,5.085461e+00,5.795060e+00,5.972460e+00,5.854193e+00,6.031593e+00,7.036858e+00,6.800325e+00,6.386393e+00,6.445526e+00,7.095992e+00,7.746458e+00,8.042124e+00,9.106523e+00,7.332525e+00,9.343056e+00,8.633457e+00,7.687324e+00,9.283922e+00,7.805591e+00,8.810856e+00,1.017092e+01,9.875255e+00,1.123532e+01,1.028919e+01,1.123532e+01,1.082139e+01,1.194492e+01,1.129445e+01,1.123532e+01,1.253625e+01,1.336412e+01,1.377805e+01,1.253625e+01,1.336412e+01,1.348238e+01,1.525638e+01,1.667558e+01,1.425112e+01,1.531552e+01,1.454678e+01,1.561118e+01,1.401458e+01,1.561118e+01,1.348238e+01,1.407372e+01,1.466505e+01,1.448765e+01,1.561118e+01,1.472418e+01,1.531552e+01,1.407372e+01,1.608425e+01,1.496072e+01,1.549292e+01,1.472418e+01,1.572945e+01,1.478332e+01,1.448765e+01,1.283192e+01,1.448765e+01,1.336412e+01,1.365978e+01,1.259539e+01,1.300932e+01,1.064399e+01,1.253625e+01,1.046659e+01,1.200405e+01,1.170839e+01,1.088052e+01,1.070312e+01,8.751723e+00,9.343056e+00,8.515190e+00,8.869990e+00,8.574323e+00,7.569058e+00,7.923857e+00,6.682059e+00,6.918592e+00,5.854193e+00,6.445526e+00,6.031593e+00,5.026327e+00,4.612395e+00,4.730661e+00,4.494128e+00,3.961929e+00,3.725396e+00,3.666262e+00,3.429729e+00,3.902795e+00,3.074930e+00,2.601864e+00,2.720130e+00,2.779263e+00,2.424464e+00,1.833131e+00,2.424464e+00,1.537465e+00,1.300932e+00,1.182665e+00,1.951398e+00,9.461322e-01,1.596598e+00,1.478332e+00,9.461322e-01,1.005265e+00,1.241799e+00,8.278657e-01,1.005265e+00,9.461322e-01,7.095992e-01,9.461322e-01,7.687324e-01,6.504659e-01,8.278657e-01,7.687324e-01,6.504659e-01,6.504659e-01,1.005265e+00,7.095992e-01,2.956663e-01,5.913326e-01,4.139328e-01,2.956663e-01,5.913326e-01,4.730661e-01,6.504659e-01,3.547996e-01,4.139328e-01,5.321994e-01,7.095992e-01,7.687324e-01,4.730661e-01,4.730661e-01,3.547996e-01,2.365331e-01,5.321994e-01,5.913326e-01,7.095992e-01,7.687324e-01,3.547996e-01,4.730661e-01,4.730661e-01,2.365331e-01,3.547996e-01,5.913326e-01,5.321994e-01,4.730661e-01,3.547996e-01,5.321994e-01,7.095992e-01,2.956663e-01,4.139328e-01,8.869990e-01,2.956663e-01,8.869990e-01,4.730661e-01,6.504659e-01,7.687324e-01,3.547996e-01
3.547996e-01,4.730661e-01,3.547996e-01,5.321994e-01,5.321994e-01,7.687324e-01,5.913326e-01,4.730661e-01,4.730661e-01,4.139328e-01,4.139328e-01,5.913326e-01,4.730661e-01,2.956663e-01,7.687324e-01,5.321994e-01,5.913326e-01,4.730661e-01,2.956663e-01,4.139328e-01,6.504659e-01,3.547996e-01,5.913326e-01,3.547996e-01,5.913326e-01,5.321994e-01,5.913326e-01,6.504659e-01,7.687324e-01,2.956663e-01,4.730661e-01,8.278657e-01,7.095992e-01,8.869990e-01,6.504659e-01,7.095992e-01,4.730661e-01,6.504659e-01,4.139328e-01,3.547996e-01,4.139328e-01,7.687324e-01,1.123532e+00,6.504659e-01,6.504659e-01,4.730661e-01,5.321994e-01,5.913326e-01,8.278657e-01,8.869990e-01,6.504659e-01,8.869990e-01,6.504659e-01,1.241799e+00,9.461322e-01,1.005265e+00,6.504659e-01,7.687324e-01,9.461322e-01,7.687324e-01,1.005265e+00,9.461322e-01,1.123532e+00,1.064399e+00,1.005265e+00,1.064399e+00,1.182665e+00,1.360065e+00,1.005265e+00,1.182665e+00,1.360065e+00,1.419198e+00,1.123532e+00,1.064399e+00,1.123532e+00,1.241799e+00,1.419198e+00,1.655731e+00,1.773998e+00,1.655731e+00,1.419198e+00,1.360065e+00,6.504659e-01,1.951398e+00,1.773998e+00,1.655731e+00,2.306197e+00,1.714865e+00,1.892264e+00,1.892264e+00,1.951398e+00,2.187931e+00,1.951398e+00,2.542730e+00,2.306197e+00,2.542730e+00,2.838397e+00,2.720130e+00,2.956663e+00,2.483597e+00,2.897530e+00,2.779263e+00,2.838397e+00,3.015796e+00,3.134063e+00,3.725396e+00,3.193196e+00,4.021062e+00,3.725396e+00,3.547996e+00,4.021062e+00,3.252330e+00,4.375862e+00,4.848928e+00,5.144594e+00,3.607129e+00,5.144594e+00,5.676793e+00,5.026327e+00,4.967194e+00,6.208993e+00,5.262860e+00,5.558527e+00,5.381127e+00,6.031593e+00,6.090726e+00,7.095992e+00,6.622926e+00,7.569058e+00,6.977725e+00,7.509925e+00,8.574323e+00,8.396923e+00,9.047389e+00,7.923857e+00,7.036858e+00,9.934388e+00,8.810856e+00,8.515190e+00,9.756989e+00,1.123532e+01,1.218145e+01,1.028919e+01,1.123532e+01,1.153099e+01,1.159012e+01,1.324585e+01,1.354152e+01,1.212232e+01,1.348238e+01,1.383718e+01,1.306845e+01,1.401458e+01,1.312758e+01,1.348238e+01,1.360065e+01,1.537465e+01,1.596598e+01,1.531552e+01,1.442852e+01,1.360065e+01,1.425112e+01,1.442852e+01,1.401458e+01,1.590685e+01,1.738518e+01,1.472418e+01,1.602511e+01,1.643905e+01,1.478332e+01,1.620251e+01,1.667558e+01,1.501985e+01,1.572945e+01,1.602511e+01,1.312758e+01,1.596598e+01,1.419198e+01,1.360065e+01,1.265452e+01,1.153099e+01,1.283192e+01,1.306845e+01,1.289105e+01,1.247712e+01,1.253625e+01,1.111705e+01,1.105792e+01,1.023005e+01,9.461322e+00,9.402189e+00,8.633457e+00,9.224789e+00,7.687324e+00,8.219524e+00,7.036858e+00,7.273391e+00,6.445526e+00,5.085461e+00,5.972460e+00,4.908061e+00,5.085461e+00,4.730661e+00,3.902795e+00,3.784529e+00,4.021062e+00,3.843662e+00,3.961929e+00,2.897530e+00,2.897530e+00,2.483597e+00,3.015796e+00,2.483597e+00,1.892264e+00,2.069664e+00,1.300932e+00,1.951398e+00,1.714865e+00,1.241799e+00,1.596598e+00,1.419198e+00,1.478332e+00,1.241799e+00,1.123532e+00,9.461322e-01,1.005265e+00,1.182665e+00,8.869990e-01,1.005265e+00,7.095992e-01,8.278657e-01,6.504659e-01,7.687324e-01,7.687324e-01,8.869990e-01,4.730661e-01,5.913326e-01,5.913326e-01,5.913326e-01,4.139328e-01,4.139328e-01,1.773998e-01,3.547996e-01,1.182665e-01,7.095992e-01,1.005265e+00,6.504659e-01,6.504659e-01,2.956663e-01,5.321994e-01,1.064399e+00,4.730661e-01,3.547996e-01,2.956663e-01,5.913326e-01,4.730661e-01,4.139328e-01,5.321994e-01,5.913326e-01,5.321994e-01,7.095992e-01,7.687324e-01,4.139328e-01,5.321994e-01,4.139328e-01,6.504659e-01,2.365331e-01,1.773998e-01,5.913326e-01,5.321994e-01,1.005265e+00,4.730661e-01,9.461322e-01,4.139328e-01,4.139328e-01,5.913326e-01,5.913326e-01,5.321994e-01,4.139328e-01,6.504659e-01
7.095992e-01,5.321994e-01,4.139328e-01,5.321994e-01,2.365331e-01,6.504659e-01,4.139328e-01,8.278657e-01,5.321994e-01,8.869990e-01,4.730661e-01,6.504659e-01,4.139328e-01,2.956663e-01,4.730661e-01,8.278657e-01,7.687324e-01,2.365331e-01,8.278657e-01,6.504659e-01,2.365331e-01,4.139328e-01,9.461322e-01,5.913326e-01,8.278657e-01,4.730661e-01,9.461322e-01,5.913326e-01,8.278657e-01,7.095992e-01,2.956663e-01,5.913326e-01,5.913326e-01,6.504659e-01,7.687324e-01,5.321994e-01,7.095992e-01,6.504659e-01,8.869990e-01,6.504659e-01,1.182665e+00,7.095992e-01,6.504659e-01,5.913326e-01,1.005265e+00,5.321994e-01,3.547996e-01,6.504659e-01,8.278657e-01,7.095992e-01,4.730661e-01,1.064399e+00,5.321994e-01,1.064399e+00,7.095992e-01,8.869990e-01,6.504659e-01,1.005265e+00,1.064399e+00,4.730661e-01,1.123532e+00,1.123532e+00,1.360065e+00,1.241799e+00,1.123532e+00,1.005265e+00,1.123532e+00,8.869990e-01,7.095992e-01,8.278657e-01,1.005265e+00,8.869990e-01,1.241799e+00,1.241799e+00,1.064399e+00,1.537465e+00,1.833131e+00,1.773998e+00,1.596598e+00,1.655731e+00,1.300932e+00,1.833131e+00,1.537465e+00,2.010531e+00,1.655731e+00,1.596598e+00,1.419198e+00,1.596598e+00,2.306197e+00,2.010531e+00,2.069664e+00,2.542730e+00,2.128798e+00,2.779263e+00,2.956663e+00,2.601864e+00,2.483597e+00,2.365331e+00,2.897530e+00,3.015796e+00,3.488863e+00,3.193196e+00,2.720130e+00,3.370596e+00,3.074930e+00,3.725396e+00,3.725396e+00,3.547996e+00,3.134063e+00,4.967194e+00,4.139328e+00,4.494128e+00,3.666262e+00,4.671528e+00,5.735927e+00,5.085461e+00,5.558527e+00,5.440260e+00,5.026327e+00,5.795060e+00,4.494128e+00,6.268126e+00,6.090726e+00,5.381127e+00,5.676793e+00,6.268126e+00,6.327259e+00,6.563792e+00,7.509925e+00,7.095992e+00,7.155125e+00,8.160390e+00,8.042124e+00,8.101257e+00,8.929123e+00,8.751723e+00,8.810856e+00,1.040745e+01,9.165656e+00,9.993522e+00,1.028919e+01,9.993522e+00,1.052572e+01,9.875255e+00,1.164925e+01,1.206319e+01,1.318672e+01,1.170839e+01,1.277279e+01,1.425112e+01,1.241799e+01,1.224059e+01,1.425112e+01,1.531552e+01,1.229972e+01,1.318672e+01,1.413285e+01,1.472418e+01,1.360065e+01,1.336412e+01,1.436938e+01,1.567031e+01,1.614338e+01,1.365978e+01,1.756258e+01,1.555205e+01,1.620251e+01,1.697125e+01,1.454678e+01,1.590685e+01,1.578858e+01,1.637991e+01,1.519725e+01,1.448765e+01,1.537465e+01,1.330498e+01,1.377805e+01,1.407372e+01,1.401458e+01,1.289105e+01,1.271365e+01,1.247712e+01,1.194492e+01,1.247712e+01,1.265452e+01,1.153099e+01,9.756989e+00,1.040745e+01,1.017092e+01,1.105792e+01,9.579589e+00,7.982991e+00,6.741192e+00,7.036858e+00,7.923857e+00,6.918592e+00,6.563792e+00,7.450791e+00,6.445526e+00,5.499394e+00,5.144594e+00,5.440260e+00,4.139328e+00,4.789794e+00,4.021062e+00,4.257595e+00,3.961929e+00,3.015796e+00,3.902795e+00,3.488863e+00,2.956663e+00,2.542730e+00,2.601864e+00,2.483597e+00,2.247064e+00,3.134063e+00,1.478332e+00,1.478332e+00,2.069664e+00,2.010531e+00,1.182665e+00,1.241799e+00,9.461322e-01,1.537465e+00,1.182665e+00,8.869990e-01,1.478332e+00,1.241799e+00,7.095992e-01,8.278657e-01,7.095992e-01,9.461322e-01,7.687324e-01,5.913326e-01,5.321994e-01,7.095992e-01,7.687324e-01,4.139328e-01,4.730661e-01,5.321994e-01,8.869990e-01,7.095992e-01,8.278657e-01,4.730661e-01,4.730661e-01,1.005265e+00,2.365331e-01,8.869990e-01,4.730661e-01,5.913326e-01,6.504659e-01,4.139328e-01,4.139328e-01,4.730661e-01,6.504659e-01,8.869990e-01,6.504659e-01,2.956663e-01,4.139328e-01,1.773998e-01,2.956663e-01,4.139328e-01,2.956663e-01,2.365331e-01,5.913326e-01,7.687324e-01,5.321994e-01,3.547996e-01,5.913326e-01,5.321994e-01,6.504659e-01,2.956663e-01,5.321994e-01,3.547996e-01,3.547996e-01,6.504659e-01,5.321994e-01,4.730661e-01,6.504659e-01,6.504659e-01
5.321994e-01,5.913326e-01,2.956663e-01,5.913326e-01,4.730661e-01,7.687324e-01,4.730661e-01,5.913326e-01,5.913326e-01,4.730661e-01,5.321994e-01,5.913326e-01,5.321994e-01,5.913326e-01,5.913326e-01,2.365331e-01,5.321994e-01,4.139328e-01,5.913326e-01,6.504659e-01,1.773998e-01,4.139328e-01,6.504659e-01,4.730661e-01,3.547996e-01,7.687324e-01,5.913326e-01,5.321994e-01,3.547996e-01,8.278657e-01,5.913326e-01,5.913326e-01,7.095992e-01,6.504659e-01,4.139328e-01,4.139328e-01,7.095992e-01,8.869990e-01,7.687324e-01,4.730661e-01,4.139328e-01,7.687324e-01,5.913326e-01,6.504659e-01,5.321994e-01,8.278657e-01,7.687324e-01,6.504659e-01,7.095992e-01,8.869990e-01,1.064399e+00,7.095992e-01,1.064399e+00,5.913326e-01,7.687324e-01,8.278657e-01,1.123532e+00,8.278657e-01,1.241799e+00,1.241799e+00,1.655731e+00,1.300932e+00,1.478332e+00,9.461322e-01,1.241799e+00,8.278657e-01,1.419198e+00,1.300932e+00,1.182665e+00,1.596598e+00,1.182665e+00,1.064399e+00,1.478332e+00,8.278657e-01,1.714865e+00,1.182665e+00,1.655731e+00,1.714865e+00,1.951398e+00,1.596598e+00,1.478332e+00,1.537465e+00,1.300932e+00,1.537465e+00,1.419198e+00,1.419198e+00,1.773998e+00,2.247064e+00,1.714865e+00,2.660997e+00,2.365331e+00,2.956663e+00,1.951398e+00,2.128798e+00,2.247064e+00,2.838397e+00,3.193196e+00,3.134063e+00,2.424464e+00,3.134063e+00,2.424464e+00,2.956663e+00,3.074930e+00,3.666262e+00,3.429729e+00,3.725396e+00,3.134063e+00,4.080195e+00,3.311463e+00,3.902795e+00,3.725396e+00,4.612395e+00,3.725396e+00,4.671528e+00,4.316728e+00,5.026327e+00,4.139328e+00,5.440260e+00,4.730661e+00,5.913326e+00,6.682059e+00,5.558527e+00,5.144594e+00,6.504659e+00,6.445526e+00,6.682059e+00,7.095992e+00,7.036858e+00,7.214258e+00,7.628191e+00,6.918592e+00,8.869990e+00,8.929123e+00,8.929123e+00,8.219524e+00,9.756989e+00,9.047389e+00,9.047389e+00,8.929123e+00,9.343056e+00,1.141272e+01,9.934388e+00,1.117619e+01,1.265452e+01,1.194492e+01,1.188579e+01,1.082139e+01,1.147185e+01,1.188579e+01,1.283192e+01,1.330498e+01,1.436938e+01,1.342325e+01,1.531552e+01,1.224059e+01,1.472418e+01,1.454678e+01,1.490158e+01,1.537465e+01,1.537465e+01,1.389632e+01,1.519725e+01,1.519725e+01,1.425112e+01,1.555205e+01,1.436938e+01,1.377805e+01,1.620251e+01,1.555205e+01,1.655731e+01,1.578858e+01,1.578858e+01,1.525638e+01,1.555205e+01,1.312758e+01,1.484245e+01,1.572945e+01,1.312758e+01,1.336412e+01,1.253625e+01,1.395545e+01,1.241799e+01,1.200405e+01,1.141272e+01,1.200405e+01,1.176752e+01,1.194492e+01,9.165656e+00,9.579589e+00,9.402189e+00,9.343056e+00,9.934388e+00,8.396923e+00,8.042124e+00,6.622926e+00,7.746458e+00,6.918592e+00,5.972460e+00,5.735927e+00,5.381127e+00,5.321994e+00,6.149859e+00,4.612395e+00,4.612395e+00,3.193196e+00,3.843662e+00,3.074930e+00,3.370596e+00,3.193196e+00,3.488863e+00,2.720130e+00,2.779263e+00,2.187931e+00,2.010531e+00,2.542730e+00,2.306197e+00,1.773998e+00,2.247064e+00,1.537465e+00,1.714865e+00,1.182665e+00,1.537465e+00,1.005265e+00,1.478332e+00,8.869990e-01,1.241799e+00,1.241799e+00,1.064399e+00,1.596598e+00,6.504659e-01,8.278657e-01,8.278657e-01,7.687324e-01,1.064399e+00,7.095992e-01,5.913326e-01,3.547996e-01,7.687324e-01,5.321994e-01,5.321994e-01,5.321994e-01,2.365331e-01,6.504659e-01,5.321994e-01,5.913326e-01,4.730661e-01,4.730661e-01,5.321994e-01,4.139328e-01,8.278657e-01,5.321994e-01,5.321994e-01,4.730661e-01,4.730661e-01,5.321994e-01,4.730661e-01,5.913326e-01,8.278657e-01,3.547996e-01,5.913326e-01,4.730661e-01,5.321994e-01,5.321994e-01,6.504659e-01,5.321994e-01,7.687324e-01,5.321994e-01,2.365331e-01,4.730661e-01,4.730661e-01,5.913326e-01,1.182665e-01,5.321994e-01,4.730661e-01,5.913326e-01,5.913326e-01,2.956663e-01,4.139328e-01,5.321994e-01,4.730661e-01
2.365331e-01,5.321994e-01,7.095992e-01,4.139328e-01,2.956663e-01,5.321994e-01,4.730661e-01,4.139328e-01,4.139328e-01,4.139328e-01,3.547996e-01,4.730661e-01,2.956663e-01,5.321994e-01,4.730661e-01,2.365331e-01,5.321994e-01,5.321994e-01,4.139328e-01,4.730661e-01,7.095992e-01,4.730661e-01,7.687324e-01,3.547996e-01,5.913326e-01,2.365331e-01,4.730661e-01,5.321994e-01,5.913326e-01,7.095992e-01,7.095992e-01,6.504659e-01,5.913326e-01,3.547996e-01,8.278657e-01,1.064399e+00,4.139328e-01,1.005265e+00,4.730661e-01,8.278657e-01,6.504659e-01,5.321994e-01,8.869990e-01,6.504659e-01,1.005265e+00,4.730661e-01,8.869990e-01,7.095992e-01,7.095992e-01,7.095992e-01,8.278657e-01,7.687324e-01,7.687324e-01,7.687324e-01,1.419198e+00,8.278657e-01,1.241799e+00,1.005265e+00,1.005265e+00,9.461322e-01,1.064399e+00,1.064399e+00,9.461322e-01,1.655731e+00,7.687324e-01,1.360065e+00,8.869990e-01,1.478332e+00,1.064399e+00,1.005265e+00,1.064399e+00,1.005265e+00,1.419198e+00,1.300932e+00,1.241799e+00,1.419198e+00,1.537465e+00,1.773998e+00,1.300932e+00,1.892264e+00,1.773998e+00,1.714865e+00,1.537465e+00,1.773998e+00,1.951398e+00,1.833131e+00,2.601864e+00,1.892264e+00,2.128798e+00,2.069664e+00,2.483597e+00,2.601864e+00,2.483597e+00,2.720130e+00,2.897530e+00,2.306197e+00,2.720130e+00,2.897530e+00,3.134063e+00,2.483597e+00,2.956663e+00,3.488863e+00,2.956663e+00,3.666262e+00,4.434995e+00,3.015796e+00,4.021062e+00,3.488863e+00,3.902795e+00,3.902795e+00,4.139328e+00,3.902795e+00,5.144594e+00,4.198462e+00,4.553261e+00,4.021062e+00,4.553261e+00,5.913326e+00,5.854193e+00,5.499394e+00,5.499394e+00,5.854193e+00,6.031593e+00,6.445526e+00,6.327259e+00,5.854193e+00,7.450791e+00,6.563792e+00,8.337790e+00,7.923857e+00,7.391658e+00,8.278657e+00,8.456057e+00,7.746458e+00,9.638722e+00,8.396923e+00,9.106523e+00,1.070312e+01,1.070312e+01,9.934388e+00,1.011179e+01,9.638722e+00,1.117619e+01,1.206319e+01,1.123532e+01,1.277279e+01,1.194492e+01,1.176752e+01,1.170839e+01,1.377805e+01,1.330498e+01,1.336412e+01,1.407372e+01,1.336412e+01,1.519725e+01,1.649818e+01,1.567031e+01,1.271365e+01,1.561118e+01,1.572945e+01,1.490158e+01,1.584771e+01,1.620251e+01,1.578858e+01,1.419198e+01,1.484245e+01,1.507898e+01,1.531552e+01,1.507898e+01,1.596598e+01,1.472418e+01,1.590685e+01,1.360065e+01,1.679385e+01,1.188579e+01,1.377805e+01,1.466505e+01,1.259539e+01,1.567031e+01,1.117619e+01,1.300932e+01,1.229972e+01,1.123532e+01,1.011179e+01,1.129445e+01,1.247712e+01,9.165656e+00,9.224789e+00,9.816122e+00,8.869990e+00,8.160390e+00,7.273391e+00,7.450791e+00,7.864724e+00,8.278657e+00,6.918592e+00,6.563792e+00,6.327259e+00,5.913326e+00,5.795060e+00,4.434995e+00,5.144594e+00,4.316728e+00,3.961929e+00,3.666262e+00,4.316728e+00,3.134063e+00,3.370596e+00,3.666262e+00,2.247064e+00,2.660997e+00,2.897530e+00,2.838397e+00,3.370596e+00,2.779263e+00,1.833131e+00,1.833131e+00,1.714865e+00,1.360065e+00,1.419198e+00,1.241799e+00,1.360065e+00,1.182665e+00,1.005265e+00,1.064399e+00,1.064399e+00,1.005265e+00,8.278657e-01,8.869990e-01,1.182665e+00,7.687324e-01,1.241799e+00,8.278657e-01,7.095992e-01,5.321994e-01,4.730661e-01,4.139328e-01,8.869990e-01,8.278657e-01,5.913326e-01,4.730661e-01,4.730661e-01,4.730661e-01,3.547996e-01,7.095992e-01,4.730661e-01,7.095992e-01,7.095992e-01,5.321994e-01,7.095992e-01,7.095992e-01,7.095992e-01,5.913326e-01,3.547996e-01,4.139328e-01,5.913326e-01,2.365331e-01,3.547996e-01,4.730661e-01,4.730661e-01,4.730661e-01,1.773998e-01,3.547996e-01,4.139328e-01,5.321994e-01,2.956663e-01,6.504659e-01,4.730661e-01,2.956663e-01,2.956663e-01,4.730661e-01,5.321994e-01,8.869990e-01,6.504659e-01,5.913326e-01,5.913326e-01,5.321994e-01,7.095992e-01,5.321994e-01,3.547996e-01
2.956663e-01,1.773998e-01,2.956663e-01,4.730661e-01,4.139328e-01,3.547996e-01,6.504659e-01,6.504659e-01,4.730661e-01,5.321994e-01,2.956663e-01,5.913326e-01,4.139328e-01,5.321994e-01,4.730661e-01,5.321994e-01,4.139328e-01,5.913326e-01,5.913326e-01,4.139328e-01,5.913326e-01,2.365331e-01,4.139328e-01,5.321994e-01,3.547996e-01,1.773998e-01,8.278657e-01,6.504659e-01,4.730661e-01,6.504659e-01,4.139328e-01,6.504659e-01,4.730661e-01,1.773998e-01,6.504659e-01,1.005265e+00,5.321994e-01,7.687324e-01,6.504659e-01,7.095992e-01,6.504659e-01,6.504659e-01,5.321994e-01,7.687324e-01,8.869990e-01,7.687324e-01,7.687324e-01,1.182665e+00,1.123532e+00,7.687324e-01,9.461322e-01,8.278657e-01,1.596598e+00,1.300932e+00,7.687324e-01,8.278657e-01,7.687324e-01,1.182665e+00,8.278657e-01,9.461322e-01,9.461322e-01,1.478332e+00,1.241799e+00,8.278657e-01,1.241799e+00,1.064399e+00,1.537465e+00,1.182665e+00,1.064399e+00,1.655731e+00,1.241799e+00,1.064399e+00,1.478332e+00,1.892264e+00,1.064399e+00,1.182665e+00,1.714865e+00,1.596598e+00,1.714865e+00,1.241799e+00,2.483597e+00,1.596598e+00,1.655731e+00,1.064399e+00,1.714865e+00,2.306197e+00,2.247064e+00,2.601864e+00,1.773998e+00,2.010531e+00,2.069664e+00,2.601864e+00,2.187931e+00,2.128798e+00,2.542730e+00,2.542730e+00,2.247064e+00,2.660997e+00,3.429729e+00,3.547996e+00,3.311463e+00,2.483597e+00,2.365331e+00,3.193196e+00,3.429729e+00,3.961929e+00,4.198462e+00,3.843662e+00,4.080195e+00,4.198462e+00,4.375862e+00,4.553261e+00,4.021062e+00,4.494128e+00,5.144594e+00,6.031593e+00,5.499394e+00,5.913326e+00,5.262860e+00,6.268126e+00,6.031593e+00,6.090726e+00,6.563792e+00,6.268126e+00,6.504659e+00,7.155125e+00,7.036858e+00,6.800325e+00,7.864724e+00,7.746458e+00,7.628191e+00,8.574323e+00,8.751723e+00,8.278657e+00,8.810856e+00,9.816122e+00,8.751723e+00,9.756989e+00,8.810856e+00,1.064399e+01,1.070312e+01,1.129445e+01,1.034832e+01,1.147185e+01,1.159012e+01,1.153099e+01,1.212232e+01,1.188579e+01,1.176752e+01,1.295018e+01,1.188579e+01,1.425112e+01,1.407372e+01,1.336412e+01,1.436938e+01,1.501985e+01,1.407372e+01,1.478332e+01,1.431025e+01,1.419198e+01,1.608425e+01,1.608425e+01,1.460592e+01,1.620251e+01,1.567031e+01,1.661645e+01,1.561118e+01,1.401458e+01,1.578858e+01,1.578858e+01,1.371892e+01,1.401458e+01,1.572945e+01,1.442852e+01,1.454678e+01,1.306845e+01,1.496072e+01,1.330498e+01,1.365978e+01,1.330498e+01,1.342325e+01,1.289105e+01,1.123532e+01,1.040745e+01,1.005265e+01,1.040745e+01,9.875255e+00,9.047389e+00,9.165656e+00,9.224789e+00,8.515190e+00,8.337790e+00,8.396923e+00,7.923857e+00,7.864724e+00,6.741192e+00,7.155125e+00,5.499394e+00,5.262860e+00,5.085461e+00,5.440260e+00,4.257595e+00,4.316728e+00,4.789794e+00,3.902795e+00,4.139328e+00,3.193196e+00,3.134063e+00,3.015796e+00,3.252330e+00,2.660997e+00,3.488863e+00,2.542730e+00,1.478332e+00,1.833131e+00,1.951398e+00,1.478332e+00,1.537465e+00,1.833131e+00,9.461322e-01,1.419198e+00,1.419198e+00,1.182665e+00,9.461322e-01,1.182665e+00,1.419198e+00,1.005265e+00,1.005265e+00,4.139328e-01,1.005265e+00,9.461322e-01,8.278657e-01,7.095992e-01,6.504659e-01,5.913326e-01,4.730661e-01,5.321994e-01,2.956663e-01,7.687324e-01,4.139328e-01,4.730661e-01,6.504659e-01,5.913326e-01,4.139328e-01,5.321994e-01,8.278657e-01,6.504659e-01,7.095992e-01,4.139328e-01,2.956663e-01,7.095992e-01,5.321994e-01,2.956663e-01,4.139328e-01,5.321994e-01,4.139328e-01,4.139328e-01,1.005265e+00,3.547996e-01,2.365331e-01,5.321994e-01,4.139328e-01,6.504659e-01,3.547996e-01,7.095992e-01,6.504659e-01,5.321994e-01,5.913326e-01,1.064399e+00,8.278657e-01,2.365331e-01,5.321994e-01,4.139328e-01,6.504659e-01,3.547996e-01,5.913326e-01,6.504659e-01,2.956663e-01,2.365331e-01,5.321994e-01
5.913326e-01,5.913326e-01,5.321994e-01,2.956663e-01,5.913326e-01,5.321994e-01,4.730661e-01,4.730661e-01,3.547996e-01,6.504659e-01,2.956663e-01,2.365331e-01,5.913326e-01,3.547996e-01,4.730661e-01,3.547996e-01,4.730661e-01,5.321994e-01,4.730661e-01,1.005265e+00,5.321994e-01,4.139328e-01,5.321994e-01,4.139328e-01,5.913326e-01,4.730661e-01,3.547996e-01,9.461322e-01,8.869990e-01,8.278657e-01,3.547996e-01,3.547996e-01,4.139328e-01,4.139328e-01,4.139328e-01,7.095992e-01,6.504659e-01,9.461322e-01,1.005265e+00,5.321994e-01,6.504659e-01,1.005265e+00,8.278657e-01,6.504659e-01,5.913326e-01,7.095992e-01,5.913326e-01,8.869990e-01,5.321994e-01,5.913326e-01,9.461322e-01,6.504659e-01,6.504659e-01,9.461322e-01,1.123532e+00,1.005265e+00,1.182665e+00,1.064399e+00,8.278657e-01,7.687324e-01,8.278657e-01,1.064399e+00,1.123532e+00,7.687324e-01,8.869990e-01,1.182665e+00,1.123532e+00,8.278657e-01,1.951398e+00,1.596598e+00,9.461322e-01,8.278657e-01,1.241799e+00,1.537465e+00,1.537465e+00,1.596598e+00,1.478332e+00,1.596598e+00,1.537465e+00,1.714865e+00,1.714865e+00,1.951398e+00,2.069664e+00,1.833131e+00,1.773998e+00,1.714865e+00,1.951398e+00,2.424464e+00,2.956663e+00,1.951398e+00,2.128798e+00,3.311463e+00,2.187931e+00,2.660997e+00,2.365331e+00,2.838397e+00,2.483597e+00,2.128798e+00,3.015796e+00,3.193196e+00,3.134063e+00,2.542730e+00,3.370596e+00,3.134063e+00,3.193196e+00,3.843662e+00,3.311463e+00,4.021062e+00,4.434995e+00,3.488863e+00,4.553261e+00,5.085461e+00,3.902795e+00,4.198462e+00,5.795060e+00,4.553261e+00,5.321994e+00,5.085461e+00,5.262860e+00,6.268126e+00,5.499394e+00,5.795060e+00,5.913326e+00,5.913326e+00,7.273391e+00,7.214258e+00,6.031593e+00,6.445526e+00,7.569058e+00,7.923857e+00,6.859459e+00,9.165656e+00,8.396923e+00,7.450791e+00,8.633457e+00,9.402189e+00,9.461322e+00,1.005265e+01,1.005265e+01,1.141272e+01,1.088052e+01,1.011179e+01,1.265452e+01,1.088052e+01,1.141272e+01,1.200405e+01,1.318672e+01,1.153099e+01,1.324585e+01,1.330498e+01,1.277279e+01,1.194492e+01,1.224059e+01,1.389632e+01,1.365978e+01,1.224059e+01,1.632078e+01,1.365978e+01,1.348238e+01,1.572945e+01,1.466505e+01,1.377805e+01,1.572945e+01,1.525638e+01,1.442852e+01,1.537465e+01,1.454678e+01,1.466505e+01,1.401458e+01,1.661645e+01,1.507898e+01,1.407372e+01,1.425112e+01,1.436938e+01,1.324585e+01,1.360065e+01,1.330498e+01,1.300932e+01,1.271365e+01,1.295018e+01,1.088052e+01,1.176752e+01,1.194492e+01,1.064399e+01,1.105792e+01,1.159012e+01,1.105792e+01,9.638722e+00,8.278657e+00,8.692590e+00,1.058485e+01,8.574323e+00,7.687324e+00,7.982991e+00,6.682059e+00,5.735927e+00,5.795060e+00,5.854193e+00,6.741192e+00,5.203727e+00,5.854193e+00,4.967194e+00,5.203727e+00,4.789794e+00,5.321994e+00,3.666262e+00,3.370596e+00,3.252330e+00,3.193196e+00,2.247064e+00,2.601864e+00,3.370596e+00,2.128798e+00,2.542730e+00,1.951398e+00,1.537465e+00,1.833131e+00,1.537465e+00,1.064399e+00,2.187931e+00,8.869990e-01,1.005265e+00,8.869990e-01,1.241799e+00,1.241799e+00,9.461322e-01,8.278657e-01,1.064399e+00,8.869990e-01,5.913326e-01,7.687324e-01,7.095992e-01,8.278657e-01,5.913326e-01,7.687324e-01,4.139328e-01,7.687324e-01,4.730661e-01,5.321994e-01,3.547996e-01,1.005265e+00,6.504659e-01,3.547996e-01,8.869990e-01,3.547996e-01,5.913326e-01,5.321994e-01,3.547996e-01,5.321994e-01,4.730661e-01,5.321994e-01,4.139328e-01,2.365331e-01,5.913326e-01,4.730661e-01,3.547996e-01,5.913326e-01,5.321994e-01,6.504659e-01,6.504659e-01,4.730661e-01,3.547996e-01,9.461322e-01,3.547996e-01,5.913326e-01,2.365331e-01,2.956663e-01,5.321994e-01,5.321994e-01,4.139328e-01,3.547996e-01,5.913326e-01,3.547996e-01,4.730661e-01,7.095992e-01,5.321994e-01,5.321994e-01,6.504659e-01,1.773998e-01,4.730661e-01
5.913326e-01,5.913326e-01,7.095992e-01,6.504659e-01,4.730661e-01,8.869990e-01,1.773998e-01,4.730661e-01,3.547996e-01,1.773998e-01,5.913326e-01,3.547996e-01,5.913326e-01,6.504659e-01,7.095992e-01,5.321994e-01,4.730661e-01,4.730661e-01,7.095992e-01,5.321994e-01,2.956663e-01,9.461322e-01,5.321994e-01,2.956663e-01,5.321994e-01,2.956663e-01,4.139328e-01,7.687324e-01,6.504659e-01,7.687324e-01,3.547996e-01,5.913326e-01,4.730661e-01,3.547996e-01,6.504659e-01,5.321994e-01,4.139328e-01,9.461322e-01,4.139328e-01,5.913326e-01,5.321994e-01,5.321994e-01,9.461322e-01,5.321994e-01,1.241799e+00,7.095992e-01,6.504659e-01,7.095992e-01,5.913326e-01,1.064399e+00,9.461322e-01,1.123532e+00,5.913326e-01,7.095992e-01,1.123532e+00,1.123532e+00,8.278657e-01,8.869990e-01,9.461322e-01,1.300932e+00,1.123532e+00,1.064399e+00,1.123532e+00,1.241799e+00,8.278657e-01,1.182665e+00,8.869990e-01,1.419198e+00,1.655731e+00,1.360065e+00,1.596598e+00,1.537465e+00,1.478332e+00,1.655731e+00,1.300932e+00,1.360065e+00,1.655731e+00,1.596598e+00,1.596598e+00,1.005265e+00,1.360065e+00,1.833131e+00,1.714865e+00,1.182665e+00,2.720130e+00,1.773998e+00,1.714865e+00,1.892264e+00,2.069664e+00,2.306197e+00,2.128798e+00,2.187931e+00,2.365331e+00,2.483597e+00,2.838397e+00,2.483597e+00,2.247064e+00,2.601864e+00,3.370596e+00,3.015796e+00,2.956663e+00,3.311463e+00,3.666262e+00,3.547996e+00,4.198462e+00,4.612395e+00,3.429729e+00,3.311463e+00,4.375862e+00,4.375862e+00,2.601864e+00,4.908061e+00,4.789794e+00,4.257595e+00,4.730661e+00,5.026327e+00,4.789794e+00,5.321994e+00,5.381127e+00,5.026327e+00,4.730661e+00,5.913326e+00,7.214258e+00,6.327259e+00,6.208993e+00,6.977725e+00,7.864724e+00,8.101257e+00,6.563792e+00,8.988256e+00,7.687324e+00,8.869990e+00,7.982991e+00,8.988256e+00,1.011179e+01,8.515190e+00,1.028919e+01,9.461322e+00,8.574323e+00,9.638722e+00,1.046659e+01,9.816122e+00,1.034832e+01,1.105792e+01,1.129445e+01,1.123532e+01,1.247712e+01,1.153099e+01,1.259539e+01,1.200405e+01,1.153099e+01,1.354152e+01,1.436938e+01,1.318672e+01,1.277279e+01,1.448765e+01,1.490158e+01,1.365978e+01,1.720778e+01,1.567031e+01,1.413285e+01,1.614338e+01,1.360065e+01,1.708951e+01,1.436938e+01,1.448765e+01,1.389632e+01,1.507898e+01,1.620251e+01,1.501985e+01,1.419198e+01,1.454678e+01,1.484245e+01,1.295018e+01,1.507898e+01,1.549292e+01,1.330498e+01,1.431025e+01,1.253625e+01,1.235885e+01,1.318672e+01,1.135359e+01,1.046659e+01,1.170839e+01,1.241799e+01,1.188579e+01,1.111705e+01,9.402189e+00,9.993522e+00,8.278657e+00,9.283922e+00,8.396923e+00,8.278657e+00,7.864724e+00,6.622926e+00,7.923857e+00,6.386393e+00,5.913326e+00,5.558527e+00,6.504659e+00,5.854193e+00,5.144594e+00,3.902795e+00,4.316728e+00,3.961929e+00,3.547996e+00,3.843662e+00,3.252330e+00,3.074930e+00,2.483597e+00,2.247064e+00,2.424464e+00,2.838397e+00,2.010531e+00,1.714865e+00,1.714865e+00,1.833131e+00,1.478332e+00,1.596598e+00,1.123532e+00,2.069664e+00,9.461322e-01,1.182665e+00,9.461322e-01,8.278657e-01,9.461322e-01,1.300932e+00,7.687324e-01,8.869990e-01,1.123532e+00,7.687324e-01,4.139328e-01,8.869990e-01,9.461322e-01,7.095992e-01,9.461322e-01,3.547996e-01,7.095992e-01,3.547996e-01,5.913326e-01,5.913326e-01,4.730661e-01,9.461322e-01,4.730661e-01,6.504659e-01,5.321994e-01,6.504659e-01,6.504659e-01,4.730661e-01,6.504659e-01,8.278657e-01,4.730661e-01,5.913326e-01,6.504659e-01,4.139328e-01,4.730661e-01,8.278657e-01,5.913326e-01,3.547996e-01,6.504659e-01,2.956663e-01,2.365331e-01,4.139328e-01,4.139328e-01,3.547996e-01,7.095992e-01,6.504659e-01,6.504659e-01,4.730661e-01,3.547996e-01,5.321994e-01,2.956663e-01,4.139328e-01,5.321994e-01,5.321994e-01,4.730661e-01,4.730661e-01,6.504659e-01,4.139328e-01,1.773998e-01
3.547996e-01,5.321994e-01,6.504659e-01,7.687324e-01,3.547996e-01,2.365331e-01,7.095992e-01,5.913326e-01,5.913326e-01,4.730661e-01,5.913326e-01,2.365331e-01,4.730661e-01,3.547996e-01,5.913326e-01,1.773998e-01,4.730661e-01,5.913326e-01,7.687324e-01,7.095992e-01,7.687324e-01,6.504659e-01,5.913326e-01,6.504659e-01,1.064399e+00,4.139328e-01,3.547996e-01,4.730661e-01,4.139328e-01,5.913326e-01,4.730661e-01,5.913326e-01,3.547996e-01,1.005265e+00,6.504659e-01,6.504659e-01,8.278657e-01,6.504659e-01,4.139328e-01,4.139328e-01,8.278657e-01,7.687324e-01,3.547996e-01,7.687324e-01,5.321994e-01,1.123532e+00,8.278657e-01,1.064399e+00,7.095992e-01,5.321994e-01,1.064399e+00,8.869990e-01,8.869990e-01,8.869990e-01,1.123532e+00,1.360065e+00,1.005265e+00,1.300932e+00,1.360065e+00,1.419198e+00,9.461322e-01,1.064399e+00,1.596598e+00,1.064399e+00,1.360065e+00,8.869990e-01,1.360065e+00,1.478332e+00,1.123532e+00,9.461322e-01,9.461322e-01,1.478332e+00,1.714865e+00,9.461322e-01,1.300932e+00,1.360065e+00,1.773998e+00,1.596598e+00,1.951398e+00,1.478332e+00,1.419198e+00,1.596598e+00,1.419198e+00,2.365331e+00,2.187931e+00,2.542730e+00,2.306197e+00,1.537465e+00,1.951398e+00,2.542730e+00,2.010531e+00,2.365331e+00,2.483597e+00,2.720130e+00,2.779263e+00,2.010531e+00,2.247064e+00,2.956663e+00,3.311463e+00,2.720130e+00,3.961929e+00,3.193196e+00,3.547996e+00,3.134063e+00,3.015796e+00,3.902795e+00,4.494128e+00,3.015796e+00,4.494128e+00,3.547996e+00,3.843662e+00,4.080195e+00,4.494128e+00,4.671528e+00,5.203727e+00,5.676793e+00,5.499394e+00,5.735927e+00,6.682059e+00,5.617660e+00,5.854193e+00,6.504659e+00,6.327259e+00,6.563792e+00,6.504659e+00,7.273391e+00,7.569058e+00,7.805591e+00,7.628191e+00,7.628191e+00,8.751723e+00,8.396923e+00,8.810856e+00,8.160390e+00,9.106523e+00,8.633457e+00,9.047389e+00,9.993522e+00,9.993522e+00,1.023005e+01,1.164925e+01,1.164925e+01,1.105792e+01,1.147185e+01,1.147185e+01,1.099879e+01,1.176752e+01,1.229972e+01,1.265452e+01,1.200405e+01,1.336412e+01,1.389632e+01,1.519725e+01,1.401458e+01,1.413285e+01,1.354152e+01,1.354152e+01,1.348238e+01,1.584771e+01,1.519725e+01,1.501985e+01,1.478332e+01,1.513812e+01,1.401458e+01,1.490158e+01,1.466505e+01,1.413285e+01,1.501985e+01,1.519725e+01,1.561118e+01,1.436938e+01,1.525638e+01,1.478332e+01,1.454678e+01,1.436938e+01,1.484245e+01,1.389632e+01,1.253625e+01,1.377805e+01,1.431025e+01,1.129445e+01,1.176752e+01,1.164925e+01,1.141272e+01,1.135359e+01,1.111705e+01,1.123532e+01,1.052572e+01,1.005265e+01,8.042124e+00,8.929123e+00,7.746458e+00,8.751723e+00,7.036858e+00,7.687324e+00,5.676793e+00,6.859459e+00,5.913326e+00,5.913326e+00,6.327259e+00,5.144594e+00,5.262860e+00,4.434995e+00,4.198462e+00,3.607129e+00,3.370596e+00,4.553261e+00,3.961929e+00,3.193196e+00,2.660997e+00,2.483597e+00,2.306197e+00,2.660997e+00,2.601864e+00,1.951398e+00,1.596598e+00,1.241799e+00,1.478332e+00,1.714865e+00,1.714865e+00,1.064399e+00,8.278657e-01,5.913326e-01,1.064399e+00,1.478332e+00,4.730661e-01,9.461322e-01,1.005265e+00,1.478332e+00,8.869990e-01,7.095992e-01,5.913326e-01,8.278657e-01,8.869990e-01,6.504659e-01,7.095992e-01,1.182665e+00,7.687324e-01,3.547996e-01,6.504659e-01,7.095992e-01,7.095992e-01,6.504659e-01,6.504659e-01,1.773998e-01,1.182665e-01,4.139328e-01,7.095992e-01,5.913326e-01,3.547996e-01,2.956663e-01,6.504659e-01,6.504659e-01,5.321994e-01,7.687324e-01,5.321994e-01,4.730661e-01,6.504659e-01,4.730661e-01,5.321994e-01,6.504659e-01,4.730661e-01,4.139328e-01,4.139328e-01,4.139328e-01,5.913326e-01,2.956663e-01,3.547996e-01,5.321994e-01,4.730661e-01,4.730661e-01,5.321994e-01,5.321994e-01,5.913326e-01,5.321994e-01,3.547996e-01,9.461322e-01,2.365331e-01,4.139328e-01,7.095992e-01
4.730661e-01,4.730661e-01,4.139328e-01,4.730661e-01,5.321994e-01,5.321994e-01,1.773998e-01,5.913326e-01,4.139328e-01,3.547996e-01,4.730661e-01,4.730661e-01,5.321994e-01,5.321994e-01,2.956663e-01,3.547996e-01,2.365331e-01,5.321994e-01,4.730661e-01,5.321994e-01,7.095992e-01,1.773998e-01,6.504659e-01,7.687324e-01,2.956663e-01,4.730661e-01,5.321994e-01,9.461322e-01,5.913326e-01,1.182665e-01,4.730661e-01,7.095992e-01,6.504659e-01,5.913326e-01,7.687324e-01,8.869990e-01,8.278657e-01,7.687324e-01,5.321994e-01,4.730661e-01,4.139328e-01,1.064399e+00,7.687324e-01,4.730661e-01,1.064399e+00,8.869990e-01,5.321994e-01,1.005265e+00,1.300932e+00,1.241799e+00,1.300932e+00,6.504659e-01,1.182665e+00,9.461322e-01,9.461322e-01,4.730661e-01,1.123532e+00,8.869990e-01,9.461322e-01,1.537465e+00,1.182665e+00,9.461322e-01,1.005265e+00,1.537465e+00,1.300932e+00,1.241799e+00,1.537465e+00,1.478332e+00,1.714865e+00,1.537465e+00,8.869990e-01,1.892264e+00,1.182665e+00,1.478332e+00,1.182665e+00,1.714865e+00,1.478332e+00,2.069664e+00,1.596598e+00,1.773998e+00,1.360065e+00,1.478332e+00,2.069664e+00,1.714865e+00,1.951398e+00,2.306197e+00,1.951398e+00,2.424464e+00,2.779263e+00,1.833131e+00,2.660997e+00,2.424464e+00,2.069664e+00,2.424464e+00,3.252330e+00,2.601864e+00,2.483597e+00,2.956663e+00,3.311463e+00,3.015796e+00,3.725396e+00,3.370596e+00,3.784529e+00,3.547996e+00,3.666262e+00,3.666262e+00,3.607129e+00,4.080195e+00,4.494128e+00,4.789794e+00,4.257595e+00,3.961929e+00,5.144594e+00,3.311463e+00,4.375862e+00,4.789794e+00,4.021062e+00,4.375862e+00,5.203727e+00,5.795060e+00,6.268126e+00,5.321994e+00,7.214258e+00,6.800325e+00,6.741192e+00,5.913326e+00,7.095992e+00,7.391658e+00,8.219524e+00,6.977725e+00,7.036858e+00,9.047389e+00,8.988256e+00,8.869990e+00,9.343056e+00,8.751723e+00,1.159012e+01,9.165656e+00,8.869990e+00,9.875255e+00,1.005265e+01,1.093965e+01,1.011179e+01,1.170839e+01,1.170839e+01,1.123532e+01,1.147185e+01,1.235885e+01,1.259539e+01,1.170839e+01,1.277279e+01,1.253625e+01,1.289105e+01,1.318672e+01,1.395545e+01,1.271365e+01,1.519725e+01,1.395545e+01,1.561118e+01,1.360065e+01,1.277279e+01,1.472418e+01,1.389632e+01,1.537465e+01,1.354152e+01,1.549292e+01,1.561118e+01,1.525638e+01,1.460592e+01,1.360065e+01,1.549292e+01,1.490158e+01,1.354152e+01,1.389632e+01,1.401458e+01,1.283192e+01,1.300932e+01,1.460592e+01,1.300932e+01,1.336412e+01,1.206319e+01,1.099879e+01,1.147185e+01,1.135359e+01,1.023005e+01,9.579589e+00,1.082139e+01,1.076225e+01,1.017092e+01,7.687324e+00,9.697855e+00,9.047389e+00,9.343056e+00,6.327259e+00,7.095992e+00,6.977725e+00,6.149859e+00,5.913326e+00,5.854193e+00,5.913326e+00,5.499394e+00,4.021062e+00,4.730661e+00,3.252330e+00,4.198462e+00,4.967194e+00,3.843662e+00,4.021062e+00,2.956663e+00,2.660997e+00,3.370596e+00,3.074930e+00,2.365331e+00,1.537465e+00,1.833131e+00,1.951398e+00,1.241799e+00,1.773998e+00,1.182665e+00,1.833131e+00,1.537465e+00,7.095992e-01,7.095992e-01,8.278657e-01,9.461322e-01,1.537465e+00,4.730661e-01,5.913326e-01,1.005265e+00,1.064399e+00,8.869990e-01,5.321994e-01,8.869990e-01,6.504659e-01,3.547996e-01,5.913326e-01,4.139328e-01,3.547996e-01,4.730661e-01,7.095992e-01,4.730661e-01,7.095992e-01,4.139328e-01,6.504659e-01,4.730661e-01,5.913326e-01,5.913326e-01,5.913326e-01,7.095992e-01,2.365331e-01,7.095992e-01,4.139328e-01,7.687324e-01,7.687324e-01,4.730661e-01,4.139328e-01,4.730661e-01,5.321994e-01,4.139328e-01,8.278657e-01,4.730661e-01,5.913326e-01,1.773998e-01,5.913326e-01,6.504659e-01,2.365331e-01,4.139328e-01,3.547996e-01,5.321994e-01,5.321994e-01,8.278657e-01,7.095992e-01,8.869990e-01,4.139328e-01,4.139328e-01,5.321994e-01,7.095992e-01,4.139328e-01,2.956663e-01,3.547996e-01
4.730661e-01,4.730661e-01,3.547996e-01,2.365331e-01,4.139328e-01,2.956663e-01,1.773998e-01,5.913326e-01,4.730661e-01,7.687324e-01,6.504659e-01,4.139328e-01,7.687324e-01,7.095992e-01,7.095992e-01,7.095992e-01,2.956663e-01,7.687324e-01,5.913326e-01,7.095992e-01,7.687324e-01,5.321994e-01,4.139328e-01,8.869990e-01,6.504659e-01,7.095992e-01,4.730661e-01,5.913326e-01,5.321994e-01,5.321994e-01,5.913326e-01,2.956663e-01,6.504659e-01,7.095992e-01,1.123532e+00,5.913326e-01,1.005265e+00,8.278657e-01,1.005265e+00,7.687324e-01,1.241799e+00,4.730661e-01,7.687324e-01,5.321994e-01,7.095992e-01,9.461322e-01,9.461322e-01,8.278657e-01,1.064399e+00,7.687324e-01,7.095992e-01,8.278657e-01,9.461322e-01,6.504659e-01,1.123532e+00,8.869990e-01,1.773998e+00,1.537465e+00,7.687324e-01,1.360065e+00,9.461322e-01,1.478332e+00,1.596598e+00,1.300932e+00,1.064399e+00,1.182665e+00,1.005265e+00,1.478332e+00,1.300932e+00,1.005265e+00,1.714865e+00,1.241799e+00,1.241799e+00,1.537465e+00,1.064399e+00,1.833131e+00,1.478332e+00,2.010531e+00,2.010531e+00,2.010531e+00,1.951398e+00,1.892264e+00,1.951398e+00,2.069664e+00,1.951398e+00,2.187931e+00,2.542730e+00,2.306197e+00,1.833131e+00,2.069664e+00,2.838397e+00,2.542730e+00,2.365331e+00,2.601864e+00,2.365331e+00,2.660997e+00,3.547996e+00,3.725396e+00,3.311463e+00,3.725396e+00,3.429729e+00,3.961929e+00,3.370596e+00,3.784529e+00,3.666262e+00,3.607129e+00,3.074930e+00,3.074930e+00,4.434995e+00,3.902795e+00,4.080195e+00,4.612395e+00,3.784529e+00,4.080195e+00,4.198462e+00,4.080195e+00,5.854193e+00,5.499394e+00,5.381127e+00,4.671528e+00,6.386393e+00,6.682059e+00,5.972460e+00,6.800325e+00,8.337790e+00,7.509925e+00,6.859459e+00,7.864724e+00,6.268126e+00,8.278657e+00,7.805591e+00,6.622926e+00,9.106523e+00,7.450791e+00,8.574323e+00,8.929123e+00,1.034832e+01,8.219524e+00,9.638722e+00,9.579589e+00,9.579589e+00,1.159012e+01,1.111705e+01,1.235885e+01,1.147185e+01,1.070312e+01,1.318672e+01,1.212232e+01,1.395545e+01,1.247712e+01,1.336412e+01,1.371892e+01,1.277279e+01,1.360065e+01,1.448765e+01,1.448765e+01,1.490158e+01,1.277279e+01,1.519725e+01,1.365978e+01,1.549292e+01,1.371892e+01,1.425112e+01,1.342325e+01,1.436938e+01,1.632078e+01,1.519725e+01,1.395545e+01,1.454678e+01,1.484245e+01,1.354152e+01,1.525638e+01,1.496072e+01,1.460592e+01,1.466505e+01,1.342325e+01,1.241799e+01,1.224059e+01,1.306845e+01,1.383718e+01,1.354152e+01,1.348238e+01,1.182665e+01,1.218145e+01,1.123532e+01,9.816122e+00,1.052572e+01,1.040745e+01,9.756989e+00,1.070312e+01,9.756989e+00,7.746458e+00,8.810856e+00,6.682059e+00,7.450791e+00,7.687324e+00,7.982991e+00,6.031593e+00,5.262860e+00,5.735927e+00,5.085461e+00,4.908061e+00,4.789794e+00,3.902795e+00,3.547996e+00,3.902795e+00,2.720130e+00,3.547996e+00,3.902795e+00,2.542730e+00,2.424464e+00,2.897530e+00,2.365331e+00,2.897530e+00,1.773998e+00,1.182665e+00,2.483597e+00,1.596598e+00,1.537465e+00,1.419198e+00,1.892264e+00,1.596598e+00,1.478332e+00,5.913326e-01,1.241799e+00,1.182665e+00,1.182665e+00,6.504659e-01,8.278657e-01,5.913326e-01,8.278657e-01,5.913326e-01,8.869990e-01,3.547996e-01,8.278657e-01,4.730661e-01,4.730661e-01,5.913326e-01,7.095992e-01,5.913326e-01,2.956663e-01,5.913326e-01,5.913326e-01,4.730661e-01,5.321994e-01,5.321994e-01,4.730661e-01,7.687324e-01,5.321994e-01,4.730661e-01,7.095992e-01,2.365331e-01,5.321994e-01,4.139328e-01,2.365331e-01,5.321994e-01,2.956663e-01,4.139328e-01,7.687324e-01,2.365331e-01,6.504659e-01,4.139328e-01,1.773998e-01,2.956663e-01,8.869990e-01,4.139328e-01,7.095992e-01,5.321994e-01,4.730661e-01,5.321994e-01,4.139328e-01,8.278657e-01,3.547996e-01,5.321994e-01,2.956663e-01,5.913326e-01,6.504659e-01,5.321994e-01,7.095992e-01,4.730661e-01
7.095992e-01,6.504659e-01,3.547996e-01,4.139328e-01,4.730661e-01,5.913326e-01,7.095992e-01,7.687324e-01,9.461322e-01,4.139328e-01,4.139328e-01,7.095992e-01,5.321994e-01,3.547996e-01,5.913326e-01,4.139328e-01,5.913326e-01,2.365331e-01,8.869990e-01,5.321994e-01,6.504659e-01,4.139328e-01,6.504659e-01,9.461322e-01,8.278657e-01,5.913326e-01,4.139328e-01,7.095992e-01,2.956663e-01,7.095992e-01,8.869990e-01,1.123532e+00,7.095992e-01,9.461322e-01,8.278657e-01,5.321994e-01,7.095992e-01,7.095992e-01,8.869990e-01,8.869990e-01,1.419198e+00,9.461322e-01,8.278657e-01,4.730661e-01,1.123532e+00,6.504659e-01,7.095992e-01,8.278657e-01,9.461322e-01,8.869990e-01,7.687324e-01,9.461322e-01,1.182665e+00,5.913326e-01,1.064399e+00,1.241799e+00,1.182665e+00,1.123532e+00,1.300932e+00,7.687324e-01,1.182665e+00,8.278657e-01,1.182665e+00,9.461322e-01,1.419198e+00,1.360065e+00,9.461322e-01,1.537465e+00,2.187931e+00,1.360065e+00,1.833131e+00,1.123532e+00,1.360065e+00,1.478332e+00,1.360065e+00,1.596598e+00,1.596598e+00,1.596598e+00,2.069664e+00,2.010531e+00,1.537465e+00,1.951398e+00,2.424464e+00,2.483597e+00,1.892264e+00,2.306197e+00,1.951398e+00,1.951398e+00,2.187931e+00,2.306197e+00,2.601864e+00,2.897530e+00,1.773998e+00,2.542730e+00,2.424464e+00,2.660997e+00,2.483597e+00,2.720130e+00,3.666262e+00,3.252330e+00,2.838397e+00,3.607129e+00,3.666262e+00,4.021062e+00,4.021062e+00,3.843662e+00,4.198462e+00,3.607129e+00,3.902795e+00,3.961929e+00,4.257595e+00,4.789794e+00,4.021062e+00,4.671528e+00,5.381127e+00,5.262860e+00,5.676793e+00,4.553261e+00,6.445526e+00,5.381127e+00,5.735927e+00,6.268126e+00,6.977725e+00,6.859459e+00,6.622926e+00,7.509925e+00,6.622926e+00,8.101257e+00,8.042124e+00,7.332525e+00,8.396923e+00,8.751723e+00,9.756989e+00,8.396923e+00,8.042124e+00,1.064399e+01,9.934388e+00,8.869990e+00,1.182665e+01,9.934388e+00,1.088052e+01,1.011179e+01,9.816122e+00,1.289105e+01,1.135359e+01,1.159012e+01,1.549292e+01,1.277279e+01,1.159012e+01,1.235885e+01,1.271365e+01,1.401458e+01,1.419198e+01,1.354152e+01,1.300932e+01,1.401458e+01,1.436938e+01,1.643905e+01,1.602511e+01,1.649818e+01,1.383718e+01,1.365978e+01,1.383718e+01,1.537465e+01,1.501985e+01,1.572945e+01,1.442852e+01,1.501985e+01,1.454678e+01,1.407372e+01,1.460592e+01,1.531552e+01,1.365978e+01,1.336412e+01,1.336412e+01,1.312758e+01,1.490158e+01,1.212232e+01,1.289105e+01,1.206319e+01,1.271365e+01,1.306845e+01,1.229972e+01,1.093965e+01,1.070312e+01,9.697855e+00,9.697855e+00,8.810856e+00,9.638722e+00,8.633457e+00,7.923857e+00,9.224789e+00,7.036858e+00,7.805591e+00,6.741192e+00,6.090726e+00,6.386393e+00,6.682059e+00,5.854193e+00,5.321994e+00,5.203727e+00,5.676793e+00,4.671528e+00,4.967194e+00,4.080195e+00,3.370596e+00,3.902795e+00,2.779263e+00,2.897530e+00,2.897530e+00,2.601864e+00,2.542730e+00,2.365331e+00,2.128798e+00,1.951398e+00,1.833131e+00,1.833131e+00,1.892264e+00,1.182665e+00,1.478332e+00,1.005265e+00,1.537465e+00,1.419198e+00,1.419198e+00,9.461322e-01,1.300932e+00,8.869990e-01,7.687324e-01,7.095992e-01,5.913326e-01,6.504659e-01,1.064399e+00,6.504659e-01,6.504659e-01,7.687324e-01,4.730661e-01,8.869990e-01,5.913326e-01,5.321994e-01,7.687324e-01,5.913326e-01,7.095992e-01,6.504659e-01,5.321994e-01,4.730661e-01,7.095992e-01,5.913326e-01,4.139328e-01,5.321994e-01,3.547996e-01,4.730661e-01,3.547996e-01,1.773998e-01,4.730661e-01,2.365331e-01,4.730661e-01,8.278657e-01,4.139328e-01,5.913326e-01,4.139328e-01,5.321994e-01,5.321994e-01,5.321994e-01,5.913326e-01,4.730661e-01,4.139328e-01,7.095992e-01,5.321994e-01,5.913326e-01,3.547996e-01,7.095992e-01,1.182665e-01,7.095992e-01,7.095992e-01,4.730661e-01,7.687324e-01,1.773998e-01,3.547996e-01,4.730661e-01,5.321994e-01
7.095992e-01,2.956663e-01,3.547996e-01,3.547996e-01,5.321994e-01,3.547996e-01,5.913326e-01,6.504659e-01,2.956663e-01,5.321994e-01,4.730661e-01,5.321994e-01,5.913326e-01,2.956663e-01,5.913326e-01,4.730661e-01,5.321994e-01,6.504659e-01,4.139328e-01,3.547996e-01,7.095992e-01,4.139328e-01,7.687324e-01,1.773998e-01,1.182665e-01,8.278657e-01,8.278657e-01,9.461322e-01,9.461322e-01,5.321994e-01,4.730661e-01,8.869990e-01,5.321994e-01,8.869990e-01,5.913326e-01,8.869990e-01,7.687324e-01,6.504659e-01,7.687324e-01,5.913326e-01,1.005265e+00,1.005265e+00,7.095992e-01,1.064399e+00,8.869990e-01,6.504659e-01,8.278657e-01,7.095992e-01,8.869990e-01,1.123532e+00,9.461322e-01,1.064399e+00,1.005265e+00,7.687324e-01,1.300932e+00,8.869990e-01,7.095992e-01,8.869990e-01,8.869990e-01,1.064399e+00,1.005265e+00,1.360065e+00,1.064399e+00,1.241799e+00,2.069664e+00,1.182665e+00,1.655731e+00,1.714865e+00,1.005265e+00,1.182665e+00,1.655731e+00,1.182665e+00,1.596598e+00,2.128798e+00,1.419198e+00,9.461322e-01,1.714865e+00,1.182665e+00,1.419198e+00,1.596598e+00,2.187931e+00,2.069664e+00,2.897530e+00,2.128798e+00,2.128798e+00,2.128798e+00,1.833131e+00,2.010531e+00,2.660997e+00,2.542730e+00,2.010531e+00,3.902795e+00,2.956663e+00,2.483597e+00,2.601864e+00,2.838397e+00,2.779263e+00,3.311463e+00,3.074930e+00,2.483597e+00,3.015796e+00,3.607129e+00,3.843662e+00,3.547996e+00,3.725396e+00,3.843662e+00,3.193196e+00,4.730661e+00,4.908061e+00,5.676793e+00,3.843662e+00,5.026327e+00,4.612395e+00,4.612395e+00,5.440260e+00,5.617660e+00,4.789794e+00,5.321994e+00,5.262860e+00,6.445526e+00,5.321994e+00,6.977725e+00,7.095992e+00,7.450791e+00,8.219524e+00,7.391658e+00,8.042124e+00,8.278657e+00,6.859459e+00,7.923857e+00,8.278657e+00,1.005265e+01,8.396923e+00,9.579589e+00,7.332525e+00,1.034832e+01,9.697855e+00,9.461322e+00,1.052572e+01,1.111705e+01,1.212232e+01,1.034832e+01,1.088052e+01,1.105792e+01,1.159012e+01,1.218145e+01,1.194492e+01,1.312758e+01,1.164925e+01,1.253625e+01,1.188579e+01,1.312758e+01,1.371892e+01,1.419198e+01,1.413285e+01,1.348238e+01,1.555205e+01,1.744431e+01,1.436938e+01,1.478332e+01,1.436938e+01,1.472418e+01,1.531552e+01,1.401458e+01,1.496072e+01,1.365978e+01,1.478332e+01,1.448765e+01,1.697125e+01,1.537465e+01,1.419198e+01,1.224059e+01,1.383718e+01,1.496072e+01,1.283192e+01,1.407372e+01,1.484245e+01,1.099879e+01,1.194492e+01,1.365978e+01,1.194492e+01,1.188579e+01,1.324585e+01,1.235885e+01,1.028919e+01,1.129445e+01,9.875255e+00,8.988256e+00,8.456057e+00,9.461322e+00,9.224789e+00,8.337790e+00,7.332525e+00,7.746458e+00,6.800325e+00,6.386393e+00,6.445526e+00,6.563792e+00,5.617660e+00,5.321994e+00,5.203727e+00,4.494128e+00,4.671528e+00,4.730661e+00,3.784529e+00,3.370596e+00,3.784529e+00,2.720130e+00,3.134063e+00,2.483597e+00,2.306197e+00,2.069664e+00,1.596598e+00,2.660997e+00,2.069664e+00,1.833131e+00,1.241799e+00,1.655731e+00,1.478332e+00,1.360065e+00,1.773998e+00,1.123532e+00,1.182665e+00,9.461322e-01,1.005265e+00,1.360065e+00,1.300932e+00,1.182665e+00,9.461322e-01,8.869990e-01,1.005265e+00,5.913326e-01,7.095992e-01,7.687324e-01,6.504659e-01,4.139328e-01,6.504659e-01,4.730661e-01,4.139328e-01,8.869990e-01,5.321994e-01,5.913326e-01,5.913326e-01,8.278657e-01,5.321994e-01,5.321994e-01,4.730661e-01,2.365331e-01,4.139328e-01,5.913326e-01,2.365331e-01,5.321994e-01,1.773998e-01,4.730661e-01,4.139328e-01,5.321994e-01,7.687324e-01,2.365331e-01,4.139328e-01,5.913326e-01,1.005265e+00,6.504659e-01,7.687324e-01,4.730661e-01,4.730661e-01,2.956663e-01,3.547996e-01,2.365331e-01,2.956663e-01,4.139328e-01,3.547996e-01,4.139328e-01,1.182665e-01,5.913326e-01,5.913326e-01,3.547996e-01,4.730661e-01,2.956663e-01,2.365331e-01,5.321994e-01
4.730661e-01,2.956663e-01,3.547996e-01,4.730661e-01,5.913326e-01,5.321994e-01,7.095992e-01,7.095992e-01,7.687324e-01,7.687324e-01,4.730661e-01,4.139328e-01,2.365331e-01,6.504659e-01,5.913326e-01,3.547996e-01,1.064399e+00,7.687324e-01,7.687324e-01,3.547996e-01,4.730661e-01,2.365331e-01,8.278657e-01,3.547996e-01,9.461322e-01,5.913326e-01,8.278657e-01,7.095992e-01,7.095992e-01,7.095992e-01,9.461322e-01,5.321994e-01,6.504659e-01,7.095992e-01,6.504659e-01,7.095992e-01,6.504659e-01,7.687324e-01,7.687324e-01,6.504659e-01,5.321994e-01,1.005265e+00,7.687324e-01,9.461322e-01,6.504659e-01,1.005265e+00,7.687324e-01,5.913326e-01,1.123532e+00,9.461322e-01,1.123532e+00,8.869990e-01,6.504659e-01,1.360065e+00,8.278657e-01,1.123532e+00,1.123532e+00,1.005265e+00,6.504659e-01,6.504659e-01,6.504659e-01,1.005265e+00,1.300932e+00,1.655731e+00,1.360065e+00,1.241799e+00,1.005265e+00,1.064399e+00,1.655731e+00,1.537465e+00,2.128798e+00,1.182665e+00,2.069664e+00,1.833131e+00,1.537465e+00,2.247064e+00,1.951398e+00,1.951398e+00,1.655731e+00,2.128798e+00,1.833131e+00,2.247064e+00,2.542730e+00,2.483597e+00,1.714865e+00,2.483597e+00,1.655731e+00,2.660997e+00,2.128798e+00,2.128798e+00,2.542730e+00,2.010531e+00,2.601864e+00,2.128798e+00,3.488863e+00,3.252330e+00,2.542730e+00,3.074930e+00,2.720130e+00,2.897530e+00,4.021062e+00,3.607129e+00,3.547996e+00,3.902795e+00,3.488863e+00,4.080195e+00,4.080195e+00,4.612395e+00,4.612395e+00,3.843662e+00,4.553261e+00,4.553261e+00,4.908061e+00,5.262860e+00,4.434995e+00,5.203727e+00,4.730661e+00,5.144594e+00,5.321994e+00,4.908061e+00,5.381127e+00,6.208993e+00,6.031593e+00,6.386393e+00,6.682059e+00,7.746458e+00,5.913326e+00,6.682059e+00,7.805591e+00,7.628191e+00,7.982991e+00,9.165656e+00,9.993522e+00,9.283922e+00,8.751723e+00,9.875255e+00,1.088052e+01,1.052572e+01,1.005265e+01,8.337790e+00,1.117619e+01,1.046659e+01,1.147185e+01,1.224059e+01,1.306845e+01,1.088052e+01,1.170839e+01,1.283192e+01,1.253625e+01,1.436938e+01,1.206319e+01,1.324585e+01,1.389632e+01,1.425112e+01,1.448765e+01,1.478332e+01,1.253625e+01,1.371892e+01,1.496072e+01,1.330498e+01,1.360065e+01,1.413285e+01,1.531552e+01,1.519725e+01,1.425112e+01,1.413285e+01,1.490158e+01,1.431025e+01,1.365978e+01,1.525638e+01,1.425112e+01,1.490158e+01,1.466505e+01,1.442852e+01,1.507898e+01,1.324585e+01,1.324585e+01,1.235885e+01,1.342325e+01,1.123532e+01,1.200405e+01,1.159012e+01,1.170839e+01,1.224059e+01,1.099879e+01,1.040745e+01,1.117619e+01,1.099879e+01,9.638722e+00,9.993522e+00,8.751723e+00,7.450791e+00,7.687324e+00,7.923857e+00,6.386393e+00,7.095992e+00,5.795060e+00,6.031593e+00,5.617660e+00,5.321994e+00,4.434995e+00,4.553261e+00,4.434995e+00,4.612395e+00,4.730661e+00,3.429729e+00,3.961929e+00,3.193196e+00,2.956663e+00,3.134063e+00,2.838397e+00,3.134063e+00,2.306197e+00,1.537465e+00,1.773998e+00,1.892264e+00,1.714865e+00,1.655731e+00,1.655731e+00,1.360065e+00,1.478332e+00,1.064399e+00,1.005265e+00,8.278657e-01,7.687324e-01,6.504659e-01,8.278657e-01,1.005265e+00,1.419198e+00,4.730661e-01,8.278657e-01,1.064399e+00,6.504659e-01,8.278657e-01,7.095992e-01,4.730661e-01,6.504659e-01,7.687324e-01,5.321994e-01,5.321994e-01,2.956663e-01,6.504659e-01,3.547996e-01,5.321994e-01,3.547996e-01,4.139328e-01,5.913326e-01,4.139328e-01,7.095992e-01,6.504659e-01,5.321994e-01,2.956663e-01,4.730661e-01,8.869990e-01,2.956663e-01,2.365331e-01,3.547996e-01,3.547996e-01,5.321994e-01,4.139328e-01,6.504659e-01,5.913326e-01,4.139328e-01,5.321994e-01,6.504659e-01,7.095992e-01,4.730661e-01,3.547996e-01,5.321994e-01,4.139328e-01,7.687324e-01,8.278657e-01,4.730661e-01,4.730661e-01,5.321994e-01,3.547996e-01,3.547996e-01,7.095992e-01,7.095992e-01,2.956663e-01
5.913326e-01,4.730661e-01,4.139328e-01,7.095992e-01,2.365331e-01,1.005265e+00,2.956663e-01,2.956663e-01,5.321994e-01,5.913326e-01,5.321994e-01,5.913326e-01,4.730661e-01,7.095992e-01,3.547996e-01,6.504659e-01,7.687324e-01,5.321994e-01,4.730661e-01,4.139328e-01,3.547996e-01,8.278657e-01,7.687324e-01,2.956663e-01,5.913326e-01,4.730661e-01,6.504659e-01,4.139328e-01,1.005265e+00,5.321994e-01,7.095992e-01,9.461322e-01,7.687324e-01,4.730661e-01,8.278657e-01,6.504659e-01,7.687324e-01,5.913326e-01,5.321994e-01,5.321994e-01,8.869990e-01,8.869990e-01,7.687324e-01,7.687324e-01,8.278657e-01,7.095992e-01,7.687324e-01,7.687324e-01,1.005265e+00,1.064399e+00,7.687324e-01,5.913326e-01,7.095992e-01,7.687324e-01,1.478332e+00,7.687324e-01,8.278657e-01,9.461322e-01,1.419198e+00,1.123532e+00,1.360065e+00,1.300932e+00,1.655731e+00,1.360065e+00,1.241799e+00,1.419198e+00,1.714865e+00,1.300932e+00,9.461322e-01,1.419198e+00,1.892264e+00,2.010531e+00,1.773998e+00,1.182665e+00,1.241799e+00,1.537465e+00,1.655731e+00,1.892264e+00,2.306197e+00,1.655731e+00,1.714865e+00,1.714865e+00,1.833131e+00,2.187931e+00,2.424464e+00,2.128798e+00,2.779263e+00,2.483597e+00,2.128798e+00,2.483597e+00,1.773998e+00,2.542730e+00,2.483597e+00,3.015796e+00,2.424464e+00,2.897530e+00,2.660997e+00,3.074930e+00,2.720130e+00,3.134063e+00,3.074930e+00,2.838397e+00,4.021062e+00,3.666262e+00,4.316728e+00,2.956663e+00,3.547996e+00,3.725396e+00,4.257595e+00,4.494128e+00,4.494128e+00,5.854193e+00,4.967194e+00,5.499394e+00,5.440260e+00,4.730661e+00,5.085461e+00,5.321994e+00,6.563792e+00,6.149859e+00,5.676793e+00,7.214258e+00,6.208993e+00,5.381127e+00,6.268126e+00,7.155125e+00,6.977725e+00,6.208993e+00,7.450791e+00,8.515190e+00,8.337790e+00,8.396923e+00,9.402189e+00,8.929123e+00,9.579589e+00,8.929123e+00,9.993522e+00,9.165656e+00,9.816122e+00,1.182665e+01,1.070312e+01,1.099879e+01,1.111705e+01,1.200405e+01,1.229972e+01,1.229972e+01,1.265452e+01,1.188579e+01,1.365978e+01,1.330498e+01,1.300932e+01,1.342325e+01,1.265452e+01,1.401458e+01,1.265452e+01,1.383718e+01,1.389632e+01,1.555205e+01,1.519725e+01,1.507898e+01,1.572945e+01,1.531552e+01,1.360065e+01,1.425112e+01,1.632078e+01,1.342325e+01,1.472418e+01,1.478332e+01,1.431025e+01,1.460592e+01,1.401458e+01,1.395545e+01,1.324585e+01,1.436938e+01,1.289105e+01,1.348238e+01,1.348238e+01,1.448765e+01,1.300932e+01,1.206319e+01,1.159012e+01,1.093965e+01,1.105792e+01,1.093965e+01,1.076225e+01,9.106523e+00,1.046659e+01,1.082139e+01,9.283922e+00,8.574323e+00,9.047389e+00,6.977725e+00,6.563792e+00,7.155125e+00,6.800325e+00,6.918592e+00,6.977725e+00,6.090726e+00,6.563792e+00,6.208993e+00,4.198462e+00,6.504659e+00,4.789794e+00,3.784529e+00,3.488863e+00,4.494128e+00,3.607129e+00,3.193196e+00,2.365331e+00,2.306197e+00,2.128798e+00,1.655731e+00,2.247064e+00,1.951398e+00,2.069664e+00,2.365331e+00,1.833131e+00,1.064399e+00,1.655731e+00,1.419198e+00,1.300932e+00,1.714865e+00,1.655731e+00,1.596598e+00,1.123532e+00,1.064399e+00,1.123532e+00,7.095992e-01,5.321994e-01,1.005265e+00,6.504659e-01,9.461322e-01,6.504659e-01,9.461322e-01,6.504659e-01,7.095992e-01,3.547996e-01,6.504659e-01,8.278657e-01,7.687324e-01,5.321994e-01,4.730661e-01,4.730661e-01,7.095992e-01,3.547996e-01,7.687324e-01,5.913326e-01,6.504659e-01,5.321994e-01,6.504659e-01,5.321994e-01,3.547996e-01,2.956663e-01,2.365331e-01,2.365331e-01,5.913326e-01,8.278657e-01,7.095992e-01,4.730661e-01,8.278657e-01,4.730661e-01,7.687324e-01,2.956663e-01,2.956663e-01,6.504659e-01,3.547996e-01,4.139328e-01,4.730661e-01,3.547996e-01,5.913326e-01,1.773998e-01,3.547996e-01,3.547996e-01,2.956663e-01,4.730661e-01,4.730661e-01,4.139328e-01,7.095992e-01,3.547996e-01,5.321994e-01
2.956663e-01,4.730661e-01,2.365331e-01,1.773998e-01,4.730661e-01,5.321994e-01,6.504659e-01,5.913326e-01,4.730661e-01,6.504659e-01,5.913326e-01,5.913326e-01,5.913326e-01,4.730661e-01,5.321994e-01,5.913326e-01,5.321994e-01,8.869990e-01,5.913326e-01,5.913326e-01,7.095992e-01,5.913326e-01,5.321994e-01,4.139328e-01,7.687324e-01,5.913326e-01,5.321994e-01,2.956663e-01,8.278657e-01,4.730661e-01,5.913326e-01,5.321994e-01,6.504659e-01,6.504659e-01,7.687324e-01,9.461322e-01,6.504659e-01,7.687324e-01,6.504659e-01,4.730661e-01,9.461322e-01,8.278657e-01,1.005265e+00,1.064399e+00,1.005265e+00,7.687324e-01,1.300932e+00,8.278657e-01,1.123532e+00,1.182665e+00,1.419198e+00,9.461322e-01,1.005265e+00,1.300932e+00,8.869990e-01,1.360065e+00,1.064399e+00,1.182665e+00,1.478332e+00,1.182665e+00,1.478332e+00,1.655731e+00,1.537465e+00,1.241799e+00,1.478332e+00,1.833131e+00,1.241799e+00,8.278657e-01,1.300932e+00,1.655731e+00,1.596598e+00,1.537465e+00,1.892264e+00,1.714865e+00,1.478332e+00,2.010531e+00,1.655731e+00,1.892264e+00,1.300932e+00,2.365331e+00,1.892264e+00,2.069664e+00,1.714865e+00,2.187931e+00,2.247064e+00,2.069664e+00,2.720130e+00,2.365331e+00,1.833131e+00,1.892264e+00,2.720130e+00,2.542730e+00,2.247064e+00,3.725396e+00,2.660997e+00,3.370596e+00,1.951398e+00,3.015796e+00,3.429729e+00,3.547996e+00,3.784529e+00,3.607129e+00,3.488863e+00,3.370596e+00,4.198462e+00,3.252330e+00,3.252330e+00,4.434995e+00,3.961929e+00,5.735927e+00,4.257595e+00,4.553261e+00,4.612395e+00,4.848928e+00,4.730661e+00,5.735927e+00,4.848928e+00,5.854193e+00,6.445526e+00,6.504659e+00,6.031593e+00,6.622926e+00,6.149859e+00,6.563792e+00,8.278657e+00,7.155125e+00,7.509925e+00,7.273391e+00,8.692590e+00,7.155125e+00,8.396923e+00,7.450791e+00,7.569058e+00,8.988256e+00,9.343056e+00,8.633457e+00,1.070312e+01,1.028919e+01,1.011179e+01,1.123532e+01,9.875255e+00,9.875255e+00,9.756989e+00,1.099879e+01,1.218145e+01,1.342325e+01,1.271365e+01,1.265452e+01,1.253625e+01,1.407372e+01,1.324585e+01,1.336412e+01,1.342325e+01,1.519725e+01,1.401458e+01,1.312758e+01,1.383718e+01,1.360065e+01,1.448765e+01,1.389632e+01,1.484245e+01,1.531552e+01,1.501985e+01,1.501985e+01,1.348238e+01,1.531552e+01,1.318672e+01,1.525638e+01,1.490158e+01,1.324585e+01,1.360065e+01,1.466505e+01,1.383718e+01,1.247712e+01,1.531552e+01,1.295018e+01,1.472418e+01,1.365978e+01,1.271365e+01,1.300932e+01,1.105792e+01,1.306845e+01,1.241799e+01,1.028919e+01,1.011179e+01,1.011179e+01,8.337790e+00,8.810856e+00,6.741192e+00,9.106523e+00,8.988256e+00,8.751723e+00,5.795060e+00,6.208993e+00,5.854193e+00,6.859459e+00,6.149859e+00,5.085461e+00,5.440260e+00,5.617660e+00,4.021062e+00,4.316728e+00,4.671528e+00,5.262860e+00,4.080195e+00,2.956663e+00,4.257595e+00,4.021062e+00,3.311463e+00,3.607129e+00,1.892264e+00,2.483597e+00,2.247064e+00,2.069664e+00,1.182665e+00,1.714865e+00,1.892264e+00,1.951398e+00,2.187931e+00,1.892264e+00,1.892264e+00,1.123532e+00,1.714865e+00,1.241799e+00,1.241799e+00,1.537465e+00,9.461322e-01,8.869990e-01,8.278657e-01,1.064399e+00,7.687324e-01,8.278657e-01,7.687324e-01,7.095992e-01,4.730661e-01,8.278657e-01,5.913326e-01,5.913326e-01,5.321994e-01,4.730661e-01,8.869990e-01,2.956663e-01,5.913326e-01,6.504659e-01,5.321994e-01,2.365331e-01,4.139328e-01,5.321994e-01,4.139328e-01,6.504659e-01,4.139328e-01,7.687324e-01,3.547996e-01,8.869990e-01,4.730661e-01,6.504659e-01,5.913326e-01,4.730661e-01,5.913326e-01,3.547996e-01,6.504659e-01,4.139328e-01,1.064399e+00,6.504659e-01,6.504659e-01,5.321994e-01,4.730661e-01,8.278657e-01,7.687324e-01,5.913326e-01,8.278657e-01,5.321994e-01,6.504659e-01,5.913326e-01,6.504659e-01,4.139328e-01,3.547996e-01,5.913326e-01,4.730661e-01,2.365331e-01
4.139328e-01,4.139328e-01,7.095992e-01,2.956663e-01,7.095992e-01,4.139328e-01,4.730661e-01,4.730661e-01,3.547996e-01,7.687324e-01,8.869990e-01,4.730661e-01,2.956663e-01,6.504659e-01,5.321994e-01,6.504659e-01,5.321994e-01,2.956663e-01,5.321994e-01,5.913326e-01,6.504659e-01,4.139328e-01,5.913326e-01,7.095992e-01,4.730661e-01,4.139328e-01,4.730661e-01,2.956663e-01,6.504659e-01,7.095992e-01,8.869990e-01,6.504659e-01,3.547996e-01,6.504659e-01,6.504659e-01,1.360065e+00,6.504659e-01,7.095992e-01,1.300932e+00,6.504659e-01,1.182665e+00,8.869990e-01,1.241799e+00,1.241799e+00,1.360065e+00,6.504659e-01,1.064399e+00,2.956663e-01,1.005265e+00,7.687324e-01,5.913326e-01,1.005265e+00,8.869990e-01,1.241799e+00,1.300932e+00,1.241799e+00,1.241799e+00,1.655731e+00,7.687324e-01,1.773998e+00,8.869990e-01,1.241799e+00,1.182665e+00,1.714865e+00,1.241799e+00,1.300932e+00,1.419198e+00,1.300932e+00,1.182665e+00,1.300932e+00,1.360065e+00,1.360065e+00,1.419198e+00,1.537465e+00,1.951398e+00,1.892264e+00,1.892264e+00,2.128798e+00,2.069664e+00,1.655731e+00,2.187931e+00,2.306197e+00,2.720130e+00,1.478332e+00,1.419198e+00,2.069664e+00,1.596598e+00,2.424464e+00,2.660997e+00,2.483597e+00,3.074930e+00,2.720130e+00,1.951398e+00,2.720130e+00,2.956663e+00,3.193196e+00,2.838397e+00,2.424464e+00,3.252330e+00,3.370596e+00,3.074930e+00,3.074930e+00,3.725396e+00,3.843662e+00,3.666262e+00,4.139328e+00,4.316728e+00,4.494128e+00,4.198462e+00,4.553261e+00,4.021062e+00,4.967194e+00,5.026327e+00,4.612395e+00,6.090726e+00,4.434995e+00,5.913326e+00,6.622926e+00,6.327259e+00,5.085461e+00,6.031593e+00,7.509925e+00,6.327259e+00,6.268126e+00,6.090726e+00,7.036858e+00,6.563792e+00,6.386393e+00,6.327259e+00,7.923857e+00,9.165656e+00,8.160390e+00,8.396923e+00,9.283922e+00,8.633457e+00,8.869990e+00,9.343056e+00,9.638722e+00,1.005265e+01,9.520455e+00,1.099879e+01,1.064399e+01,1.194492e+01,1.170839e+01,1.224059e+01,1.188579e+01,1.099879e+01,9.638722e+00,1.093965e+01,1.300932e+01,1.289105e+01,1.159012e+01,1.324585e+01,1.395545e+01,1.513812e+01,1.490158e+01,1.354152e+01,1.295018e+01,1.525638e+01,1.407372e+01,1.401458e+01,1.513812e+01,1.496072e+01,1.608425e+01,1.478332e+01,1.513812e+01,1.389632e+01,1.448765e+01,1.383718e+01,1.330498e+01,1.531552e+01,1.448765e+01,1.330498e+01,1.318672e+01,1.295018e+01,1.466505e+01,1.300932e+01,1.389632e+01,1.407372e+01,1.188579e+01,1.218145e+01,1.229972e+01,1.289105e+01,9.047389e+00,1.070312e+01,9.697855e+00,9.697855e+00,9.461322e+00,8.751723e+00,8.515190e+00,8.278657e+00,6.800325e+00,7.864724e+00,7.214258e+00,6.859459e+00,5.381127e+00,6.563792e+00,5.972460e+00,5.676793e+00,5.262860e+00,6.622926e+00,4.494128e+00,4.789794e+00,4.375862e+00,3.311463e+00,3.488863e+00,4.021062e+00,2.956663e+00,2.542730e+00,2.247064e+00,3.311463e+00,2.128798e+00,2.128798e+00,2.897530e+00,2.424464e+00,2.247064e+00,1.419198e+00,1.714865e+00,1.419198e+00,1.892264e+00,1.241799e+00,1.123532e+00,9.461322e-01,1.360065e+00,1.123532e+00,7.687324e-01,9.461322e-01,8.278657e-01,1.005265e+00,8.869990e-01,5.913326e-01,1.064399e+00,5.913326e-01,4.730661e-01,4.730661e-01,4.730661e-01,5.913326e-01,3.547996e-01,3.547996e-01,4.139328e-01,4.139328e-01,7.687324e-01,8.278657e-01,4.139328e-01,4.139328e-01,5.321994e-01,6.504659e-01,4.139328e-01,4.730661e-01,4.139328e-01,5.321994e-01,5.913326e-01,4.730661e-01,3.547996e-01,5.913326e-01,2.365331e-01,5.321994e-01,4.139328e-01,2.365331e-01,2.956663e-01,4.730661e-01,4.730661e-01,3.547996e-01,5.321994e-01,2.956663e-01,7.687324e-01,4.139328e-01,3.547996e-01,5.913326e-01,7.687324e-01,9.461322e-01,4.730661e-01,6.504659e-01,3.547996e-01,8.278657e-01,3.547996e-01,5.321994e-01,4.730661e-01,4.730661e-01,7.095992e-01
6.504659e-01,5.913326e-01,6.504659e-01,2.956663e-01,2.365331e-01,6.504659e-01,8.869990e-01,4.730661e-01,6.504659e-01,4.139328e-01,6.504659e-01,4.139328e-01,5.321994e-01,4.730661e-01,9.461322e-01,5.913326e-01,8.278657e-01,5.913326e-01,8.278657e-01,2.956663e-01,8.278657e-01,5.321994e-01,8.278657e-01,8.869990e-01,2.956663e-01,7.095992e-01,8.869990e-01,7.095992e-01,4.730661e-01,2.956663e-01,7.095992e-01,4.139328e-01,5.913326e-01,6.504659e-01,6.504659e-01,6.504659e-01,1.123532e+00,8.278657e-01,7.687324e-01,8.278657e-01,1.123532e+00,8.278657e-01,7.687324e-01,8.278657e-01,1.005265e+00,5.913326e-01,1.064399e+00,1.123532e+00,1.005265e+00,7.095992e-01,5.321994e-01,7.687324e-01,8.869990e-01,1.360065e+00,1.241799e+00,1.182665e+00,1.300932e+00,1.123532e+00,1.123532e+00,1.537465e+00,1.182665e+00,1.419198e+00,1.064399e+00,1.064399e+00,2.187931e+00,1.182665e+00,9.461322e-01,1.714865e+00,1.123532e+00,1.182665e+00,1.596598e+00,2.424464e+00,1.123532e+00,1.833131e+00,1.360065e+00,1.241799e+00,1.892264e+00,1.419198e+00,1.241799e+00,1.714865e+00,2.069664e+00,2.483597e+00,2.128798e+00,2.424464e+00,1.714865e+00,2.779263e+00,2.306197e+00,2.424464e+00,2.897530e+00,1.951398e+00,2.483597e+00,2.838397e+00,3.311463e+00,3.311463e+00,2.483597e+00,3.074930e+00,2.542730e+00,3.015796e+00,2.838397e+00,3.311463e+00,3.074930e+00,3.488863e+00,2.897530e+00,3.252330e+00,4.434995e+00,4.316728e+00,3.725396e+00,4.671528e+00,4.139328e+00,4.494128e+00,4.139328e+00,3.961929e+00,4.730661e+00,5.321994e+00,5.795060e+00,4.967194e+00,6.327259e+00,5.795060e+00,6.149859e+00,5.795060e+00,6.504659e+00,6.741192e+00,7.095992e+00,6.977725e+00,6.504659e+00,6.504659e+00,7.982991e+00,7.036858e+00,7.273391e+00,7.332525e+00,8.396923e+00,8.810856e+00,7.332525e+00,8.810856e+00,8.929123e+00,1.005265e+01,8.692590e+00,8.633457e+00,1.040745e+01,8.929123e+00,1.082139e+01,1.135359e+01,1.058485e+01,1.058485e+01,1.164925e+01,1.300932e+01,1.182665e+01,1.182665e+01,1.229972e+01,1.295018e+01,1.407372e+01,1.413285e+01,1.413285e+01,1.235885e+01,1.348238e+01,1.360065e+01,1.525638e+01,1.365978e+01,1.519725e+01,1.460592e+01,1.431025e+01,1.360065e+01,1.519725e+01,1.519725e+01,1.543378e+01,1.448765e+01,1.271365e+01,1.330498e+01,1.448765e+01,1.531552e+01,1.336412e+01,1.330498e+01,1.466505e+01,1.567031e+01,1.360065e+01,1.224059e+01,1.395545e+01,1.425112e+01,1.318672e+01,1.365978e+01,1.253625e+01,1.135359e+01,1.164925e+01,9.579589e+00,1.005265e+01,1.034832e+01,1.111705e+01,8.042124e+00,9.224789e+00,8.929123e+00,7.095992e+00,8.810856e+00,7.509925e+00,6.386393e+00,6.268126e+00,5.617660e+00,6.504659e+00,5.972460e+00,5.440260e+00,5.262860e+00,4.848928e+00,4.967194e+00,4.789794e+00,4.908061e+00,3.193196e+00,3.843662e+00,2.897530e+00,3.370596e+00,3.074930e+00,4.021062e+00,2.128798e+00,2.542730e+00,2.187931e+00,2.483597e+00,1.892264e+00,2.424464e+00,1.951398e+00,1.005265e+00,1.360065e+00,1.182665e+00,1.478332e+00,1.241799e+00,1.182665e+00,4.730661e-01,8.278657e-01,1.182665e+00,1.241799e+00,8.869990e-01,1.182665e+00,1.005265e+00,7.687324e-01,8.278657e-01,6.504659e-01,7.095992e-01,6.504659e-01,8.278657e-01,3.547996e-01,7.687324e-01,3.547996e-01,7.095992e-01,5.913326e-01,4.730661e-01,5.913326e-01,7.095992e-01,4.730661e-01,4.139328e-01,3.547996e-01,5.321994e-01,4.730661e-01,4.730661e-01,5.913326e-01,4.730661e-01,4.139328e-01,2.956663e-01,5.321994e-01,5.913326e-01,4.139328e-01,4.730661e-01,4.730661e-01,6.504659e-01,6.504659e-01,7.095992e-01,7.095992e-01,5.321994e-01,4.730661e-01,2.956663e-01,6.504659e-01,5.321994e-01,7.687324e-01,8.869990e-01,6.504659e-01,5.321994e-01,6.504659e-01,5.913326e-01,2.956663e-01,2.956663e-01,5.321994e-01,6.504659e-01,5.913326e-01,4.730661e-01
7.687324e-01,4.139328e-01,5.321994e-01,5.913326e-01,3.547996e-01,6.504659e-01,4.139328e-01,5.913326e-01,1.005265e+00,4.730661e-01,2.365331e-01,5.321994e-01,5.913326e-01,5.913326e-01,2.365331e-01,4.730661e-01,3.547996e-01,5.321994e-01,7.687324e-01,7.687324e-01,8.278657e-01,7.095992e-01,9.461322e-01,4.730661e-01,5.913326e-01,3.547996e-01,5.913326e-01,6.504659e-01,8.278657e-01,8.869990e-01,8.278657e-01,7.095992e-01,4.139328e-01,4.730661e-01,6.504659e-01,1.182665e+00,5.913326e-01,8.869990e-01,1.241799e+00,1.005265e+00,1.064399e+00,1.064399e+00,1.182665e+00,4.139328e-01,7.095992e-01,1.478332e+00,8.869990e-01,1.005265e+00,1.300932e+00,7.687324e-01,1.005265e+00,8.869990e-01,9.461322e-01,8.869990e-01,5.321994e-01,1.182665e+00,1.300932e+00,9.461322e-01,1.833131e+00,1.064399e+00,1.241799e+00,1.123532e+00,1.300932e+00,9.461322e-01,1.773998e+00,1.360065e+00,2.424464e+00,1.655731e+00,1.360065e+00,8.278657e-01,1.833131e+00,1.773998e+00,2.069664e+00,1.655731e+00,1.241799e+00,1.951398e+00,1.714865e+00,1.419198e+00,2.306197e+00,1.537465e+00,2.542730e+00,2.010531e+00,1.892264e+00,2.601864e+00,2.542730e+00,2.365331e+00,2.601864e+00,2.365331e+00,2.542730e+00,1.951398e+00,2.956663e+00,2.365331e+00,2.601864e+00,3.134063e+00,2.956663e+00,3.488863e+00,3.252330e+00,2.779263e+00,3.311463e+00,2.897530e+00,3.134063e+00,3.252330e+00,3.961929e+00,4.612395e+00,3.547996e+00,4.375862e+00,4.198462e+00,3.607129e+00,3.961929e+00,4.139328e+00,4.730661e+00,4.375862e+00,5.321994e+00,4.316728e+00,4.789794e+00,6.327259e+00,5.440260e+00,5.972460e+00,5.321994e+00,6.386393e+00,5.972460e+00,7.273391e+00,7.509925e+00,6.031593e+00,5.913326e+00,5.854193e+00,7.391658e+00,7.509925e+00,7.746458e+00,8.101257e+00,7.923857e+00,8.692590e+00,9.934388e+00,8.988256e+00,9.283922e+00,7.509925e+00,1.005265e+01,9.047389e+00,9.638722e+00,1.011179e+01,9.165656e+00,9.875255e+00,1.005265e+01,1.253625e+01,1.247712e+01,1.170839e+01,1.300932e+01,1.259539e+01,1.253625e+01,1.224059e+01,1.348238e+01,1.153099e+01,1.265452e+01,1.377805e+01,1.419198e+01,1.371892e+01,1.407372e+01,1.478332e+01,1.567031e+01,1.348238e+01,1.543378e+01,1.484245e+01,1.496072e+01,1.496072e+01,1.348238e+01,1.620251e+01,1.436938e+01,1.407372e+01,1.513812e+01,1.513812e+01,1.324585e+01,1.501985e+01,1.501985e+01,1.466505e+01,1.383718e+01,1.259539e+01,1.247712e+01,1.212232e+01,1.247712e+01,1.206319e+01,1.135359e+01,9.816122e+00,1.111705e+01,1.099879e+01,1.040745e+01,1.028919e+01,9.520455e+00,9.224789e+00,8.633457e+00,8.692590e+00,9.047389e+00,9.402189e+00,8.574323e+00,7.864724e+00,7.273391e+00,6.445526e+00,6.031593e+00,5.262860e+00,4.494128e+00,5.085461e+00,4.612395e+00,5.203727e+00,4.257595e+00,3.725396e+00,4.021062e+00,4.021062e+00,3.134063e+00,2.424464e+00,2.779263e+00,2.069664e+00,2.542730e+00,2.247064e+00,2.247064e+00,2.247064e+00,2.838397e+00,2.010531e+00,1.951398e+00,1.241799e+00,1.478332e+00,1.360065e+00,1.892264e+00,1.241799e+00,5.913326e-01,1.596598e+00,1.005265e+00,1.005265e+00,6.504659e-01,1.064399e+00,8.278657e-01,8.869990e-01,8.278657e-01,8.869990e-01,1.182665e+00,5.321994e-01,6.504659e-01,2.956663e-01,5.913326e-01,2.365331e-01,5.913326e-01,8.869990e-01,7.095992e-01,4.730661e-01,1.005265e+00,5.321994e-01,3.547996e-01,7.095992e-01,6.504659e-01,7.095992e-01,2.365331e-01,6.504659e-01,9.461322e-01,4.139328e-01,5.913326e-01,5.913326e-01,4.730661e-01,3.547996e-01,5.321994e-01,2.365331e-01,5.321994e-01,5.913326e-01,7.095992e-01,4.139328e-01,4.139328e-01,6.504659e-01,5.321994e-01,4.730661e-01,5.321994e-01,6.504659e-01,6.504659e-01,4.139328e-01,5.913326e-01,7.687324e-01,4.139328e-01,1.773998e-01,5.321994e-01,4.139328e-01,7.095992e-01,8.869990e-01,6.504659e-01,3.547996e-01
5.913326e-01,3.547996e-01,2.956663e-01,5.321994e-01,5.321994e-01,2.956663e-01,5.321994e-01,4.139328e-01,5.321994e-01,5.913326e-01,2.365331e-01,2.956663e-01,4.139328e-01,5.913326e-01,4.139328e-01,4.139328e-01,4.139328e-01,5.913326e-01,7.095992e-01,3.547996e-01,6.504659e-01,7.095992e-01,5.321994e-01,5.321994e-01,6.504659e-01,5.321994e-01,1.005265e+00,4.730661e-01,4.730661e-01,9.461322e-01,8.869990e-01,8.869990e-01,5.321994e-01,6.504659e-01,5.913326e-01,7.095992e-01,5.913326e-01,1.123532e+00,8.278657e-01,1.064399e+00,8.869990e-01,8.278657e-01,1.300932e+00,1.360065e+00,8.278657e-01,1.123532e+00,5.913326e-01,1.123532e+00,8.278657e-01,1.419198e+00,1.478332e+00,8.869990e-01,1.182665e+00,1.241799e+00,8.869990e-01,8.869990e-01,1.123532e+00,7.687324e-01,1.300932e+00,2.306197e+00,1.360065e+00,1.537465e+00,7.095992e-01,2.187931e+00,1.182665e+00,1.419198e+00,1.360065e+00,1.833131e+00,1.714865e+00,1.123532e+00,1.951398e+00,1.300932e+00,2.306197e+00,1.773998e+00,2.306197e+00,1.714865e+00,1.714865e+00,1.596598e+00,1.773998e+00,2.306197e+00,2.010531e+00,2.069664e+00,2.365331e+00,1.714865e+00,2.720130e+00,2.010531e+00,2.069664e+00,2.247064e+00,1.892264e+00,2.660997e+00,3.429729e+00,2.601864e+00,2.660997e+00,2.779263e+00,2.601864e+00,2.542730e+00,2.720130e+00,2.956663e+00,3.193196e+00,2.779263e+00,3.725396e+00,4.139328e+00,3.252330e+00,3.725396e+00,3.311463e+00,3.666262e+00,3.902795e+00,3.902795e+00,4.080195e+00,3.843662e+00,4.375862e+00,4.257595e+00,5.262860e+00,5.972460e+00,6.149859e+00,6.031593e+00,5.558527e+00,5.558527e+00,5.735927e+00,7.036858e+00,6.268126e+00,6.445526e+00,6.149859e+00,7.273391e+00,6.918592e+00,7.569058e+00,6.800325e+00,7.923857e+00,7.391658e+00,8.929123e+00,7.923857e+00,8.810856e+00,7.273391e+00,8.337790e+00,1.117619e+01,8.574323e+00,1.064399e+01,9.816122e+00,9.993522e+00,1.076225e+01,1.052572e+01,1.153099e+01,1.147185e+01,1.129445e+01,1.253625e+01,1.141272e+01,1.135359e+01,1.336412e+01,1.265452e+01,1.289105e+01,1.312758e+01,1.395545e+01,1.365978e+01,1.206319e+01,1.371892e+01,1.501985e+01,1.389632e+01,1.419198e+01,1.300932e+01,1.448765e+01,1.425112e+01,1.738518e+01,1.419198e+01,1.431025e+01,1.555205e+01,1.507898e+01,1.501985e+01,1.431025e+01,1.466505e+01,1.300932e+01,1.543378e+01,1.419198e+01,1.431025e+01,1.472418e+01,1.413285e+01,1.324585e+01,1.300932e+01,1.283192e+01,1.431025e+01,1.147185e+01,1.058485e+01,1.182665e+01,1.135359e+01,1.176752e+01,1.023005e+01,1.082139e+01,9.402189e+00,8.337790e+00,7.332525e+00,8.929123e+00,9.402189e+00,8.278657e+00,6.622926e+00,5.676793e+00,6.031593e+00,7.509925e+00,6.504659e+00,5.676793e+00,5.499394e+00,5.203727e+00,5.795060e+00,4.494128e+00,4.080195e+00,4.553261e+00,3.666262e+00,3.784529e+00,2.956663e+00,3.843662e+00,4.139328e+00,2.601864e+00,2.838397e+00,2.838397e+00,2.306197e+00,1.951398e+00,2.069664e+00,1.655731e+00,2.306197e+00,2.128798e+00,1.773998e+00,1.241799e+00,1.182665e+00,1.300932e+00,1.773998e+00,1.064399e+00,1.123532e+00,1.360065e+00,1.064399e+00,1.064399e+00,8.278657e-01,8.869990e-01,1.123532e+00,5.321994e-01,7.687324e-01,5.321994e-01,6.504659e-01,4.730661e-01,3.547996e-01,5.913326e-01,5.913326e-01,7.095992e-01,5.321994e-01,5.321994e-01,8.869990e-01,9.461322e-01,8.278657e-01,4.730661e-01,7.095992e-01,5.321994e-01,1.241799e+00,1.773998e-01,4.139328e-01,5.321994e-01,1.773998e-01,5.913326e-01,9.461322e-01,5.321994e-01,1.773998e-01,5.913326e-01,7.687324e-01,6.504659e-01,6.504659e-01,4.139328e-01,7.095992e-01,4.730661e-01,4.139328e-01,5.321994e-01,7.095992e-01,6.504659e-01,2.956663e-01,5.913326e-01,8.278657e-01,2.956663e-01,7.095992e-01,2.956663e-01,6.504659e-01,8.869990e-01,2.956663e-01,7.687324e-01,3.547996e-01,2.956663e-01
5.321994e-01,5.913326e-01,5.321994e-01,5.321994e-01,5.321994e-01,2.956663e-01,4.139328e-01,5.913326e-01,8.278657e-01,6.504659e-01,5.321994e-01,5.321994e-01,4.139328e-01,4.139328e-01,4.730661e-01,6.504659e-01,8.278657e-01,4.730661e-01,3.547996e-01,8.869990e-01,4.730661e-01,4.139328e-01,1.123532e+00,7.095992e-01,1.064399e+00,7.687324e-01,8.869990e-01,7.095992e-01,5.913326e-01,8.869990e-01,8.278657e-01,8.869990e-01,7.095992e-01,5.913326e-01,4.139328e-01,6.504659e-01,8.869990e-01,7.095992e-01,8.278657e-01,9.461322e-01,7.095992e-01,7.095992e-01,1.419198e+00,1.300932e+00,1.005265e+00,9.461322e-01,1.064399e+00,1.005265e+00,5.913326e-01,5.913326e-01,1.241799e+00,1.360065e+00,1.123532e+00,1.064399e+00,1.123532e+00,9.461322e-01,9.461322e-01,1.123532e+00,1.655731e+00,1.300932e+00,1.360065e+00,1.360065e+00,1.360065e+00,1.360065e+00,1.300932e+00,1.596598e+00,1.300932e+00,1.892264e+00,1.478332e+00,1.714865e+00,1.537465e+00,1.360065e+00,1.773998e+00,1.655731e+00,1.773998e+00,1.182665e+00,1.833131e+00,2.483597e+00,1.537465e+00,2.365331e+00,2.483597e+00,2.187931e+00,2.128798e+00,1.537465e+00,2.365331e+00,1.123532e+00,2.838397e+00,3.488863e+00,2.424464e+00,2.365331e+00,2.897530e+00,3.488863e+00,3.429729e+00,2.897530e+00,2.897530e+00,3.015796e+00,3.488863e+00,3.015796e+00,3.311463e+00,4.375862e+00,3.902795e+00,3.488863e+00,3.370596e+00,3.134063e+00,3.961929e+00,3.488863e+00,4.316728e+00,3.902795e+00,4.434995e+00,4.848928e+00,4.139328e+00,4.316728e+00,4.967194e+00,4.908061e+00,5.617660e+00,4.908061e+00,4.257595e+00,5.735927e+00,6.386393e+00,5.558527e+00,5.617660e+00,6.859459e+00,6.682059e+00,7.391658e+00,6.800325e+00,7.746458e+00,7.509925e+00,6.386393e+00,8.160390e+00,6.208993e+00,7.923857e+00,8.574323e+00,7.746458e+00,8.396923e+00,9.816122e+00,1.017092e+01,9.106523e+00,8.160390e+00,1.034832e+01,9.756989e+00,1.046659e+01,1.111705e+01,1.170839e+01,1.123532e+01,9.461322e+00,1.241799e+01,1.224059e+01,1.200405e+01,1.377805e+01,1.360065e+01,1.241799e+01,1.247712e+01,1.377805e+01,1.348238e+01,1.395545e+01,1.259539e+01,1.306845e+01,1.413285e+01,1.425112e+01,1.478332e+01,1.525638e+01,1.460592e+01,1.383718e+01,1.667558e+01,1.501985e+01,1.543378e+01,1.484245e+01,1.501985e+01,1.194492e+01,1.413285e+01,1.300932e+01,1.342325e+01,1.277279e+01,1.312758e+01,1.295018e+01,1.425112e+01,1.419198e+01,1.212232e+01,1.289105e+01,1.312758e+01,1.182665e+01,1.354152e+01,1.147185e+01,1.034832e+01,9.520455e+00,1.064399e+01,8.396923e+00,9.461322e+00,9.875255e+00,8.574323e+00,8.692590e+00,8.160390e+00,7.687324e+00,7.569058e+00,7.036858e+00,6.918592e+00,5.085461e+00,4.612395e+00,6.090726e+00,5.854193e+00,4.848928e+00,4.967194e+00,4.553261e+00,4.139328e+00,4.021062e+00,3.725396e+00,3.666262e+00,3.784529e+00,2.720130e+00,2.306197e+00,2.660997e+00,2.601864e+00,2.010531e+00,2.010531e+00,2.601864e+00,1.833131e+00,1.537465e+00,1.655731e+00,1.182665e+00,1.478332e+00,1.300932e+00,8.869990e-01,1.241799e+00,7.687324e-01,9.461322e-01,7.687324e-01,9.461322e-01,8.869990e-01,4.730661e-01,1.300932e+00,1.123532e+00,6.504659e-01,1.064399e+00,6.504659e-01,5.321994e-01,1.241799e+00,7.095992e-01,7.095992e-01,4.139328e-01,7.687324e-01,3.547996e-01,6.504659e-01,4.730661e-01,5.913326e-01,5.321994e-01,8.278657e-01,4.730661e-01,2.365331e-01,5.913326e-01,5.321994e-01,3.547996e-01,3.547996e-01,5.321994e-01,3.547996e-01,4.730661e-01,5.913326e-01,2.956663e-01,5.321994e-01,7.687324e-01,8.278657e-01,3.547996e-01,5.321994e-01,7.095992e-01,6.504659e-01,4.730661e-01,5.321994e-01,5.913326e-01,4.730661e-01,5.913326e-01,2.365331e-01,5.321994e-01,4.730661e-01,3.547996e-01,7.095992e-01,5.913326e-01,4.730661e-01,5.321994e-01,4.139328e-01,5.321994e-01,2.365331e-01
5.321994e-01,6.504659e-01,7.687324e-01,4.139328e-01,7.095992e-01,8.278657e-01,4.139328e-01,8.278657e-01,7.095992e-01,4.139328e-01,5.321994e-01,3.547996e-01,4.730661e-01,2.956663e-01,5.913326e-01,2.365331e-01,7.687324e-01,6.504659e-01,7.095992e-01,7.687324e-01,1.773998e-01,4.139328e-01,7.095992e-01,3.547996e-01,5.321994e-01,7.095992e-01,3.547996e-01,7.095992e-01,8.869990e-01,7.095992e-01,1.005265e+00,7.687324e-01,5.321994e-01,7.687324e-01,5.913326e-01,8.278657e-01,8.869990e-01,8.278657e-01,8.278657e-01,9.461322e-01,9.461322e-01,8.869990e-01,4.139328e-01,8.278657e-01,1.123532e+00,1.064399e+00,1.241799e+00,8.869990e-01,1.182665e+00,8.869990e-01,8.869990e-01,1.064399e+00,7.687324e-01,7.095992e-01,1.064399e+00,8.278657e-01,1.123532e+00,1.182665e+00,1.596598e+00,1.005265e+00,1.360065e+00,1.537465e+00,1.360065e+00,1.300932e+00,1.300932e+00,1.596598e+00,1.537465e+00,1.360065e+00,2.010531e+00,1.478332e+00,1.655731e+00,1.537465e+00,2.069664e+00,2.069664e+00,1.419198e+00,2.128798e+00,1.537465e+00,2.187931e+00,2.187931e+00,1.951398e+00,2.128798e+00,1.833131e+00,2.306197e+00,1.833131e+00,1.892264e+00,2.247064e+00,3.074930e+00,2.247064e+00,2.010531e+00,2.306197e+00,2.779263e+00,3.311463e+00,3.015796e+00,2.779263e+00,3.193196e+00,3.134063e+00,3.015796e+00,2.779263e+00,3.429729e+00,4.198462e+00,3.370596e+00,3.666262e+00,3.370596e+00,3.784529e+00,4.967194e+00,4.316728e+00,3.666262e+00,4.139328e+00,3.902795e+00,4.434995e+00,5.676793e+00,5.381127e+00,5.203727e+00,5.440260e+00,4.553261e+00,5.854193e+00,6.090726e+00,5.972460e+00,5.321994e+00,6.149859e+00,7.095992e+00,6.800325e+00,5.558527e+00,6.268126e+00,6.208993e+00,7.036858e+00,7.923857e+00,7.746458e+00,8.751723e+00,7.923857e+00,7.214258e+00,6.977725e+00,8.574323e+00,7.923857e+00,1.040745e+01,1.023005e+01,9.461322e+00,1.064399e+01,9.934388e+00,1.141272e+01,9.579589e+00,9.756989e+00,1.088052e+01,1.111705e+01,1.123532e+01,1.046659e+01,1.247712e+01,1.224059e+01,1.147185e+01,1.413285e+01,1.259539e+01,1.401458e+01,1.431025e+01,1.277279e+01,1.348238e+01,1.371892e+01,1.401458e+01,1.513812e+01,1.496072e+01,1.365978e+01,1.377805e+01,1.572945e+01,1.561118e+01,1.549292e+01,1.602511e+01,1.442852e+01,1.413285e+01,1.330498e+01,1.425112e+01,1.454678e+01,1.360065e+01,1.448765e+01,1.377805e+01,1.419198e+01,1.259539e+01,1.383718e+01,1.247712e+01,1.235885e+01,1.253625e+01,1.182665e+01,1.170839e+01,1.082139e+01,1.253625e+01,1.141272e+01,1.200405e+01,9.697855e+00,9.165656e+00,9.047389e+00,9.875255e+00,8.456057e+00,7.746458e+00,7.746458e+00,6.859459e+00,6.386393e+00,7.332525e+00,6.977725e+00,5.499394e+00,5.854193e+00,5.026327e+00,5.085461e+00,4.494128e+00,4.553261e+00,4.257595e+00,4.612395e+00,3.488863e+00,3.666262e+00,3.134063e+00,4.257595e+00,2.306197e+00,3.015796e+00,2.720130e+00,1.833131e+00,2.483597e+00,2.601864e+00,1.773998e+00,1.714865e+00,1.773998e+00,1.182665e+00,1.478332e+00,1.300932e+00,1.360065e+00,1.064399e+00,9.461322e-01,1.064399e+00,1.123532e+00,1.241799e+00,1.005265e+00,1.064399e+00,7.687324e-01,4.730661e-01,8.869990e-01,4.730661e-01,3.547996e-01,8.869990e-01,5.913326e-01,7.687324e-01,8.278657e-01,4.730661e-01,4.730661e-01,4.730661e-01,4.139328e-01,5.913326e-01,7.095992e-01,2.365331e-01,6.504659e-01,4.730661e-01,6.504659e-01,6.504659e-01,6.504659e-01,5.321994e-01,7.687324e-01,5.321994e-01,7.095992e-01,2.956663e-01,4.139328e-01,4.730661e-01,5.913326e-01,5.321994e-01,4.139328e-01,7.687324e-01,9.461322e-01,8.278657e-01,7.687324e-01,1.773998e-01,3.547996e-01,3.547996e-01,7.687324e-01,2.365331e-01,5.913326e-01,4.139328e-01,5.913326e-01,2.956663e-01,4.139328e-01,4.139328e-01,1.773998e-01,7.687324e-01,5.321994e-01,2.956663e-01,4.139328e-01,5.321994e-01
7.687324e-01,5.913326e-01,5.321994e-01,1.005265e+00,6.504659e-01,2.956663e-01,4.730661e-01,5.913326e-01,7.687324e-01,2.365331e-01,5.321994e-01,7.095992e-01,7.095992e-01,7.687324e-01,5.913326e-01,7.687324e-01,7.687324e-01,5.321994e-01,5.321994e-01,6.504659e-01,6.504659e-01,9.461322e-01,7.687324e-01,4.730661e-01,8.278657e-01,6.504659e-01,8.278657e-01,7.687324e-01,1.005265e+00,3.547996e-01,3.547996e-01,9.461322e-01,5.321994e-01,7.095992e-01,5.321994e-01,8.278657e-01,7.687324e-01,7.095992e-01,9.461322e-01,6.504659e-01,6.504659e-01,1.360065e+00,1.064399e+00,8.869990e-01,1.241799e+00,4.730661e-01,7.687324e-01,1.182665e+00,1.005265e+00,1.123532e+00,1.419198e+00,1.182665e+00,8.278657e-01,1.241799e+00,1.596598e+00,1.951398e+00,1.300932e+00,1.360065e+00,7.095992e-01,1.182665e+00,8.869990e-01,1.478332e+00,1.300932e+00,1.714865e+00,1.655731e+00,1.064399e+00,1.892264e+00,1.655731e+00,1.478332e+00,1.892264e+00,1.596598e+00,1.537465e+00,1.714865e+00,1.478332e+00,1.596598e+00,2.187931e+00,2.424464e+00,2.010531e+00,2.187931e+00,1.596598e+00,2.483597e+00,2.247064e+00,1.596598e+00,2.424464e+00,2.247064e+00,2.424464e+00,2.720130e+00,2.010531e+00,3.193196e+00,2.838397e+00,2.483597e+00,2.542730e+00,2.424464e+00,3.666262e+00,2.601864e+00,3.607129e+00,3.429729e+00,3.547996e+00,3.784529e+00,3.193196e+00,3.784529e+00,3.370596e+00,3.015796e+00,4.612395e+00,3.725396e+00,3.784529e+00,4.375862e+00,4.198462e+00,4.612395e+00,5.381127e+00,4.848928e+00,4.848928e+00,5.085461e+00,5.735927e+00,5.381127e+00,5.440260e+00,4.553261e+00,6.682059e+00,6.386393e+00,5.913326e+00,5.676793e+00,6.090726e+00,6.622926e+00,6.090726e+00,7.923857e+00,6.918592e+00,6.918592e+00,7.214258e+00,7.095992e+00,7.095992e+00,8.810856e+00,9.165656e+00,8.278657e+00,8.574323e+00,1.011179e+01,1.088052e+01,9.934388e+00,9.461322e+00,1.011179e+01,1.046659e+01,1.105792e+01,9.816122e+00,1.188579e+01,1.135359e+01,1.088052e+01,1.164925e+01,1.229972e+01,1.229972e+01,1.159012e+01,1.271365e+01,1.342325e+01,1.383718e+01,1.300932e+01,1.277279e+01,1.365978e+01,1.342325e+01,1.413285e+01,1.454678e+01,1.300932e+01,1.371892e+01,1.496072e+01,1.395545e+01,1.519725e+01,1.525638e+01,1.655731e+01,1.342325e+01,1.448765e+01,1.442852e+01,1.425112e+01,1.602511e+01,1.632078e+01,1.312758e+01,1.330498e+01,1.182665e+01,1.442852e+01,1.371892e+01,1.336412e+01,1.265452e+01,1.182665e+01,1.342325e+01,1.005265e+01,1.070312e+01,1.093965e+01,9.875255e+00,9.756989e+00,1.011179e+01,1.040745e+01,8.337790e+00,9.106523e+00,8.929123e+00,9.402189e+00,7.923857e+00,7.982991e+00,7.982991e+00,7.805591e+00,5.972460e+00,6.149859e+00,5.499394e+00,5.085461e+00,4.789794e+00,5.144594e+00,5.262860e+00,4.198462e+00,4.375862e+00,3.193196e+00,4.257595e+00,2.779263e+00,3.547996e+00,2.660997e+00,2.838397e+00,2.187931e+00,2.897530e+00,2.365331e+00,2.069664e+00,2.128798e+00,1.596598e+00,2.306197e+00,2.187931e+00,1.951398e+00,1.123532e+00,1.714865e+00,8.278657e-01,1.300932e+00,1.123532e+00,8.278657e-01,1.182665e+00,8.869990e-01,9.461322e-01,5.321994e-01,7.687324e-01,1.064399e+00,5.321994e-01,8.869990e-01,8.278657e-01,9.461322e-01,7.095992e-01,5.321994e-01,4.139328e-01,7.095992e-01,1.773998e-01,6.504659e-01,4.139328e-01,6.504659e-01,8.278657e-01,4.139328e-01,4.139328e-01,4.730661e-01,4.730661e-01,7.687324e-01,5.913326e-01,4.139328e-01,4.730661e-01,6.504659e-01,3.547996e-01,4.139328e-01,3.547996e-01,2.956663e-01,7.095992e-01,5.913326e-01,7.095992e-01,5.913326e-01,4.139328e-01,8.869990e-01,4.139328e-01,5.321994e-01,4.139328e-01,1.005265e+00,4.730661e-01,6.504659e-01,3.547996e-01,4.730661e-01,4.139328e-01,4.139328e-01,3.547996e-01,4.730661e-01,5.913326e-01,6.504659e-01,5.913326e-01,9.461322e-01,5.913326e-01
6.504659e-01,5.913326e-01,3.547996e-01,4.730661e-01,5.321994e-01,4.730661e-01,4.730661e-01,8.869990e-01,8.278657e-01,3.547996e-01,5.913326e-01,1.773998e-01,3.547996e-01,4.139328e-01,4.139328e-01,2.956663e-01,4.730661e-01,8.278657e-01,4.730661e-01,5.321994e-01,4.730661e-01,7.687324e-01,4.139328e-01,4.139328e-01,7.095992e-01,6.504659e-01,1.005265e+00,7.095992e-01,8.869990e-01,7.095992e-01,1.005265e+00,1.123532e+00,4.139328e-01,9.461322e-01,7.687324e-01,7.095992e-01,5.321994e-01,8.869990e-01,7.687324e-01,7.095992e-01,8.869990e-01,8.869990e-01,1.005265e+00,6.504659e-01,5.913326e-01,1.064399e+00,8.869990e-01,8.278657e-01,1.360065e+00,8.278657e-01,8.869990e-01,1.182665e+00,8.278657e-01,7.095992e-01,1.300932e+00,1.419198e+00,7.095992e-01,1.241799e+00,1.714865e+00,1.182665e+00,1.182665e+00,1.360065e+00,1.419198e+00,1.655731e+00,1.360065e+00,1.478332e+00,1.714865e+00,1.360065e+00,1.833131e+00,2.187931e+00,1.714865e+00,3.074930e+00,1.478332e+00,1.655731e+00,2.306197e+00,1.773998e+00,2.069664e+00,1.833131e+00,1.714865e+00,2.187931e+00,1.182665e+00,2.247064e+00,2.365331e+00,2.542730e+00,1.833131e+00,1.951398e+00,2.542730e+00,2.128798e+00,1.951398e+00,2.838397e+00,3.134063e+00,2.601864e+00,3.252330e+00,2.779263e+00,2.601864e+00,2.010531e+00,2.660997e+00,3.488863e+00,2.897530e+00,3.370596e+00,3.370596e+00,3.725396e+00,3.193196e+00,3.666262e+00,3.547996e+00,3.015796e+00,4.316728e+00,5.617660e+00,3.252330e+00,4.908061e+00,4.257595e+00,4.730661e+00,5.558527e+00,3.666262e+00,5.735927e+00,4.021062e+00,4.848928e+00,5.085461e+00,5.854193e+00,4.671528e+00,6.208993e+00,6.859459e+00,6.268126e+00,6.327259e+00,6.386393e+00,7.982991e+00,6.208993e+00,6.918592e+00,7.509925e+00,7.982991e+00,9.047389e+00,8.810856e+00,9.461322e+00,8.396923e+00,9.106523e+00,9.697855e+00,8.396923e+00,1.147185e+01,8.988256e+00,9.106523e+00,9.579589e+00,1.058485e+01,1.141272e+01,9.993522e+00,1.147185e+01,1.253625e+01,1.153099e+01,1.182665e+01,1.093965e+01,1.218145e+01,1.241799e+01,1.153099e+01,1.312758e+01,1.360065e+01,1.300932e+01,1.354152e+01,1.460592e+01,1.182665e+01,1.448765e+01,1.555205e+01,1.401458e+01,1.377805e+01,1.431025e+01,1.543378e+01,1.490158e+01,1.354152e+01,1.460592e+01,1.348238e+01,1.407372e+01,1.431025e+01,1.300932e+01,1.389632e+01,1.348238e+01,1.318672e+01,1.395545e+01,1.342325e+01,1.354152e+01,1.271365e+01,1.176752e+01,1.093965e+01,1.354152e+01,1.176752e+01,1.040745e+01,1.206319e+01,1.176752e+01,8.574323e+00,9.993522e+00,9.697855e+00,9.224789e+00,9.697855e+00,8.101257e+00,9.106523e+00,7.805591e+00,6.977725e+00,6.504659e+00,6.090726e+00,5.913326e+00,6.622926e+00,5.499394e+00,5.203727e+00,5.440260e+00,4.967194e+00,4.080195e+00,4.375862e+00,3.015796e+00,3.725396e+00,3.311463e+00,2.779263e+00,3.015796e+00,2.601864e+00,2.010531e+00,2.069664e+00,2.483597e+00,1.714865e+00,1.064399e+00,2.128798e+00,1.714865e+00,1.300932e+00,2.306197e+00,2.010531e+00,1.537465e+00,1.005265e+00,1.064399e+00,1.419198e+00,8.278657e-01,7.095992e-01,6.504659e-01,8.278657e-01,7.687324e-01,1.241799e+00,7.095992e-01,1.300932e+00,6.504659e-01,5.913326e-01,5.321994e-01,6.504659e-01,4.730661e-01,5.321994e-01,9.461322e-01,5.913326e-01,9.461322e-01,4.730661e-01,5.321994e-01,5.321994e-01,5.321994e-01,5.913326e-01,7.687324e-01,5.913326e-01,2.956663e-01,5.321994e-01,3.547996e-01,1.773998e-01,5.321994e-01,5.913326e-01,8.278657e-01,4.730661e-01,6.504659e-01,5.321994e-01,6.504659e-01,5.913326e-01,3.547996e-01,4.730661e-01,6.504659e-01,4.730661e-01,2.365331e-01,6.504659e-01,2.956663e-01,4.730661e-01,5.321994e-01,2.365331e-01,3.547996e-01,7.687324e-01,4.730661e-01,5.321994e-01,3.547996e-01,5.913326e-01,8.869990e-01,2.365331e-01,4.139328e-01,4.139328e-01
6.504659e-01,2.365331e-01,1.773998e-01,7.095992e-01,6.504659e-01,5.913326e-01,2.956663e-01,7.687324e-01,5.913326e-01,4.730661e-01,7.687324e-01,4.139328e-01,3.547996e-01,4.730661e-01,3.547996e-01,4.730661e-01,4.730661e-01,5.321994e-01,6.504659e-01,2.956663e-01,6.504659e-01,4.730661e-01,7.687324e-01,5.913326e-01,5.913326e-01,7.095992e-01,5.321994e-01,1.005265e+00,6.504659e-01,6.504659e-01,9.461322e-01,1.005265e+00,8.278657e-01,7.687324e-01,1.241799e+00,1.123532e+00,5.913326e-01,7.687324e-01,1.478332e+00,6.504659e-01,5.913326e-01,9.461322e-01,8.278657e-01,1.182665e+00,8.869990e-01,7.095992e-01,1.182665e+00,1.005265e+00,9.461322e-01,1.182665e+00,1.182665e+00,8.869990e-01,1.064399e+00,8.869990e-01,1.123532e+00,8.869990e-01,1.360065e+00,7.095992e-01,1.064399e+00,1.064399e+00,1.537465e+00,1.478332e+00,1.360065e+00,1.241799e+00,1.714865e+00,1.300932e+00,1.360065e+00,2.897530e+00,1.241799e+00,1.360065e+00,1.419198e+00,1.833131e+00,1.596598e+00,1.596598e+00,1.537465e+00,2.069664e+00,2.542730e+00,2.483597e+00,2.010531e+00,2.424464e+00,2.424464e+00,2.838397e+00,2.483597e+00,2.720130e+00,2.069664e+00,2.306197e+00,2.897530e+00,1.833131e+00,2.897530e+00,2.247064e+00,2.720130e+00,2.187931e+00,1.773998e+00,2.424464e+00,3.193196e+00,3.015796e+00,3.843662e+00,2.483597e+00,2.956663e+00,3.074930e+00,3.134063e+00,3.666262e+00,4.198462e+00,3.725396e+00,4.080195e+00,3.666262e+00,4.612395e+00,5.558527e+00,5.321994e+00,4.434995e+00,3.843662e+00,6.149859e+00,5.085461e+00,5.262860e+00,3.902795e+00,4.257595e+00,5.913326e+00,5.203727e+00,7.569058e+00,6.504659e+00,6.977725e+00,6.149859e+00,7.391658e+00,6.268126e+00,7.391658e+00,6.859459e+00,6.504659e+00,6.800325e+00,8.456057e+00,8.278657e+00,8.396923e+00,8.988256e+00,9.106523e+00,7.923857e+00,8.869990e+00,9.993522e+00,1.023005e+01,9.402189e+00,9.875255e+00,1.076225e+01,1.153099e+01,1.200405e+01,9.579589e+00,1.212232e+01,1.170839e+01,1.028919e+01,1.300932e+01,1.241799e+01,1.436938e+01,1.218145e+01,1.289105e+01,1.348238e+01,1.419198e+01,1.407372e+01,1.365978e+01,1.431025e+01,1.295018e+01,1.188579e+01,1.419198e+01,1.164925e+01,1.324585e+01,1.478332e+01,1.360065e+01,1.431025e+01,1.395545e+01,1.235885e+01,1.383718e+01,1.460592e+01,1.590685e+01,1.354152e+01,1.389632e+01,1.283192e+01,1.318672e+01,1.300932e+01,1.484245e+01,1.383718e+01,1.371892e+01,1.188579e+01,1.164925e+01,1.235885e+01,1.253625e+01,1.159012e+01,1.123532e+01,1.117619e+01,1.023005e+01,1.058485e+01,1.135359e+01,8.810856e+00,8.810856e+00,8.988256e+00,8.456057e+00,9.875255e+00,7.509925e+00,6.327259e+00,6.622926e+00,7.036858e+00,6.622926e+00,4.908061e+00,6.268126e+00,4.671528e+00,4.553261e+00,4.434995e+00,4.789794e+00,3.961929e+00,3.193196e+00,4.848928e+00,3.547996e+00,3.074930e+00,3.547996e+00,2.306197e+00,2.720130e+00,2.660997e+00,2.128798e+00,1.596598e+00,1.833131e+00,2.010531e+00,1.892264e+00,1.537465e+00,1.655731e+00,1.182665e+00,1.123532e+00,1.360065e+00,8.278657e-01,9.461322e-01,1.182665e+00,1.833131e+00,7.095992e-01,6.504659e-01,7.095992e-01,7.687324e-01,5.913326e-01,6.504659e-01,7.095992e-01,7.687324e-01,6.504659e-01,3.547996e-01,7.095992e-01,5.913326e-01,7.095992e-01,5.913326e-01,5.321994e-01,5.913326e-01,6.504659e-01,4.730661e-01,6.504659e-01,5.913326e-01,6.504659e-01,2.956663e-01,6.504659e-01,2.956663e-01,5.321994e-01,4.730661e-01,1.773998e-01,1.773998e-01,3.547996e-01,5.913326e-01,4.730661e-01,3.547996e-01,2.956663e-01,7.095992e-01,5.321994e-01,7.095992e-01,6.504659e-01,3.547996e-01,8.869990e-01,3.547996e-01,4.730661e-01,2.956663e-01,4.730661e-01,1.005265e+00,5.321994e-01,5.913326e-01,4.730661e-01,6.504659e-01,6.504659e-01,3.547996e-01,5.321994e-01,6.504659e-01,2.956663e-01,3.547996e-01
3.547996e-01,8.278657e-01,8.278657e-01,3.547996e-01,4.730661e-01,6.504659e-01,1.123532e+00,6.504659e-01,7.687324e-01,6.504659e-01,7.095992e-01,5.321994e-01,5.321994e-01,3.547996e-01,4.730661e-01,5.321994e-01,7.095992e-01,8.278657e-01,7.095992e-01,7.095992e-01,7.095992e-01,5.913326e-01,7.687324e-01,5.321994e-01,1.064399e+00,4.730661e-01,5.913326e-01,5.913326e-01,6.504659e-01,7.095992e-01,8.278657e-01,7.687324e-01,5.321994e-01,1.005265e+00,8.869990e-01,7.687324e-01,8.869990e-01,8.278657e-01,7.095992e-01,5.321994e-01,1.064399e+00,9.461322e-01,1.064399e+00,1.123532e+00,1.300932e+00,8.869990e-01,7.687324e-01,7.687324e-01,1.064399e+00,8.278657e-01,8.869990e-01,7.687324e-01,9.461322e-01,1.064399e+00,1.241799e+00,1.123532e+00,1.064399e+00,1.182665e+00,1.241799e+00,1.596598e+00,1.300932e+00,1.182665e+00,1.478332e+00,1.123532e+00,1.241799e+00,1.360065e+00,1.182665e+00,1.005265e+00,1.241799e+00,1.951398e+00,1.241799e+00,1.655731e+00,1.951398e+00,2.069664e+00,2.128798e+00,1.596598e+00,2.187931e+00,1.773998e+00,2.187931e+00,1.714865e+00,2.720130e+00,2.306197e+00,2.542730e+00,2.542730e+00,2.247064e+00,2.128798e+00,1.951398e+00,2.424464e+00,2.720130e+00,3.488863e+00,3.311463e+00,3.015796e+00,2.720130e+00,3.074930e+00,3.193196e+00,3.547996e+00,2.956663e+00,3.193196e+00,3.666262e+00,2.897530e+00,4.139328e+00,3.607129e+00,4.730661e+00,3.961929e+00,4.257595e+00,4.021062e+00,4.198462e+00,4.612395e+00,4.789794e+00,4.375862e+00,5.558527e+00,5.321994e+00,6.149859e+00,5.676793e+00,5.203727e+00,5.144594e+00,4.434995e+00,4.967194e+00,4.612395e+00,6.504659e+00,6.208993e+00,7.687324e+00,5.735927e+00,6.504659e+00,6.977725e+00,7.509925e+00,8.751723e+00,7.332525e+00,7.214258e+00,7.982991e+00,8.515190e+00,7.805591e+00,9.106523e+00,9.520455e+00,9.343056e+00,9.461322e+00,1.011179e+01,1.076225e+01,9.343056e+00,8.810856e+00,1.093965e+01,1.058485e+01,1.229972e+01,1.082139e+01,1.153099e+01,1.046659e+01,1.247712e+01,1.277279e+01,1.188579e+01,1.253625e+01,1.342325e+01,1.365978e+01,1.342325e+01,1.235885e+01,1.371892e+01,1.354152e+01,1.460592e+01,1.419198e+01,1.561118e+01,1.431025e+01,1.342325e+01,1.371892e+01,1.360065e+01,1.525638e+01,1.578858e+01,1.295018e+01,1.383718e+01,1.354152e+01,1.643905e+01,1.507898e+01,1.496072e+01,1.318672e+01,1.401458e+01,1.289105e+01,1.312758e+01,1.324585e+01,1.419198e+01,1.259539e+01,1.182665e+01,1.200405e+01,1.093965e+01,1.093965e+01,1.129445e+01,1.028919e+01,9.343056e+00,1.040745e+01,1.105792e+01,9.343056e+00,9.106523e+00,7.864724e+00,8.633457e+00,7.805591e+00,7.332525e+00,8.278657e+00,6.386393e+00,6.090726e+00,6.504659e+00,5.026327e+00,5.440260e+00,4.375862e+00,5.617660e+00,5.144594e+00,4.553261e+00,4.553261e+00,2.956663e+00,4.021062e+00,2.660997e+00,3.134063e+00,3.015796e+00,2.601864e+00,2.306197e+00,2.542730e+00,1.773998e+00,1.833131e+00,2.720130e+00,1.773998e+00,1.478332e+00,1.300932e+00,1.833131e+00,1.596598e+00,8.869990e-01,1.892264e+00,1.182665e+00,9.461322e-01,1.064399e+00,1.064399e+00,8.869990e-01,9.461322e-01,1.064399e+00,1.005265e+00,5.913326e-01,5.913326e-01,6.504659e-01,8.869990e-01,4.730661e-01,8.278657e-01,1.123532e+00,6.504659e-01,5.913326e-01,7.687324e-01,5.321994e-01,3.547996e-01,4.139328e-01,7.687324e-01,5.321994e-01,6.504659e-01,4.730661e-01,2.956663e-01,2.956663e-01,5.321994e-01,2.956663e-01,2.956663e-01,6.504659e-01,1.773998e-01,5.321994e-01,7.095992e-01,3.547996e-01,5.321994e-01,2.956663e-01,4.730661e-01,1.773998e-01,3.547996e-01,4.139328e-01,4.730661e-01,5.321994e-01,7.095992e-01,4.139328e-01,5.913326e-01,2.956663e-01,4.139328e-01,4.730661e-01,7.687324e-01,4.139328e-01,5.321994e-01,7.095992e-01,6.504659e-01,5.913326e-01,6.504659e-01,4.139328e-01,7.687324e-01
2.956663e-01,5.913326e-01,6.504659e-01,2.365331e-01,4.730661e-01,4.730661e-01,4.139328e-01,6.504659e-01,4.139328e-01,8.278657e-01,7.095992e-01,2.956663e-01,6.504659e-01,6.504659e-01,7.687324e-01,6.504659e-01,5.321994e-01,5.913326e-01,8.278657e-01,7.095992e-01,7.095992e-01,7.095992e-01,5.913326e-01,5.321994e-01,3.547996e-01,6.504659e-01,7.687324e-01,8.869990e-01,4.139328e-01,6.504659e-01,4.730661e-01,1.005265e+00,8.278657e-01,5.321994e-01,1.064399e+00,8.278657e-01,8.869990e-01,7.095992e-01,6.504659e-01,7.687324e-01,5.913326e-01,1.241799e+00,6.504659e-01,7.095992e-01,5.913326e-01,8.869990e-01,1.182665e+00,1.064399e+00,1.123532e+00,1.005265e+00,1.123532e+00,8.869990e-01,6.504659e-01,1.182665e+00,8.869990e-01,1.655731e+00,1.596598e+00,7.095992e-01,1.300932e+00,1.182665e+00,1.005265e+00,1.300932e+00,1.300932e+00,1.478332e+00,1.300932e+00,1.419198e+00,1.478332e+00,1.655731e+00,1.655731e+00,1.773998e+00,1.892264e+00,2.010531e+00,2.483597e+00,1.655731e+00,2.010531e+00,1.951398e+00,2.542730e+00,2.069664e+00,1.892264e+00,2.069664e+00,2.069664e+00,1.773998e+00,1.714865e+00,2.069664e+00,1.596598e+00,2.601864e+00,2.365331e+00,2.128798e+00,2.483597e+00,3.074930e+00,2.010531e+00,2.720130e+00,2.838397e+00,2.660997e+00,2.779263e+00,3.429729e+00,3.902795e+00,3.311463e+00,4.257595e+00,4.021062e+00,4.198462e+00,3.370596e+00,3.725396e+00,3.607129e+00,3.666262e+00,3.843662e+00,3.902795e+00,4.316728e+00,4.316728e+00,5.144594e+00,4.316728e+00,5.854193e+00,4.553261e+00,5.558527e+00,5.144594e+00,5.381127e+00,4.908061e+00,5.676793e+00,5.203727e+00,5.617660e+00,6.563792e+00,6.268126e+00,5.676793e+00,6.800325e+00,5.972460e+00,6.682059e+00,6.918592e+00,6.859459e+00,8.101257e+00,8.633457e+00,8.160390e+00,8.456057e+00,9.461322e+00,9.579589e+00,9.343056e+00,1.070312e+01,1.005265e+01,8.810856e+00,1.011179e+01,1.023005e+01,1.034832e+01,1.052572e+01,1.040745e+01,1.058485e+01,1.129445e+01,1.212232e+01,1.253625e+01,1.176752e+01,1.099879e+01,1.224059e+01,1.354152e+01,1.229972e+01,1.425112e+01,1.383718e+01,1.336412e+01,1.377805e+01,1.419198e+01,1.448765e+01,1.389632e+01,1.513812e+01,1.295018e+01,1.318672e+01,1.602511e+01,1.354152e+01,1.324585e+01,1.632078e+01,1.561118e+01,1.212232e+01,1.431025e+01,1.389632e+01,1.229972e+01,1.478332e+01,1.336412e+01,1.365978e+01,1.330498e+01,1.295018e+01,1.271365e+01,1.224059e+01,1.070312e+01,1.235885e+01,1.111705e+01,1.159012e+01,1.170839e+01,1.123532e+01,9.697855e+00,9.816122e+00,1.005265e+01,9.579589e+00,9.461322e+00,8.160390e+00,7.746458e+00,7.923857e+00,6.800325e+00,6.859459e+00,7.214258e+00,5.735927e+00,5.795060e+00,5.617660e+00,5.440260e+00,4.848928e+00,5.144594e+00,5.085461e+00,3.488863e+00,4.316728e+00,3.961929e+00,2.660997e+00,3.547996e+00,2.306197e+00,3.666262e+00,3.311463e+00,2.306197e+00,2.365331e+00,2.128798e+00,1.833131e+00,1.892264e+00,2.010531e+00,1.892264e+00,1.360065e+00,1.182665e+00,1.892264e+00,1.360065e+00,1.005265e+00,1.419198e+00,1.300932e+00,8.278657e-01,7.687324e-01,1.123532e+00,1.182665e+00,1.005265e+00,6.504659e-01,6.504659e-01,7.095992e-01,3.547996e-01,5.321994e-01,1.064399e+00,7.687324e-01,7.687324e-01,7.095992e-01,2.365331e-01,6.504659e-01,5.913326e-01,2.956663e-01,4.730661e-01,5.913326e-01,4.139328e-01,4.139328e-01,3.547996e-01,1.005265e+00,2.956663e-01,6.504659e-01,4.139328e-01,6.504659e-01,4.730661e-01,5.321994e-01,2.956663e-01,5.913326e-01,5.321994e-01,7.095992e-01,2.956663e-01,4.730661e-01,5.321994e-01,4.139328e-01,4.139328e-01,4.730661e-01,4.730661e-01,1.182665e-01,6.504659e-01,3.547996e-01,5.913326e-01,2.365331e-01,4.139328e-01,4.139328e-01,2.956663e-01,1.064399e+00,1.773998e-01,4.730661e-01,2.956663e-01,4.139328e-01,5.321994e-01,5.321994e-01
5.913326e-01,7.095992e-01,5.913326e-01,4.730661e-01,5.913326e-01,5.913326e-01,2.956663e-01,8.278657e-01,5.913326e-01,1.064399e+00,2.365331e-01,4.730661e-01,7.095992e-01,5.913326e-01,2.365331e-01,5.913326e-01,5.321994e-01,1.064399e+00,5.321994e-01,8.278657e-01,8.278657e-01,7.687324e-01,4.730661e-01,7.095992e-01,6.504659e-01,5.321994e-01,1.005265e+00,5.913326e-01,4.139328e-01,5.321994e-01,7.095992e-01,4.730661e-01,9.461322e-01,8.278657e-01,1.123532e+00,7.687324e-01,5.913326e-01,6.504659e-01,1.064399e+00,6.504659e-01,1.064399e+00,9.461322e-01,9.461322e-01,8.869990e-01,7.687324e-01,8.869990e-01,1.005265e+00,1.182665e+00,1.123532e+00,1.537465e+00,1.419198e+00,1.182665e+00,1.300932e+00,1.123532e+00,1.182665e+00,1.182665e+00,1.123532e+00,1.064399e+00,8.869990e-01,1.360065e+00,1.300932e+00,1.123532e+00,1.655731e+00,1.892264e+00,1.596598e+00,1.892264e+00,1.892264e+00,1.478332e+00,1.241799e+00,1.833131e+00,2.010531e+00,2.187931e+00,1.537465e+00,1.478332e+00,2.069664e+00,2.069664e+00,1.892264e+00,1.892264e+00,2.187931e+00,2.128798e+00,2.483597e+00,2.128798e+00,2.010531e+00,2.424464e+00,2.069664e+00,2.306197e+00,2.542730e+00,2.010531e+00,2.483597e+00,2.365331e+00,2.247064e+00,3.252330e+00,3.015796e+00,3.015796e+00,3.370596e+00,3.547996e+00,2.897530e+00,3.429729e+00,2.897530e+00,3.252330e+00,3.961929e+00,3.961929e+00,3.252330e+00,4.730661e+00,4.080195e+00,4.375862e+00,4.198462e+00,4.139328e+00,4.021062e+00,4.021062e+00,4.671528e+00,5.972460e+00,5.617660e+00,4.848928e+00,5.262860e+00,5.735927e+00,6.208993e+00,5.262860e+00,5.381127e+00,5.085461e+00,5.854193e+00,6.859459e+00,6.622926e+00,7.155125e+00,6.622926e+00,7.628191e+00,6.268126e+00,7.391658e+00,7.450791e+00,8.219524e+00,7.864724e+00,8.692590e+00,8.456057e+00,8.692590e+00,9.165656e+00,1.005265e+01,9.638722e+00,9.106523e+00,9.283922e+00,1.058485e+01,1.040745e+01,1.123532e+01,1.105792e+01,1.040745e+01,1.017092e+01,1.218145e+01,1.271365e+01,1.147185e+01,1.170839e+01,1.324585e+01,1.271365e+01,1.395545e+01,1.330498e+01,1.501985e+01,1.330498e+01,1.324585e+01,1.389632e+01,1.383718e+01,1.229972e+01,1.342325e+01,1.507898e+01,1.436938e+01,1.537465e+01,1.472418e+01,1.348238e+01,1.283192e+01,1.454678e+01,1.336412e+01,1.389632e+01,1.371892e+01,1.472418e+01,1.330498e+01,1.383718e+01,1.241799e+01,1.295018e+01,1.312758e+01,1.265452e+01,1.300932e+01,1.253625e+01,1.141272e+01,1.194492e+01,1.194492e+01,1.218145e+01,1.076225e+01,1.076225e+01,9.520455e+00,9.343056e+00,9.756989e+00,9.047389e+00,9.224789e+00,7.628191e+00,7.036858e+00,7.687324e+00,8.278657e+00,6.563792e+00,6.386393e+00,5.262860e+00,6.090726e+00,4.612395e+00,6.445526e+00,4.257595e+00,4.612395e+00,4.198462e+00,4.553261e+00,3.488863e+00,3.311463e+00,3.252330e+00,2.779263e+00,2.838397e+00,3.252330e+00,3.015796e+00,2.601864e+00,2.069664e+00,1.478332e+00,1.714865e+00,1.182665e+00,2.365331e+00,1.833131e+00,2.306197e+00,1.655731e+00,1.241799e+00,1.478332e+00,5.913326e-01,1.241799e+00,1.064399e+00,1.005265e+00,1.064399e+00,1.123532e+00,8.869990e-01,6.504659e-01,6.504659e-01,6.504659e-01,5.913326e-01,6.504659e-01,7.687324e-01,7.687324e-01,2.956663e-01,5.321994e-01,8.278657e-01,8.278657e-01,6.504659e-01,4.139328e-01,3.547996e-01,5.913326e-01,5.321994e-01,4.730661e-01,7.095992e-01,5.321994e-01,5.913326e-01,7.095992e-01,4.139328e-01,3.547996e-01,3.547996e-01,3.547996e-01,5.913326e-01,4.139328e-01,6.504659e-01,8.278657e-01,7.095992e-01,7.095992e-01,4.139328e-01,5.321994e-01,4.730661e-01,4.139328e-01,4.730661e-01,5.321994e-01,2.365331e-01,7.095992e-01,5.913326e-01,4.139328e-01,7.095992e-01,6.504659e-01,5.321994e-01,5.321994e-01,5.913326e-02,3.547996e-01,5.913326e-01,2.956663e-01,4.730661e-01,5.913326e-01
2.365331e-01,5.321994e-01,5.321994e-01,4.730661e-01,6.504659e-01,4.730661e-01,2.956663e-01,3.547996e-01,6.504659e-01,8.278657e-01,8.278657e-01,5.321994e-01,6.504659e-01,7.095992e-01,4.139328e-01,7.095992e-01,7.095992e-01,8.869990e-01,6.504659e-01,5.913326e-01,7.095992e-01,7.095992e-01,8.869990e-01,9.461322e-01,1.123532e+00,6.504659e-01,1.064399e+00,4.730661e-01,9.461322e-01,7.687324e-01,6.504659e-01,6.504659e-01,1.005265e+00,8.278657e-01,7.687324e-01,9.461322e-01,9.461322e-01,9.461322e-01,8.869990e-01,7.687324e-01,8.869990e-01,5.913326e-01,1.005265e+00,1.241799e+00,7.687324e-01,9.461322e-01,9.461322e-01,1.123532e+00,9.461322e-01,6.504659e-01,9.461322e-01,1.478332e+00,9.461322e-01,1.123532e+00,1.182665e+00,9.461322e-01,1.182665e+00,1.655731e+00,1.182665e+00,1.064399e+00,1.064399e+00,1.360065e+00,1.300932e+00,1.478332e+00,1.419198e+00,1.123532e+00,1.360065e+00,2.069664e+00,1.833131e+00,1.360065e+00,1.833131e+00,2.306197e+00,1.478332e+00,1.951398e+00,2.483597e+00,1.537465e+00,2.128798e+00,1.537465e+00,2.424464e+00,2.306197e+00,2.069664e+00,2.483597e+00,1.833131e+00,2.128798e+00,2.128798e+00,1.951398e+00,2.601864e+00,2.424464e+00,3.074930e+00,2.956663e+00,3.488863e+00,2.897530e+00,2.365331e+00,3.015796e+00,2.897530e+00,3.784529e+00,3.252330e+00,3.252330e+00,2.838397e+00,3.252330e+00,3.074930e+00,3.193196e+00,4.494128e+00,4.671528e+00,4.434995e+00,4.316728e+00,4.080195e+00,4.671528e+00,5.499394e+00,5.026327e+00,4.908061e+00,4.789794e+00,4.612395e+00,5.203727e+00,6.031593e+00,4.789794e+00,5.262860e+00,4.908061e+00,5.676793e+00,6.682059e+00,7.628191e+00,5.676793e+00,5.735927e+00,6.859459e+00,7.569058e+00,8.278657e+00,7.805591e+00,6.859459e+00,7.569058e+00,8.278657e+00,9.756989e+00,7.273391e+00,8.101257e+00,7.746458e+00,8.337790e+00,1.028919e+01,9.875255e+00,9.402189e+00,9.697855e+00,9.047389e+00,9.756989e+00,1.058485e+01,1.105792e+01,1.111705e+01,1.123532e+01,1.224059e+01,1.099879e+01,1.159012e+01,1.277279e+01,1.425112e+01,1.241799e+01,1.324585e+01,1.360065e+01,1.454678e+01,1.229972e+01,1.253625e+01,1.342325e+01,1.336412e+01,1.283192e+01,1.543378e+01,1.484245e+01,1.360065e+01,1.425112e+01,1.490158e+01,1.271365e+01,1.454678e+01,1.336412e+01,1.602511e+01,1.395545e+01,1.395545e+01,1.525638e+01,1.478332e+01,1.247712e+01,1.218145e+01,1.247712e+01,1.277279e+01,1.283192e+01,1.147185e+01,1.283192e+01,1.076225e+01,1.111705e+01,1.023005e+01,1.206319e+01,1.135359e+01,9.579589e+00,9.106523e+00,9.520455e+00,9.638722e+00,8.810856e+00,9.165656e+00,8.101257e+00,7.391658e+00,8.278657e+00,6.327259e+00,6.090726e+00,6.563792e+00,5.735927e+00,6.741192e+00,4.612395e+00,4.671528e+00,4.375862e+00,4.908061e+00,3.902795e+00,4.375862e+00,3.843662e+00,3.074930e+00,3.784529e+00,3.666262e+00,3.193196e+00,3.311463e+00,2.424464e+00,2.306197e+00,2.069664e+00,2.010531e+00,2.306197e+00,1.655731e+00,1.714865e+00,2.069664e+00,1.951398e+00,1.537465e+00,1.478332e+00,1.714865e+00,1.005265e+00,1.182665e+00,1.005265e+00,1.064399e+00,8.869990e-01,9.461322e-01,8.869990e-01,7.095992e-01,6.504659e-01,7.095992e-01,7.687324e-01,3.547996e-01,8.278657e-01,7.095992e-01,2.365331e-01,5.913326e-01,5.321994e-01,1.005265e+00,8.278657e-01,5.321994e-01,7.095992e-01,4.139328e-01,6.504659e-01,4.730661e-01,5.321994e-01,2.365331e-01,5.321994e-01,3.547996e-01,8.278657e-01,7.095992e-01,5.913326e-01,7.095992e-01,6.504659e-01,5.321994e-01,6.504659e-01,5.321994e-01,5.913326e-01,4.730661e-01,3.547996e-01,4.730661e-01,6.504659e-01,3.547996e-01,4.139328e-01,5.321994e-01,5.321994e-01,7.687324e-01,2.956663e-01,6.504659e-01,5.321994e-01,4.730661e-01,4.139328e-01,5.321994e-01,5.321994e-01,5.321994e-01,8.278657e-01,5.913326e-01,4.139328e-01,3.547996e-01
4.139328e-01,5.913326e-01,3.547996e-01,5.913326e-01,7.687324e-01,5.913326e-01,3.547996e-01,4.730661e-01,7.095992e-01,1.005265e+00,8.869990e-01,3.547996e-01,4.730661e-01,1.123532e+00,8.278657e-01,8.869990e-01,4.730661e-01,3.547996e-01,7.095992e-01,1.005265e+00,4.730661e-01,7.095992e-01,9.461322e-01,5.321994e-01,8.278657e-01,5.913326e-01,1.182665e+00,5.913326e-01,4.139328e-01,9.461322e-01,5.913326e-01,8.278657e-01,8.278657e-01,1.005265e+00,1.300932e+00,4.730661e-01,1.064399e+00,8.869990e-01,1.419198e+00,5.321994e-01,8.278657e-01,8.869990e-01,1.123532e+00,8.869990e-01,1.064399e+00,1.182665e+00,8.278657e-01,1.123532e+00,8.278657e-01,1.360065e+00,1.300932e+00,8.869990e-01,1.300932e+00,1.300932e+00,1.300932e+00,1.596598e+00,1.655731e+00,1.419198e+00,2.010531e+00,1.537465e+00,1.655731e+00,1.182665e+00,1.241799e+00,1.596598e+00,1.655731e+00,1.419198e+00,1.773998e+00,1.537465e+00,1.596598e+00,1.537465e+00,1.419198e+00,1.773998e+00,1.892264e+00,1.419198e+00,2.365331e+00,2.187931e+00,2.069664e+00,1.714865e+00,1.892264e+00,1.951398e+00,2.720130e+00,2.187931e+00,2.010531e+00,2.247064e+00,2.187931e+00,2.720130e+00,2.424464e+00,2.483597e+00,3.074930e+00,2.956663e+00,2.424464e+00,2.838397e+00,2.424464e+00,3.961929e+00,2.838397e+00,2.956663e+00,3.725396e+00,3.370596e+00,3.666262e+00,3.666262e+00,3.134063e+00,3.547996e+00,4.494128e+00,3.252330e+00,4.848928e+00,4.671528e+00,3.547996e+00,4.021062e+00,4.198462e+00,2.838397e+00,4.257595e+00,4.671528e+00,5.499394e+00,5.795060e+00,5.381127e+00,5.913326e+00,6.208993e+00,6.682059e+00,5.144594e+00,5.972460e+00,6.268126e+00,7.391658e+00,6.149859e+00,5.735927e+00,6.268126e+00,6.504659e+00,8.456057e+00,7.391658e+00,7.746458e+00,8.515190e+00,6.800325e+00,7.982991e+00,9.165656e+00,8.751723e+00,9.106523e+00,8.278657e+00,9.224789e+00,9.875255e+00,9.638722e+00,9.934388e+00,1.099879e+01,9.047389e+00,1.040745e+01,1.052572e+01,1.218145e+01,1.194492e+01,1.229972e+01,1.182665e+01,1.194492e+01,1.159012e+01,1.348238e+01,1.324585e+01,1.395545e+01,1.431025e+01,1.442852e+01,1.295018e+01,1.425112e+01,1.324585e+01,1.431025e+01,1.229972e+01,1.472418e+01,1.460592e+01,1.383718e+01,1.425112e+01,1.389632e+01,1.720778e+01,1.425112e+01,1.377805e+01,1.507898e+01,1.395545e+01,1.306845e+01,1.283192e+01,1.271365e+01,1.259539e+01,1.330498e+01,1.342325e+01,1.253625e+01,1.348238e+01,1.265452e+01,1.147185e+01,1.289105e+01,1.070312e+01,1.040745e+01,1.023005e+01,1.040745e+01,9.402189e+00,8.456057e+00,7.628191e+00,7.450791e+00,8.633457e+00,7.155125e+00,7.628191e+00,8.869990e+00,6.327259e+00,7.569058e+00,7.095992e+00,6.090726e+00,5.795060e+00,4.671528e+00,4.434995e+00,5.795060e+00,4.434995e+00,4.848928e+00,3.607129e+00,3.429729e+00,4.198462e+00,3.074930e+00,3.429729e+00,3.666262e+00,2.838397e+00,2.128798e+00,2.601864e+00,2.247064e+00,2.424464e+00,1.833131e+00,2.010531e+00,1.773998e+00,1.655731e+00,1.300932e+00,1.892264e+00,1.537465e+00,8.869990e-01,8.869990e-01,1.123532e+00,8.869990e-01,6.504659e-01,5.321994e-01,7.095992e-01,5.913326e-01,1.241799e+00,7.687324e-01,6.504659e-01,9.461322e-01,4.730661e-01,5.321994e-01,4.730661e-01,5.913326e-01,6.504659e-01,5.321994e-01,5.913326e-01,5.321994e-01,4.139328e-01,5.321994e-01,1.773998e-01,8.278657e-01,6.504659e-01,7.095992e-01,5.321994e-01,3.547996e-01,4.139328e-01,2.365331e-01,6.504659e-01,3.547996e-01,9.461322e-01,7.687324e-01,4.139328e-01,9.461322e-01,7.095992e-01,1.182665e-01,2.365331e-01,4.730661e-01,5.913326e-01,5.913326e-01,1.773998e-01,4.139328e-01,4.730661e-01,7.095992e-01,2.956663e-01,7.095992e-01,5.913326e-01,6.504659e-01,4.730661e-01,3.547996e-01,7.095992e-01,5.321994e-01,4.139328e-01,5.321994e-01,7.095992e-01,5.321994e-01,7.095992e-01
6.504659e-01,5.913326e-01,5.913326e-01,5.913326e-01,9.461322e-01,5.913326e-01,2.956663e-01,5.913326e-01,5.913326e-01,7.095992e-01,8.869990e-01,4.730661e-01,8.278657e-01,8.869990e-01,7.687324e-01,6.504659e-01,5.913326e-01,5.321994e-01,5.321994e-01,2.365331e-01,6.504659e-01,7.095992e-01,7.687324e-01,5.913326e-01,1.241799e+00,5.321994e-01,8.869990e-01,1.478332e+00,5.913326e-01,5.321994e-01,5.321994e-01,9.461322e-01,8.869990e-01,8.278657e-01,1.300932e+00,1.005265e+00,6.504659e-01,1.123532e+00,8.869990e-01,1.360065e+00,6.504659e-01,9.461322e-01,8.278657e-01,1.182665e+00,1.241799e+00,9.461322e-01,1.064399e+00,1.123532e+00,1.300932e+00,1.005265e+00,1.241799e+00,1.655731e+00,1.005265e+00,1.182665e+00,1.419198e+00,1.182665e+00,1.300932e+00,8.869990e-01,7.095992e-01,8.278657e-01,1.182665e+00,1.714865e+00,1.596598e+00,1.773998e+00,1.833131e+00,1.123532e+00,1.655731e+00,1.892264e+00,1.064399e+00,1.714865e+00,1.833131e+00,1.833131e+00,2.424464e+00,2.720130e+00,2.010531e+00,1.892264e+00,1.951398e+00,2.720130e+00,1.833131e+00,1.951398e+00,2.660997e+00,2.306197e+00,2.247064e+00,2.010531e+00,1.833131e+00,2.660997e+00,2.365331e+00,2.483597e+00,2.542730e+00,2.660997e+00,2.720130e+00,3.488863e+00,2.838397e+00,2.720130e+00,2.483597e+00,3.193196e+00,3.547996e+00,3.429729e+00,3.547996e+00,2.247064e+00,3.902795e+00,4.494128e+00,4.139328e+00,3.547996e+00,4.553261e+00,3.784529e+00,4.789794e+00,4.494128e+00,4.139328e+00,4.967194e+00,4.612395e+00,4.848928e+00,5.381127e+00,6.327259e+00,4.730661e+00,5.617660e+00,6.741192e+00,5.440260e+00,5.854193e+00,5.499394e+00,6.031593e+00,7.746458e+00,7.332525e+00,6.741192e+00,8.337790e+00,8.396923e+00,7.273391e+00,6.682059e+00,7.509925e+00,7.628191e+00,6.445526e+00,9.697855e+00,8.810856e+00,7.391658e+00,1.017092e+01,8.869990e+00,9.343056e+00,9.875255e+00,9.461322e+00,1.028919e+01,1.028919e+01,1.253625e+01,1.105792e+01,1.135359e+01,1.318672e+01,1.229972e+01,1.194492e+01,1.123532e+01,1.147185e+01,1.253625e+01,1.212232e+01,1.306845e+01,1.141272e+01,1.200405e+01,1.348238e+01,1.371892e+01,1.401458e+01,1.531552e+01,1.537465e+01,1.401458e+01,1.389632e+01,1.289105e+01,1.407372e+01,1.478332e+01,1.543378e+01,1.277279e+01,1.490158e+01,1.484245e+01,1.525638e+01,1.413285e+01,1.283192e+01,1.289105e+01,1.259539e+01,1.306845e+01,1.413285e+01,1.283192e+01,1.295018e+01,1.277279e+01,1.088052e+01,1.099879e+01,1.170839e+01,1.253625e+01,1.099879e+01,1.188579e+01,9.461322e+00,1.011179e+01,8.810856e+00,9.283922e+00,9.165656e+00,7.923857e+00,7.273391e+00,7.805591e+00,6.327259e+00,6.918592e+00,6.268126e+00,6.149859e+00,6.149859e+00,5.617660e+00,5.617660e+00,4.671528e+00,4.967194e+00,4.375862e+00,5.203727e+00,5.203727e+00,3.193196e+00,4.967194e+00,2.779263e+00,2.424464e+00,2.306197e+00,2.660997e+00,2.660997e+00,2.069664e+00,2.720130e+00,2.128798e+00,2.069664e+00,2.010531e+00,1.360065e+00,1.123532e+00,1.596598e+00,8.869990e-01,1.419198e+00,1.300932e+00,9.461322e-01,9.461322e-01,1.300932e+00,6.504659e-01,9.461322e-01,8.278657e-01,1.005265e+00,1.123532e+00,1.005265e+00,5.913326e-01,9.461322e-01,1.300932e+00,7.687324e-01,7.687324e-01,5.913326e-01,2.365331e-01,3.547996e-01,4.730661e-01,7.095992e-01,5.321994e-01,6.504659e-01,7.095992e-01,7.687324e-01,7.095992e-01,5.913326e-01,3.547996e-01,5.321994e-01,3.547996e-01,4.139328e-01,5.913326e-01,3.547996e-01,5.913326e-02,7.095992e-01,5.321994e-01,4.139328e-01,4.139328e-01,4.730661e-01,7.095992e-01,7.687324e-01,6.504659e-01,4.730661e-01,7.095992e-01,6.504659e-01,3.547996e-01,5.321994e-01,5.321994e-01,4.139328e-01,2.365331e-01,4.139328e-01,3.547996e-01,7.095992e-01,3.547996e-01,3.547996e-01,5.321994e-01,6.504659e-01,2.956663e-01,7.687324e-01,5.913326e-01
7.095992e-01,4.139328e-01,3.547996e-01,6.504659e-01,5.321994e-01,5.321994e-01,6.504659e-01,2.365331e-01,5.321994e-01,8.869990e-01,7.095992e-01,5.321994e-01,5.321994e-01,8.278657e-01,7.095992e-01,8.278657e-01,8.278657e-01,7.687324e-01,4.139328e-01,7.095992e-01,5.913326e-01,4.139328e-01,6.504659e-01,6.504659e-01,4.139328e-01,1.241799e+00,8.869990e-01,5.913326e-01,7.095992e-01,8.278657e-01,9.461322e-01,5.913326e-01,5.913326e-01,9.461322e-01,7.687324e-01,4.730661e-01,8.278657e-01,8.869990e-01,8.869990e-01,1.123532e+00,1.360065e+00,1.064399e+00,1.300932e+00,1.478332e+00,7.687324e-01,1.360065e+00,1.300932e+00,1.005265e+00,1.123532e+00,9.461322e-01,1.300932e+00,1.123532e+00,1.419198e+00,9.461322e-01,9.461322e-01,1.537465e+00,1.300932e+00,1.123532e+00,1.419198e+00,1.123532e+00,1.478332e+00,1.064399e+00,1.892264e+00,1.419198e+00,1.951398e+00,1.833131e+00,1.537465e+00,1.241799e+00,2.247064e+00,1.833131e+00,1.892264e+00,1.241799e+00,1.537465e+00,1.596598e+00,1.892264e+00,1.655731e+00,1.833131e+00,2.483597e+00,2.306197e+00,2.483597e+00,2.424464e+00,1.892264e+00,1.892264e+00,2.306197e+00,2.424464e+00,3.193196e+00,3.134063e+00,2.247064e+00,1.951398e+00,2.424464e+00,2.779263e+00,2.601864e+00,2.601864e+00,2.306197e+00,4.257595e+00,2.956663e+00,3.370596e+00,2.779263e+00,2.956663e+00,3.370596e+00,3.193196e+00,3.725396e+00,4.375862e+00,3.429729e+00,4.316728e+00,3.843662e+00,3.666262e+00,4.848928e+00,4.139328e+00,4.848928e+00,4.967194e+00,5.144594e+00,5.558527e+00,4.730661e+00,6.031593e+00,6.031593e+00,4.612395e+00,5.972460e+00,6.268126e+00,6.977725e+00,5.795060e+00,6.386393e+00,6.208993e+00,8.160390e+00,6.090726e+00,8.219524e+00,7.982991e+00,6.563792e+00,9.756989e+00,8.337790e+00,8.160390e+00,8.160390e+00,8.929123e+00,9.638722e+00,9.875255e+00,8.042124e+00,9.402189e+00,1.088052e+01,9.934388e+00,1.017092e+01,1.082139e+01,1.182665e+01,1.135359e+01,1.111705e+01,1.123532e+01,1.253625e+01,1.300932e+01,1.283192e+01,1.224059e+01,1.312758e+01,1.093965e+01,1.330498e+01,1.277279e+01,1.348238e+01,1.247712e+01,1.324585e+01,1.271365e+01,1.431025e+01,1.466505e+01,1.295018e+01,1.436938e+01,1.229972e+01,1.283192e+01,1.395545e+01,1.519725e+01,1.513812e+01,1.259539e+01,1.484245e+01,1.330498e+01,1.407372e+01,1.342325e+01,1.354152e+01,1.454678e+01,1.289105e+01,1.247712e+01,1.371892e+01,1.312758e+01,1.271365e+01,1.365978e+01,1.206319e+01,1.235885e+01,1.176752e+01,1.070312e+01,9.697855e+00,1.058485e+01,8.988256e+00,8.869990e+00,1.017092e+01,8.988256e+00,6.859459e+00,6.741192e+00,5.854193e+00,7.569058e+00,7.332525e+00,7.509925e+00,5.913326e+00,6.741192e+00,5.144594e+00,5.026327e+00,5.735927e+00,4.730661e+00,4.257595e+00,3.843662e+00,3.666262e+00,3.074930e+00,3.252330e+00,2.779263e+00,3.134063e+00,3.074930e+00,2.720130e+00,2.601864e+00,3.429729e+00,2.365331e+00,2.128798e+00,1.419198e+00,1.241799e+00,1.833131e+00,1.478332e+00,2.069664e+00,1.360065e+00,1.419198e+00,1.123532e+00,1.123532e+00,7.687324e-01,1.300932e+00,1.833131e+00,8.278657e-01,7.095992e-01,9.461322e-01,7.687324e-01,4.730661e-01,8.869990e-01,5.321994e-01,1.064399e+00,7.095992e-01,4.730661e-01,3.547996e-01,8.278657e-01,5.913326e-01,4.730661e-01,8.869990e-01,1.005265e+00,5.321994e-01,6.504659e-01,2.956663e-01,5.321994e-01,4.139328e-01,6.504659e-01,4.139328e-01,7.687324e-01,8.278657e-01,6.504659e-01,2.956663e-01,2.956663e-01,7.095992e-01,4.730661e-01,9.461322e-01,4.139328e-01,2.365331e-01,4.139328e-01,4.730661e-01,3.547996e-01,2.956663e-01,5.913326e-01,5.321994e-01,4.730661e-01,8.278657e-01,4.730661e-01,2.956663e-01,4.730661e-01,8.278657e-01,3.547996e-01,6.504659e-01,2.956663e-01,5.321994e-01,5.321994e-01,7.687324e-01,3.547996e-01,4.730661e-01,4.139328e-01
7.095992e-01,4.139328e-01,7.095992e-01,9.461322e-01,8.869990e-01,3.547996e-01,5.913326e-01,7.095992e-01,5.321994e-01,4.730661e-01,1.123532e+00,5.321994e-01,9.461322e-01,6.504659e-01,9.461322e-01,5.321994e-01,4.139328e-01,9.461322e-01,8.278657e-01,8.869990e-01,7.095992e-01,8.278657e-01,5.913326e-01,6.504659e-01,5.913326e-01,7.095992e-01,8.869990e-01,9.461322e-01,1.064399e+00,4.730661e-01,7.095992e-01,7.095992e-01,1.123532e+00,1.064399e+00,8.869990e-01,8.869990e-01,1.241799e+00,9.461322e-01,9.461322e-01,7.687324e-01,1.182665e+00,1.005265e+00,1.596598e+00,1.123532e+00,1.300932e+00,1.419198e+00,1.064399e+00,1.005265e+00,1.123532e+00,8.278657e-01,3.547996e-01,1.360065e+00,1.064399e+00,1.300932e+00,1.596598e+00,1.300932e+00,1.182665e+00,1.596598e+00,1.478332e+00,1.123532e+00,1.655731e+00,1.182665e+00,1.655731e+00,2.247064e+00,1.419198e+00,2.010531e+00,1.537465e+00,1.478332e+00,2.128798e+00,1.655731e+00,1.478332e+00,2.010531e+00,1.478332e+00,1.714865e+00,2.010531e+00,2.069664e+00,1.892264e+00,2.187931e+00,1.655731e+00,2.247064e+00,1.655731e+00,2.187931e+00,2.601864e+00,2.720130e+00,2.365331e+00,2.838397e+00,2.306197e+00,2.365331e+00,2.838397e+00,3.134063e+00,2.542730e+00,3.607129e+00,3.370596e+00,3.134063e+00,2.720130e+00,2.838397e+00,3.902795e+00,3.252330e+00,3.547996e+00,3.488863e+00,3.015796e+00,3.488863e+00,4.434995e+00,3.843662e+00,4.316728e+00,4.257595e+00,2.838397e+00,4.848928e+00,4.198462e+00,5.144594e+00,5.676793e+00,5.321994e+00,5.735927e+00,5.499394e+00,5.913326e+00,5.972460e+00,5.321994e+00,5.558527e+00,5.440260e+00,6.208993e+00,6.977725e+00,6.149859e+00,7.155125e+00,6.563792e+00,7.450791e+00,7.687324e+00,7.864724e+00,7.805591e+00,7.628191e+00,8.515190e+00,7.746458e+00,8.574323e+00,8.219524e+00,8.456057e+00,8.692590e+00,8.101257e+00,9.520455e+00,9.461322e+00,9.402189e+00,9.816122e+00,9.756989e+00,1.064399e+01,1.076225e+01,1.159012e+01,1.182665e+01,1.206319e+01,1.076225e+01,1.229972e+01,1.141272e+01,1.312758e+01,1.348238e+01,1.336412e+01,1.164925e+01,1.312758e+01,1.454678e+01,1.401458e+01,1.442852e+01,1.330498e+01,1.371892e+01,1.513812e+01,1.354152e+01,1.324585e+01,1.567031e+01,1.448765e+01,1.336412e+01,1.425112e+01,1.472418e+01,1.371892e+01,1.395545e+01,1.413285e+01,1.377805e+01,1.241799e+01,1.490158e+01,1.448765e+01,1.265452e+01,1.383718e+01,1.011179e+01,1.377805e+01,1.141272e+01,1.159012e+01,9.993522e+00,1.182665e+01,1.076225e+01,1.040745e+01,9.697855e+00,1.247712e+01,8.456057e+00,8.929123e+00,7.450791e+00,8.633457e+00,9.106523e+00,8.101257e+00,7.569058e+00,7.687324e+00,6.386393e+00,6.327259e+00,5.440260e+00,6.208993e+00,5.972460e+00,5.617660e+00,4.021062e+00,4.434995e+00,4.494128e+00,4.021062e+00,3.311463e+00,4.316728e+00,3.902795e+00,3.547996e+00,3.193196e+00,2.838397e+00,1.773998e+00,2.483597e+00,1.537465e+00,2.306197e+00,1.773998e+00,1.892264e+00,1.773998e+00,1.951398e+00,1.241799e+00,1.655731e+00,1.360065e+00,1.596598e+00,1.360065e+00,6.504659e-01,1.241799e+00,7.095992e-01,1.300932e+00,7.687324e-01,4.730661e-01,6.504659e-01,7.095992e-01,5.913326e-01,9.461322e-01,5.321994e-01,1.123532e+00,8.869990e-01,7.687324e-01,4.730661e-01,5.321994e-01,2.956663e-01,2.956663e-01,4.730661e-01,4.730661e-01,3.547996e-01,2.365331e-01,4.730661e-01,7.095992e-01,2.365331e-01,1.064399e+00,7.095992e-01,7.687324e-01,2.956663e-01,8.278657e-01,5.321994e-01,3.547996e-01,5.321994e-01,2.956663e-01,5.321994e-01,1.773998e-01,4.730661e-01,5.321994e-01,2.365331e-01,3.547996e-01,3.547996e-01,3.547996e-01,6.504659e-01,7.095992e-01,3.547996e-01,3.547996e-01,3.547996e-01,3.547996e-01,5.913326e-01,1.773998e-01,4.730661e-01,2.956663e-01,4.730661e-01,5.321994e-01,5.321994e-01,6.504659e-01,5.321994e-01
8.278657e-01,4.139328e-01,9.461322e-01,7.687324e-01,6.504659e-01,6.504659e-01,5.913326e-01,5.913326e-01,8.869990e-01,7.095992e-01,7.095992e-01,5.913326e-01,4.730661e-01,8.869990e-01,7.687324e-01,5.913326e-01,7.687324e-01,8.278657e-01,8.869990e-01,5.321994e-01,8.278657e-01,5.913326e-01,6.504659e-01,7.095992e-01,5.913326e-01,5.321994e-01,8.869990e-01,1.123532e+00,7.095992e-01,9.461322e-01,7.095992e-01,7.687324e-01,9.461322e-01,8.278657e-01,6.504659e-01,1.064399e+00,7.095992e-01,1.064399e+00,7.095992e-01,1.123532e+00,1.064399e+00,7.095992e-01,1.064399e+00,1.182665e+00,1.123532e+00,1.419198e+00,1.241799e+00,1.300932e+00,9.461322e-01,1.241799e+00,1.005265e+00,1.478332e+00,1.773998e+00,1.123532e+00,1.537465e+00,1.478332e+00,1.005265e+00,1.182665e+00,8.278657e-01,1.655731e+00,1.773998e+00,1.182665e+00,1.892264e+00,1.833131e+00,1.478332e+00,1.714865e+00,1.360065e+00,1.419198e+00,1.655731e+00,1.714865e+00,1.655731e+00,1.537465e+00,1.537465e+00,2.247064e+00,1.419198e+00,1.773998e+00,2.128798e+00,1.773998e+00,1.892264e+00,2.128798e+00,2.247064e+00,2.010531e+00,2.365331e+00,2.601864e+00,2.069664e+00,2.247064e+00,2.483597e+00,2.779263e+00,3.193196e+00,2.779263e+00,3.015796e+00,3.252330e+00,3.252330e+00,3.607129e+00,3.015796e+00,3.252330e+00,3.488863e+00,2.779263e+00,3.134063e+00,3.429729e+00,4.553261e+00,3.666262e+00,4.434995e+00,4.021062e+00,4.848928e+00,4.434995e+00,4.375862e+00,5.026327e+00,5.144594e+00,4.434995e+00,4.198462e+00,4.021062e+00,5.735927e+00,6.208993e+00,5.676793e+00,4.316728e+00,6.800325e+00,6.445526e+00,6.208993e+00,5.381127e+00,6.977725e+00,6.622926e+00,6.386393e+00,7.332525e+00,6.859459e+00,6.800325e+00,6.445526e+00,6.622926e+00,8.219524e+00,7.214258e+00,8.515190e+00,8.692590e+00,9.047389e+00,8.160390e+00,9.283922e+00,9.224789e+00,1.017092e+01,9.520455e+00,9.697855e+00,1.088052e+01,9.402189e+00,1.058485e+01,1.070312e+01,1.111705e+01,1.206319e+01,1.212232e+01,1.241799e+01,1.111705e+01,1.306845e+01,1.419198e+01,1.224059e+01,1.200405e+01,1.371892e+01,1.348238e+01,1.348238e+01,1.218145e+01,1.360065e+01,1.206319e+01,1.501985e+01,1.336412e+01,1.342325e+01,1.472418e+01,1.348238e+01,1.425112e+01,1.354152e+01,1.265452e+01,1.431025e+01,1.360065e+01,1.330498e+01,1.543378e+01,1.265452e+01,1.584771e+01,1.389632e+01,1.206319e+01,1.200405e+01,1.212232e+01,1.300932e+01,1.395545e+01,1.218145e+01,1.300932e+01,1.064399e+01,1.212232e+01,9.816122e+00,1.040745e+01,1.023005e+01,1.076225e+01,8.515190e+00,8.988256e+00,9.106523e+00,9.283922e+00,8.396923e+00,8.692590e+00,6.800325e+00,6.208993e+00,6.268126e+00,6.208993e+00,5.854193e+00,6.327259e+00,5.913326e+00,5.203727e+00,4.139328e+00,4.789794e+00,4.848928e+00,4.494128e+00,3.843662e+00,3.843662e+00,3.547996e+00,2.660997e+00,2.601864e+00,2.601864e+00,3.015796e+00,2.601864e+00,1.892264e+00,1.892264e+00,2.542730e+00,2.187931e+00,1.300932e+00,1.419198e+00,1.714865e+00,1.064399e+00,1.123532e+00,1.182665e+00,1.419198e+00,1.241799e+00,1.005265e+00,1.478332e+00,8.278657e-01,1.064399e+00,1.064399e+00,1.064399e+00,7.687324e-01,1.064399e+00,7.095992e-01,7.095992e-01,4.139328e-01,5.321994e-01,2.956663e-01,7.687324e-01,4.139328e-01,6.504659e-01,2.956663e-01,2.956663e-01,5.913326e-01,7.687324e-01,8.278657e-01,5.321994e-01,3.547996e-01,1.005265e+00,4.139328e-01,3.547996e-01,5.321994e-01,4.139328e-01,3.547996e-01,3.547996e-01,2.956663e-01,2.365331e-01,4.730661e-01,3.547996e-01,4.730661e-01,7.095992e-01,2.956663e-01,1.773998e-01,3.547996e-01,5.321994e-01,5.913326e-01,5.321994e-01,5.321994e-01,1.773998e-01,1.773998e-01,2.956663e-01,5.321994e-01,2.956663e-01,6.504659e-01,7.687324e-01,4.139328e-01,5.913326e-01,5.321994e-01,6.504659e-01,4.730661e-01,4.139328e-01
7.095992e-01,4.730661e-01,7.095992e-01,6.504659e-01,6.504659e-01,4.730661e-01,4.730661e-01,7.095992e-01,5.321994e-01,7.095992e-01,3.547996e-01,9.461322e-01,7.095992e-01,5.321994e-01,4.730661e-01,2.365331e-01,1.182665e+00,5.321994e-01,4.139328e-01,8.869990e-01,7.095992e-01,8.869990e-01,6.504659e-01,5.913326e-01,5.321994e-01,7.095992e-01,1.005265e+00,1.123532e+00,3.547996e-01,7.095992e-01,1.005265e+00,6.504659e-01,1.123532e+00,5.321994e-01,5.913326e-01,8.869990e-01,8.278657e-01,1.360065e+00,7.095992e-01,8.869990e-01,1.064399e+00,1.360065e+00,1.300932e+00,1.241799e+00,1.182665e+00,1.123532e+00,1.182665e+00,1.005265e+00,1.241799e+00,1.596598e+00,1.123532e+00,1.360065e+00,1.300932e+00,1.300932e+00,1.005265e+00,1.123532e+00,8.869990e-01,1.300932e+00,1.064399e+00,1.123532e+00,9.461322e-01,1.241799e+00,1.714865e+00,1.773998e+00,1.537465e+00,1.064399e+00,2.247064e+00,1.537465e+00,2.010531e+00,1.833131e+00,1.714865e+00,1.714865e+00,1.655731e+00,2.010531e+00,1.714865e+00,1.714865e+00,2.247064e+00,1.951398e+00,2.128798e+00,2.069664e+00,1.951398e+00,2.247064e+00,2.838397e+00,1.833131e+00,2.897530e+00,2.247064e+00,2.660997e+00,2.779263e+00,2.069664e+00,2.660997e+00,2.897530e+00,2.483597e+00,2.424464e+00,3.725396e+00,2.956663e+00,3.843662e+00,3.311463e+00,3.902795e+00,3.607129e+00,4.080195e+00,3.311463e+00,3.370596e+00,3.902795e+00,3.843662e+00,3.902795e+00,4.375862e+00,4.553261e+00,5.203727e+00,4.139328e+00,5.026327e+00,4.730661e+00,4.789794e+00,4.908061e+00,5.558527e+00,5.617660e+00,5.321994e+00,5.440260e+00,6.149859e+00,6.031593e+00,5.913326e+00,6.741192e+00,6.622926e+00,6.504659e+00,5.913326e+00,6.682059e+00,7.864724e+00,7.273391e+00,8.219524e+00,7.569058e+00,6.386393e+00,8.278657e+00,8.101257e+00,8.633457e+00,7.805591e+00,9.106523e+00,1.064399e+01,9.697855e+00,8.633457e+00,8.988256e+00,9.934388e+00,1.070312e+01,1.082139e+01,1.099879e+01,1.117619e+01,1.093965e+01,1.354152e+01,1.194492e+01,1.206319e+01,1.247712e+01,1.182665e+01,1.318672e+01,1.342325e+01,1.431025e+01,1.336412e+01,1.312758e+01,1.377805e+01,1.247712e+01,1.561118e+01,1.365978e+01,1.300932e+01,1.602511e+01,1.401458e+01,1.407372e+01,1.425112e+01,1.395545e+01,1.407372e+01,1.407372e+01,1.490158e+01,1.448765e+01,1.413285e+01,1.377805e+01,1.300932e+01,1.490158e+01,1.330498e+01,1.253625e+01,1.371892e+01,1.336412e+01,1.153099e+01,1.312758e+01,1.336412e+01,1.093965e+01,1.123532e+01,9.520455e+00,9.106523e+00,1.017092e+01,9.520455e+00,8.574323e+00,9.638722e+00,8.456057e+00,7.036858e+00,9.343056e+00,7.095992e+00,6.504659e+00,8.219524e+00,7.332525e+00,5.558527e+00,5.381127e+00,5.321994e+00,5.499394e+00,4.612395e+00,4.671528e+00,4.848928e+00,4.139328e+00,3.902795e+00,3.607129e+00,3.547996e+00,3.666262e+00,3.252330e+00,2.187931e+00,3.015796e+00,2.542730e+00,2.779263e+00,1.892264e+00,2.306197e+00,2.069664e+00,2.128798e+00,1.360065e+00,1.596598e+00,1.537465e+00,1.655731e+00,1.360065e+00,9.461322e-01,1.064399e+00,1.478332e+00,1.300932e+00,6.504659e-01,1.241799e+00,1.005265e+00,9.461322e-01,1.300932e+00,3.547996e-01,7.095992e-01,5.321994e-01,1.123532e+00,6.504659e-01,4.730661e-01,3.547996e-01,4.730661e-01,5.321994e-01,6.504659e-01,2.956663e-01,6.504659e-01,6.504659e-01,2.956663e-01,8.278657e-01,2.365331e-01,7.687324e-01,7.095992e-01,5.321994e-01,2.956663e-01,6.504659e-01,4.730661e-01,7.095992e-01,7.687324e-01,4.139328e-01,4.139328e-01,1.182665e-01,5.321994e-01,7.095992e-01,6.504659e-01,3.547996e-01,3.547996e-01,1.773998e-01,5.321994e-01,5.321994e-01,7.095992e-01,4.730661e-01,2.956663e-01,2.365331e-01,4.139328e-01,4.730661e-01,5.913326e-01,5.913326e-01,5.321994e-01,4.730661e-01,5.321994e-01,2.365331e-01,6.504659e-01,4.730661e-01,6.504659e-01
3.547996e-01,4.730661e-01,7.095992e-01,7.687324e-01,4.730661e-01,7.687324e-01,4.139328e-01,5.321994e-01,2.956663e-01,5.913326e-01,4.139328e-01,4.730661e-01,7.687324e-01,5.913326e-01,8.278657e-01,7.095992e-01,4.730661e-01,7.095992e-01,5.913326e-01,8.869990e-01,9.461322e-01,1.064399e+00,7.095992e-01,6.504659e-01,9.461322e-01,8.869990e-01,6.504659e-01,8.869990e-01,7.095992e-01,1.064399e+00,5.913326e-01,5.321994e-01,1.064399e+00,6.504659e-01,1.241799e+00,9.461322e-01,8.278657e-01,9.461322e-01,1.064399e+00,7.687324e-01,9.461322e-01,1.123532e+00,8.278657e-01,1.005265e+00,1.596598e+00,1.064399e+00,9.461322e-01,1.064399e+00,1.241799e+00,1.064399e+00,1.655731e+00,1.182665e+00,1.300932e+00,8.869990e-01,1.005265e+00,1.005265e+00,1.596598e+00,1.064399e+00,2.187931e+00,1.537465e+00,1.360065e+00,1.833131e+00,1.478332e+00,1.714865e+00,1.655731e+00,1.833131e+00,2.247064e+00,1.833131e+00,1.241799e+00,1.537465e+00,1.951398e+00,1.773998e+00,1.773998e+00,2.010531e+00,1.892264e+00,1.892264e+00,1.419198e+00,2.010531e+00,2.128798e+00,1.951398e+00,2.306197e+00,2.365331e+00,2.779263e+00,2.956663e+00,3.193196e+00,2.720130e+00,2.542730e+00,3.134063e+00,2.306197e+00,2.542730e+00,2.897530e+00,2.483597e+00,3.193196e+00,3.607129e+00,2.897530e+00,2.779263e+00,4.021062e+00,2.838397e+00,3.784529e+00,4.434995e+00,3.429729e+00,3.429729e+00,4.434995e+00,4.967194e+00,3.843662e+00,5.085461e+00,3.607129e+00,4.730661e+00,4.730661e+00,4.494128e+00,4.316728e+00,5.026327e+00,4.494128e+00,5.381127e+00,6.090726e+00,5.558527e+00,5.381127e+00,4.316728e+00,7.214258e+00,6.149859e+00,6.563792e+00,6.563792e+00,6.504659e+00,6.268126e+00,6.268126e+00,7.687324e+00,6.741192e+00,7.864724e+00,7.687324e+00,9.283922e+00,8.456057e+00,8.869990e+00,7.864724e+00,7.982991e+00,8.396923e+00,8.160390e+00,1.005265e+01,1.005265e+01,9.461322e+00,9.343056e+00,9.461322e+00,1.111705e+01,9.816122e+00,1.212232e+01,1.218145e+01,1.194492e+01,1.176752e+01,1.188579e+01,1.170839e+01,1.224059e+01,1.229972e+01,1.229972e+01,1.277279e+01,1.395545e+01,1.241799e+01,1.454678e+01,1.389632e+01,1.253625e+01,1.395545e+01,1.377805e+01,1.442852e+01,1.472418e+01,1.330498e+01,1.413285e+01,1.448765e+01,1.235885e+01,1.478332e+01,1.354152e+01,1.442852e+01,1.484245e+01,1.324585e+01,1.360065e+01,1.265452e+01,1.277279e+01,1.436938e+01,1.300932e+01,1.360065e+01,1.289105e+01,1.253625e+01,1.247712e+01,1.241799e+01,1.241799e+01,1.176752e+01,1.028919e+01,1.099879e+01,1.028919e+01,8.574323e+00,9.756989e+00,9.283922e+00,8.574323e+00,8.219524e+00,7.687324e+00,5.972460e+00,7.095992e+00,7.155125e+00,5.262860e+00,7.214258e+00,5.676793e+00,4.730661e+00,5.262860e+00,5.026327e+00,4.494128e+00,4.908061e+00,4.494128e+00,4.080195e+00,3.902795e+00,3.607129e+00,4.021062e+00,3.015796e+00,2.956663e+00,2.720130e+00,2.956663e+00,2.247064e+00,1.537465e+00,1.951398e+00,1.123532e+00,1.241799e+00,1.360065e+00,1.419198e+00,1.123532e+00,1.182665e+00,1.182665e+00,9.461322e-01,9.461322e-01,9.461322e-01,1.182665e+00,9.461322e-01,5.321994e-01,8.869990e-01,8.869990e-01,5.321994e-01,7.095992e-01,4.730661e-01,1.241799e+00,5.321994e-01,5.321994e-01,1.773998e-01,2.365331e-01,2.956663e-01,1.005265e+00,4.139328e-01,5.321994e-01,6.504659e-01,4.139328e-01,5.321994e-01,5.913326e-01,2.956663e-01,3.547996e-01,7.095992e-01,2.365331e-01,5.913326e-01,3.547996e-01,3.547996e-01,6.504659e-01,7.095992e-01,5.321994e-01,5.913326e-01,2.956663e-01,5.913326e-01,5.913326e-01,8.278657e-01,4.730661e-01,7.095992e-01,7.687324e-01,6.504659e-01,6.504659e-01,3.547996e-01,7.095992e-01,4.139328e-01,3.547996e-01,3.547996e-01,5.321994e-01,5.913326e-01,1.773998e-01,3.547996e-01,1.773998e-01,5.321994e-01,4.730661e-01,7.095992e-01,4.139328e-01
4.139328e-01,3.547996e-01,5.913326e-01,1.773998e-01,4.139328e-01,8.278657e-01,3.547996e-01,5.913326e-01,2.956663e-01,4.139328e-01,6.504659e-01,4.730661e-01,5.321994e-01,6.504659e-01,7.095992e-01,7.687324e-01,6.504659e-01,6.504659e-01,4.730661e-01,8.869990e-01,5.913326e-01,8.278657e-01,7.687324e-01,6.504659e-01,8.278657e-01,8.869990e-01,5.913326e-01,1.005265e+00,7.095992e-01,1.064399e+00,8.869990e-01,1.005265e+00,8.869990e-01,1.005265e+00,5.321994e-01,8.278657e-01,1.005265e+00,1.005265e+00,1.005265e+00,4.139328e-01,9.461322e-01,1.241799e+00,8.278657e-01,1.064399e+00,1.182665e+00,9.461322e-01,1.360065e+00,1.182665e+00,8.869990e-01,1.182665e+00,9.461322e-01,1.537465e+00,1.005265e+00,1.182665e+00,1.360065e+00,1.360065e+00,1.064399e+00,1.478332e+00,1.892264e+00,1.123532e+00,1.241799e+00,1.360065e+00,1.182665e+00,1.596598e+00,1.596598e+00,1.773998e+00,1.596598e+00,1.300932e+00,1.833131e+00,2.601864e+00,1.537465e+00,2.247064e+00,1.773998e+00,1.892264e+00,2.069664e+00,1.714865e+00,2.010531e+00,2.187931e+00,2.187931e+00,1.773998e+00,2.247064e+00,2.247064e+00,2.306197e+00,2.720130e+00,2.424464e+00,3.015796e+00,2.720130e+00,2.424464e+00,3.843662e+00,2.069664e+00,2.720130e+00,2.720130e+00,3.311463e+00,3.902795e+00,3.015796e+00,3.015796e+00,3.134063e+00,3.074930e+00,2.601864e+00,3.547996e+00,3.725396e+00,2.660997e+00,4.080195e+00,4.316728e+00,3.784529e+00,4.494128e+00,4.553261e+00,4.316728e+00,4.316728e+00,4.553261e+00,4.612395e+00,4.671528e+00,5.499394e+00,5.144594e+00,5.854193e+00,5.558527e+00,5.262860e+00,6.327259e+00,6.386393e+00,6.327259e+00,5.440260e+00,7.036858e+00,6.386393e+00,5.262860e+00,6.208993e+00,7.214258e+00,7.805591e+00,8.692590e+00,8.988256e+00,8.101257e+00,8.751723e+00,8.869990e+00,1.040745e+01,8.633457e+00,9.224789e+00,1.017092e+01,1.034832e+01,9.461322e+00,9.283922e+00,1.028919e+01,1.070312e+01,1.105792e+01,1.141272e+01,1.070312e+01,1.040745e+01,1.342325e+01,1.153099e+01,1.129445e+01,1.182665e+01,1.176752e+01,1.289105e+01,1.365978e+01,1.176752e+01,1.360065e+01,1.342325e+01,1.324585e+01,1.295018e+01,1.496072e+01,1.365978e+01,1.365978e+01,1.413285e+01,1.354152e+01,1.431025e+01,1.454678e+01,1.360065e+01,1.407372e+01,1.431025e+01,1.182665e+01,1.466505e+01,1.401458e+01,1.371892e+01,1.383718e+01,1.336412e+01,1.229972e+01,1.283192e+01,1.194492e+01,1.241799e+01,1.105792e+01,1.046659e+01,1.088052e+01,1.058485e+01,1.135359e+01,9.756989e+00,1.058485e+01,9.697855e+00,9.224789e+00,9.461322e+00,9.047389e+00,9.993522e+00,7.095992e+00,7.628191e+00,7.450791e+00,8.101257e+00,8.515190e+00,6.268126e+00,6.268126e+00,7.391658e+00,5.085461e+00,5.617660e+00,5.085461e+00,3.784529e+00,3.902795e+00,3.429729e+00,3.607129e+00,3.666262e+00,2.660997e+00,3.015796e+00,2.897530e+00,3.370596e+00,3.134063e+00,2.779263e+00,2.069664e+00,2.779263e+00,1.419198e+00,1.300932e+00,1.714865e+00,2.010531e+00,1.655731e+00,1.241799e+00,1.537465e+00,1.892264e+00,1.241799e+00,1.182665e+00,8.869990e-01,1.064399e+00,8.869990e-01,8.278657e-01,7.687324e-01,5.913326e-01,1.005265e+00,8.869990e-01,7.687324e-01,5.321994e-01,4.730661e-01,8.278657e-01,6.504659e-01,8.869990e-01,4.139328e-01,5.913326e-01,7.687324e-01,8.278657e-01,1.478332e+00,2.365331e-01,4.139328e-01,4.139328e-01,2.956663e-01,4.730661e-01,7.687324e-01,5.321994e-01,8.278657e-01,7.687324e-01,7.095992e-01,3.547996e-01,7.687324e-01,3.547996e-01,4.139328e-01,1.773998e-01,6.504659e-01,6.504659e-01,6.504659e-01,4.139328e-01,5.913326e-01,6.504659e-01,3.547996e-01,4.139328e-01,3.547996e-01,4.139328e-01,4.730661e-01,7.687324e-01,5.321994e-01,6.504659e-01,3.547996e-01,5.321994e-01,2.365331e-01,2.956663e-01,3.547996e-01,5.321994e-01,3.547996e-01,4.139328e-01,6.504659e-01
5.321994e-01,8.869990e-01,6.504659e-01,7.095992e-01,4.730661e-01,1.182665e-01,5.913326e-01,4.730661e-01,4.730661e-01,8.278657e-01,9.461322e-01,8.869990e-01,7.095992e-01,8.278657e-01,4.139328e-01,4.730661e-01,7.095992e-01,8.278657e-01,5.321994e-01,5.913326e-01,5.321994e-01,7.687324e-01,8.278657e-01,4.730661e-01,5.913326e-01,4.730661e-01,8.869990e-01,1.241799e+00,1.241799e+00,7.687324e-01,1.005265e+00,5.321994e-01,8.278657e-01,7.687324e-01,1.241799e+00,7.687324e-01,1.005265e+00,8.869990e-01,9.461322e-01,8.869990e-01,1.300932e+00,1.123532e+00,1.064399e+00,7.095992e-01,1.005265e+00,7.687324e-01,1.005265e+00,1.241799e+00,1.300932e+00,8.278657e-01,7.687324e-01,6.504659e-01,1.182665e+00,7.687324e-01,1.360065e+00,2.010531e+00,1.123532e+00,1.182665e+00,1.419198e+00,1.005265e+00,1.892264e+00,1.182665e+00,1.419198e+00,1.241799e+00,1.951398e+00,1.360065e+00,1.478332e+00,1.714865e+00,1.360065e+00,1.419198e+00,1.951398e+00,2.247064e+00,2.187931e+00,1.241799e+00,1.478332e+00,1.951398e+00,1.951398e+00,2.483597e+00,1.892264e+00,1.714865e+00,2.660997e+00,2.956663e+00,2.483597e+00,2.247064e+00,1.892264e+00,2.365331e+00,2.187931e+00,2.956663e+00,2.779263e+00,2.542730e+00,3.193196e+00,3.547996e+00,3.134063e+00,3.666262e+00,3.015796e+00,2.897530e+00,3.015796e+00,2.956663e+00,3.074930e+00,3.488863e+00,2.897530e+00,3.488863e+00,3.784529e+00,3.961929e+00,3.784529e+00,4.967194e+00,3.902795e+00,3.961929e+00,4.789794e+00,5.085461e+00,4.671528e+00,5.440260e+00,4.789794e+00,4.671528e+00,5.262860e+00,4.967194e+00,6.445526e+00,5.617660e+00,5.440260e+00,5.321994e+00,7.273391e+00,6.445526e+00,6.090726e+00,6.859459e+00,6.682059e+00,6.682059e+00,8.160390e+00,6.386393e+00,7.391658e+00,7.569058e+00,8.101257e+00,8.574323e+00,9.283922e+00,7.923857e+00,8.751723e+00,1.023005e+01,9.402189e+00,9.106523e+00,1.052572e+01,1.058485e+01,9.756989e+00,1.123532e+01,1.070312e+01,1.170839e+01,1.040745e+01,1.170839e+01,1.271365e+01,1.365978e+01,1.277279e+01,1.283192e+01,1.247712e+01,1.224059e+01,1.306845e+01,1.312758e+01,1.425112e+01,1.377805e+01,1.348238e+01,1.295018e+01,1.448765e+01,1.265452e+01,1.342325e+01,1.590685e+01,1.377805e+01,1.655731e+01,1.371892e+01,1.241799e+01,1.153099e+01,1.247712e+01,1.442852e+01,1.271365e+01,1.253625e+01,1.218145e+01,1.354152e+01,1.253625e+01,1.419198e+01,1.312758e+01,1.129445e+01,1.289105e+01,1.277279e+01,1.164925e+01,1.176752e+01,1.088052e+01,1.117619e+01,9.520455e+00,1.034832e+01,1.082139e+01,8.456057e+00,9.993522e+00,9.165656e+00,8.869990e+00,8.278657e+00,8.396923e+00,8.278657e+00,6.445526e+00,5.617660e+00,6.622926e+00,5.854193e+00,5.558527e+00,4.612395e+00,4.848928e+00,5.321994e+00,4.080195e+00,5.558527e+00,3.843662e+00,3.725396e+00,4.021062e+00,3.961929e+00,2.247064e+00,2.720130e+00,2.838397e+00,2.483597e+00,1.773998e+00,1.300932e+00,2.010531e+00,2.838397e+00,1.892264e+00,2.069664e+00,1.833131e+00,1.241799e+00,1.596598e+00,9.461322e-01,9.461322e-01,8.278657e-01,1.123532e+00,6.504659e-01,1.300932e+00,8.278657e-01,1.182665e+00,1.005265e+00,7.687324e-01,7.095992e-01,7.687324e-01,5.913326e-01,5.321994e-01,4.139328e-01,7.687324e-01,6.504659e-01,2.365331e-01,9.461322e-01,6.504659e-01,4.139328e-01,2.956663e-01,5.321994e-01,2.365331e-01,5.321994e-01,7.095992e-01,5.913326e-01,6.504659e-01,5.913326e-01,6.504659e-01,5.913326e-01,2.956663e-01,2.365331e-01,4.730661e-01,5.913326e-01,6.504659e-01,5.321994e-01,6.504659e-01,5.321994e-01,7.687324e-01,4.139328e-01,1.182665e-01,5.321994e-01,4.730661e-01,4.730661e-01,2.365331e-01,3.547996e-01,4.730661e-01,4.139328e-01,7.687324e-01,4.139328e-01,5.321994e-01,2.365331e-01,5.913326e-01,2.365331e-01,4.139328e-01,4.139328e-01,8.869990e-01,9.461322e-01,4.139328e-01
7.687324e-01,5.321994e-01,8.278657e-01,6.504659e-01,7.687324e-01,3.547996e-01,5.321994e-01,4.139328e-01,7.095992e-01,8.278657e-01,4.139328e-01,4.139328e-01,8.869990e-01,4.730661e-01,7.095992e-01,8.278657e-01,7.095992e-01,7.687324e-01,8.278657e-01,4.730661e-01,7.095992e-01,4.139328e-01,8.869990e-01,8.278657e-01,1.123532e+00,8.278657e-01,5.321994e-01,7.687324e-01,6.504659e-01,7.687324e-01,6.504659e-01,7.687324e-01,8.869990e-01,1.300932e+00,5.913326e-01,6.504659e-01,9.461322e-01,1.123532e+00,1.005265e+00,7.095992e-01,1.064399e+00,1.241799e+00,8.278657e-01,1.478332e+00,1.182665e+00,1.182665e+00,1.419198e+00,9.461322e-01,1.123532e+00,1.064399e+00,1.596598e+00,1.596598e+00,1.005265e+00,1.537465e+00,1.005265e+00,1.241799e+00,1.478332e+00,1.714865e+00,1.478332e+00,2.069664e+00,2.247064e+00,1.300932e+00,1.478332e+00,1.773998e+00,1.596598e+00,2.187931e+00,1.300932e+00,1.892264e+00,1.478332e+00,1.360065e+00,2.365331e+00,1.241799e+00,1.773998e+00,2.247064e+00,2.306197e+00,2.128798e+00,2.306197e+00,2.010531e+00,2.483597e+00,2.306197e+00,2.424464e+00,1.714865e+00,2.306197e+00,3.015796e+00,2.187931e+00,3.193196e+00,2.306197e+00,2.247064e+00,2.720130e+00,2.720130e+00,2.306197e+00,2.601864e+00,2.838397e+00,4.080195e+00,2.483597e+00,3.074930e+00,3.961929e+00,3.902795e+00,3.666262e+00,4.375862e+00,3.134063e+00,3.547996e+00,3.488863e+00,3.311463e+00,3.961929e+00,4.848928e+00,4.908061e+00,5.617660e+00,4.553261e+00,3.547996e+00,5.558527e+00,4.553261e+00,5.262860e+00,6.268126e+00,5.262860e+00,5.913326e+00,6.445526e+00,5.617660e+00,5.795060e+00,6.445526e+00,6.741192e+00,6.445526e+00,5.321994e+00,6.149859e+00,7.036858e+00,6.208993e+00,6.445526e+00,8.929123e+00,8.278657e+00,9.697855e+00,8.160390e+00,7.687324e+00,8.515190e+00,8.751723e+00,7.214258e+00,1.011179e+01,1.052572e+01,9.579589e+00,9.461322e+00,1.064399e+01,9.697855e+00,1.034832e+01,1.218145e+01,1.052572e+01,1.099879e+01,1.088052e+01,1.200405e+01,1.111705e+01,1.235885e+01,1.224059e+01,1.241799e+01,1.360065e+01,1.395545e+01,1.271365e+01,1.247712e+01,1.371892e+01,1.295018e+01,1.448765e+01,1.265452e+01,1.306845e+01,1.271365e+01,1.478332e+01,1.360065e+01,1.537465e+01,1.229972e+01,1.460592e+01,1.407372e+01,1.324585e+01,1.371892e+01,1.342325e+01,1.342325e+01,1.436938e+01,1.348238e+01,1.336412e+01,1.235885e+01,1.206319e+01,1.229972e+01,1.277279e+01,1.093965e+01,1.277279e+01,1.182665e+01,1.224059e+01,1.164925e+01,1.141272e+01,1.099879e+01,1.058485e+01,9.579589e+00,1.034832e+01,9.579589e+00,7.687324e+00,7.982991e+00,7.273391e+00,7.214258e+00,6.563792e+00,7.391658e+00,6.149859e+00,5.558527e+00,6.268126e+00,5.440260e+00,6.031593e+00,3.725396e+00,4.198462e+00,3.607129e+00,3.902795e+00,4.316728e+00,3.252330e+00,3.961929e+00,3.074930e+00,2.779263e+00,2.660997e+00,2.128798e+00,1.596598e+00,2.542730e+00,2.128798e+00,2.128798e+00,1.773998e+00,1.478332e+00,1.537465e+00,1.478332e+00,1.182665e+00,1.419198e+00,1.300932e+00,1.419198e+00,1.064399e+00,8.869990e-01,1.478332e+00,6.504659e-01,1.064399e+00,8.869990e-01,9.461322e-01,1.005265e+00,7.095992e-01,7.095992e-01,7.687324e-01,1.064399e+00,5.913326e-01,2.956663e-01,4.139328e-01,2.365331e-01,5.321994e-01,5.913326e-01,4.730661e-01,4.139328e-01,3.547996e-01,6.504659e-01,4.730661e-01,7.095992e-01,4.139328e-01,4.730661e-01,4.730661e-01,6.504659e-01,1.773998e-01,4.139328e-01,5.321994e-01,3.547996e-01,5.321994e-01,5.321994e-01,4.139328e-01,4.730661e-01,5.321994e-01,5.913326e-01,4.730661e-01,8.869990e-01,5.321994e-01,4.730661e-01,9.461322e-01,5.321994e-01,7.095992e-01,2.956663e-01,3.547996e-01,4.730661e-01,4.730661e-01,6.504659e-01,4.730661e-01,6.504659e-01,7.687324e-01,7.095992e-01,4.730661e-01,4.139328e-01,4.730661e-01
1.005265e+00,6.504659e-01,5.321994e-01,7.095992e-01,6.504659e-01,4.730661e-01,8.869990e-01,3.547996e-01,7.095992e-01,8.278657e-01,8.869990e-01,6.504659e-01,7.095992e-01,4.139328e-01,6.504659e-01,7.687324e-01,8.278657e-01,6.504659e-01,7.095992e-01,5.913326e-01,7.095992e-01,5.913326e-01,1.300932e+00,1.241799e+00,7.687324e-01,7.095992e-01,7.095992e-01,5.321994e-01,4.730661e-01,6.504659e-01,1.064399e+00,7.095992e-01,6.504659e-01,1.064399e+00,1.005265e+00,6.504659e-01,8.869990e-01,8.869990e-01,1.182665e+00,8.278657e-01,1.182665e+00,1.478332e+00,1.064399e+00,1.182665e+00,1.300932e+00,1.360065e+00,7.095992e-01,1.123532e+00,1.300932e+00,1.478332e+00,1.005265e+00,1.478332e+00,1.892264e+00,1.300932e+00,1.005265e+00,1.655731e+00,1.537465e+00,1.123532e+00,1.478332e+00,2.010531e+00,1.123532e+00,1.833131e+00,1.833131e+00,1.596598e+00,1.714865e+00,1.537465e+00,1.951398e+00,1.714865e+00,1.596598e+00,2.247064e+00,1.478332e+00,2.010531e+00,2.424464e+00,1.714865e+00,1.951398e+00,1.833131e+00,2.306197e+00,2.010531e+00,2.069664e+00,1.596598e+00,2.365331e+00,2.601864e+00,2.424464e+00,2.069664e+00,1.773998e+00,3.015796e+00,2.483597e+00,3.015796e+00,3.252330e+00,3.607129e+00,2.601864e+00,3.252330e+00,2.660997e+00,3.074930e+00,2.720130e+00,3.843662e+00,2.838397e+00,4.375862e+00,3.488863e+00,3.488863e+00,3.902795e+00,3.429729e+00,3.843662e+00,4.730661e+00,5.262860e+00,4.198462e+00,3.370596e+00,4.375862e+00,4.908061e+00,4.848928e+00,5.676793e+00,5.499394e+00,4.553261e+00,5.085461e+00,5.203727e+00,5.026327e+00,6.149859e+00,6.682059e+00,5.558527e+00,5.558527e+00,6.149859e+00,7.509925e+00,6.563792e+00,7.391658e+00,7.687324e+00,7.095992e+00,7.155125e+00,7.273391e+00,8.278657e+00,7.982991e+00,7.746458e+00,8.810856e+00,8.988256e+00,9.224789e+00,1.082139e+01,1.023005e+01,1.017092e+01,1.064399e+01,1.129445e+01,1.188579e+01,9.638722e+00,1.076225e+01,1.147185e+01,9.638722e+00,1.253625e+01,1.129445e+01,1.235885e+01,1.135359e+01,1.194492e+01,1.170839e+01,1.129445e+01,1.235885e+01,1.229972e+01,1.289105e+01,1.519725e+01,1.247712e+01,1.318672e+01,1.342325e+01,1.436938e+01,1.324585e+01,1.442852e+01,1.549292e+01,1.531552e+01,1.088052e+01,1.371892e+01,1.383718e+01,1.342325e+01,1.436938e+01,1.365978e+01,1.295018e+01,1.490158e+01,1.501985e+01,1.330498e+01,1.271365e+01,1.306845e+01,1.336412e+01,1.253625e+01,1.070312e+01,1.247712e+01,1.135359e+01,1.093965e+01,1.052572e+01,1.058485e+01,1.093965e+01,1.117619e+01,9.579589e+00,9.638722e+00,8.515190e+00,8.692590e+00,8.278657e+00,7.864724e+00,8.515190e+00,6.918592e+00,7.332525e+00,6.622926e+00,6.327259e+00,6.563792e+00,4.494128e+00,5.676793e+00,5.381127e+00,3.843662e+00,5.262860e+00,3.902795e+00,3.843662e+00,4.671528e+00,3.252330e+00,2.956663e+00,2.956663e+00,2.838397e+00,2.365331e+00,2.483597e+00,2.601864e+00,1.655731e+00,1.892264e+00,2.306197e+00,1.714865e+00,1.360065e+00,1.833131e+00,1.596598e+00,1.714865e+00,1.360065e+00,1.360065e+00,1.360065e+00,7.095992e-01,1.300932e+00,7.095992e-01,1.005265e+00,8.278657e-01,1.005265e+00,7.095992e-01,5.913326e-01,6.504659e-01,5.913326e-01,6.504659e-01,1.064399e+00,4.139328e-01,6.504659e-01,1.005265e+00,6.504659e-01,5.913326e-01,5.913326e-01,5.321994e-01,2.956663e-01,6.504659e-01,4.730661e-01,4.139328e-01,6.504659e-01,4.730661e-01,5.913326e-01,5.913326e-01,1.773998e-01,4.730661e-01,3.547996e-01,4.139328e-01,5.321994e-01,5.321994e-01,4.139328e-01,4.139328e-01,3.547996e-01,5.321994e-01,6.504659e-01,8.278657e-01,5.913326e-01,6.504659e-01,7.095992e-01,4.139328e-01,4.730661e-01,2.956663e-01,7.687324e-01,7.687324e-01,5.913326e-01,4.139328e-01,3.547996e-01,3.547996e-01,6.504659e-01,2.365331e-01,7.687324e-01,6.504659e-01,1.773998e-01,2.365331e-01
7.687324e-01,8.278657e-01,4.730661e-01,4.730661e-01,3.547996e-01,5.321994e-01,4.139328e-01,7.095992e-01,8.869990e-01,5.913326e-01,5.321994e-01,9.461322e-01,4.139328e-01,8.278657e-01,7.095992e-01,5.321994e-01,9.461322e-01,5.321994e-01,6.504659e-01,5.321994e-01,8.869990e-01,7.095992e-01,1.005265e+00,5.913326e-01,9.461322e-01,1.123532e+00,4.139328e-01,1.241799e+00,2.956663e-01,9.461322e-01,5.913326e-01,5.913326e-01,1.123532e+00,5.913326e-01,1.123532e+00,1.005265e+00,8.869990e-01,1.241799e+00,1.478332e+00,9.461322e-01,1.064399e+00,1.064399e+00,8.869990e-01,7.095992e-01,1.182665e+00,1.005265e+00,1.478332e+00,1.478332e+00,1.064399e+00,1.123532e+00,1.419198e+00,1.064399e+00,1.537465e+00,1.419198e+00,1.300932e+00,1.478332e+00,1.892264e+00,1.833131e+00,1.123532e+00,1.300932e+00,1.714865e+00,1.537465e+00,1.537465e+00,1.714865e+00,1.360065e+00,1.478332e+00,1.833131e+00,1.655731e+00,2.010531e+00,1.596598e+00,1.892264e+00,2.424464e+00,2.483597e+00,2.365331e+00,2.365331e+00,2.187931e+00,1.951398e+00,2.010531e+00,2.010531e+00,2.069664e+00,2.838397e+00,2.601864e+00,2.424464e+00,1.596598e+00,1.773998e+00,2.069664e+00,2.720130e+00,1.951398e+00,2.424464e+00,2.365331e+00,2.838397e+00,3.311463e+00,2.660997e+00,2.956663e+00,3.725396e+00,3.074930e+00,3.607129e+00,3.429729e+00,3.666262e+00,3.193196e+00,3.134063e+00,3.902795e+00,3.961929e+00,3.902795e+00,4.434995e+00,4.434995e+00,4.080195e+00,3.725396e+00,4.612395e+00,5.203727e+00,5.558527e+00,6.327259e+00,5.381127e+00,5.085461e+00,4.848928e+00,5.795060e+00,6.268126e+00,6.090726e+00,6.563792e+00,5.381127e+00,7.214258e+00,6.268126e+00,6.741192e+00,6.859459e+00,8.101257e+00,5.854193e+00,7.923857e+00,7.332525e+00,8.574323e+00,8.515190e+00,9.047389e+00,8.810856e+00,8.633457e+00,9.224789e+00,9.756989e+00,8.633457e+00,9.461322e+00,1.023005e+01,1.005265e+01,1.064399e+01,9.283922e+00,1.070312e+01,1.034832e+01,1.141272e+01,1.241799e+01,1.206319e+01,1.147185e+01,1.241799e+01,1.153099e+01,1.283192e+01,1.093965e+01,1.147185e+01,1.224059e+01,1.383718e+01,1.253625e+01,1.395545e+01,1.377805e+01,1.277279e+01,1.318672e+01,1.383718e+01,1.507898e+01,1.436938e+01,1.478332e+01,1.460592e+01,1.265452e+01,1.436938e+01,1.501985e+01,1.389632e+01,1.425112e+01,1.496072e+01,1.436938e+01,1.330498e+01,1.224059e+01,1.531552e+01,1.200405e+01,1.300932e+01,1.295018e+01,1.194492e+01,1.046659e+01,1.235885e+01,1.188579e+01,1.064399e+01,1.046659e+01,9.579589e+00,1.005265e+01,9.934388e+00,9.283922e+00,8.456057e+00,8.219524e+00,8.101257e+00,8.101257e+00,6.977725e+00,6.741192e+00,6.741192e+00,5.735927e+00,5.558527e+00,6.622926e+00,5.854193e+00,5.735927e+00,4.612395e+00,5.321994e+00,4.375862e+00,3.074930e+00,3.252330e+00,3.547996e+00,3.488863e+00,3.252330e+00,3.311463e+00,2.542730e+00,2.483597e+00,2.779263e+00,2.779263e+00,2.187931e+00,1.951398e+00,1.892264e+00,1.773998e+00,1.596598e+00,1.478332e+00,1.419198e+00,1.655731e+00,7.095992e-01,1.241799e+00,1.123532e+00,8.869990e-01,1.182665e+00,1.005265e+00,1.005265e+00,9.461322e-01,8.869990e-01,4.139328e-01,8.278657e-01,1.241799e+00,5.913326e-01,8.869990e-01,5.913326e-01,5.913326e-01,7.095992e-01,6.504659e-01,2.956663e-01,7.095992e-01,6.504659e-01,7.687324e-01,1.005265e+00,3.547996e-01,8.869990e-01,5.913326e-01,2.956663e-01,4.139328e-01,4.730661e-01,5.913326e-01,7.095992e-01,4.139328e-01,3.547996e-01,4.139328e-01,4.139328e-01,8.278657e-01,7.687324e-01,4.730661e-01,5.321994e-01,2.365331e-01,6.504659e-01,1.773998e-01,5.913326e-01,7.687324e-01,7.095992e-01,5.913326e-01,6.504659e-01,4.730661e-01,4.139328e-01,6.504659e-01,2.956663e-01,7.687324e-01,3.547996e-01,5.321994e-01,3.547996e-01,5.321994e-01,5.913326e-01,5.321994e-01,2.365331e-01,6.504659e-01
4.139328e-01,6.504659e-01,4.730661e-01,4.730661e-01,7.687324e-01,6.504659e-01,4.730661e-01,8.278657e-01,4.139328e-01,1.064399e+00,7.687324e-01,7.687324e-01,3.547996e-01,7.095992e-01,6.504659e-01,5.321994e-01,4.139328e-01,1.123532e+00,7.687324e-01,5.913326e-01,7.687324e-01,1.005265e+00,8.278657e-01,6.504659e-01,7.095992e-01,4.730661e-01,8.278657e-01,1.064399e+00,8.869990e-01,7.687324e-01,6.504659e-01,9.461322e-01,1.064399e+00,1.064399e+00,1.123532e+00,8.869990e-01,8.869990e-01,1.123532e+00,7.095992e-01,1.655731e+00,1.360065e+00,1.005265e+00,8.278657e-01,7.687324e-01,1.064399e+00,1.005265e+00,8.278657e-01,8.869990e-01,1.005265e+00,1.123532e+00,1.300932e+00,1.241799e+00,1.478332e+00,1.773998e+00,1.360065e+00,1.182665e+00,8.869990e-01,1.714865e+00,1.714865e+00,1.714865e+00,1.005265e+00,1.892264e+00,2.187931e+00,2.069664e+00,1.419198e+00,2.306197e+00,2.128798e+00,2.601864e+00,2.010531e+00,1.596598e+00,1.596598e+00,1.655731e+00,2.010531e+00,1.773998e+00,1.655731e+00,1.596598e+00,1.892264e+00,2.010531e+00,2.601864e+00,2.187931e+00,2.542730e+00,2.424464e+00,2.483597e+00,2.365331e+00,2.247064e+00,2.720130e+00,2.720130e+00,2.601864e+00,2.306197e+00,3.252330e+00,3.370596e+00,3.666262e+00,3.193196e+00,3.488863e+00,3.607129e+00,3.252330e+00,3.252330e+00,3.607129e+00,3.666262e+00,3.961929e+00,4.257595e+00,4.257595e+00,3.902795e+00,4.375862e+00,4.494128e+00,4.789794e+00,4.198462e+00,4.316728e+00,4.434995e+00,4.730661e+00,4.375862e+00,5.795060e+00,5.499394e+00,4.375862e+00,5.617660e+00,5.972460e+00,5.440260e+00,6.504659e+00,5.735927e+00,6.149859e+00,6.622926e+00,6.031593e+00,5.972460e+00,5.972460e+00,6.682059e+00,6.445526e+00,7.332525e+00,9.047389e+00,7.687324e+00,7.746458e+00,8.160390e+00,7.509925e+00,9.756989e+00,9.165656e+00,8.574323e+00,9.461322e+00,8.751723e+00,9.402189e+00,1.023005e+01,9.756989e+00,1.093965e+01,1.005265e+01,1.034832e+01,1.082139e+01,1.052572e+01,1.164925e+01,1.253625e+01,1.093965e+01,1.324585e+01,1.336412e+01,1.147185e+01,1.259539e+01,1.247712e+01,1.436938e+01,1.348238e+01,1.466505e+01,1.306845e+01,1.413285e+01,1.218145e+01,1.395545e+01,1.318672e+01,1.360065e+01,1.419198e+01,1.277279e+01,1.395545e+01,1.212232e+01,1.277279e+01,1.224059e+01,1.484245e+01,1.519725e+01,1.289105e+01,1.431025e+01,1.377805e+01,1.336412e+01,1.229972e+01,1.159012e+01,1.371892e+01,1.147185e+01,1.336412e+01,1.088052e+01,1.011179e+01,1.058485e+01,1.040745e+01,1.176752e+01,9.816122e+00,9.934388e+00,9.579589e+00,9.106523e+00,8.515190e+00,9.402189e+00,7.273391e+00,6.859459e+00,7.095992e+00,8.101257e+00,6.682059e+00,5.676793e+00,6.208993e+00,6.563792e+00,4.848928e+00,5.321994e+00,3.784529e+00,3.488863e+00,4.021062e+00,3.607129e+00,3.902795e+00,3.252330e+00,3.074930e+00,2.956663e+00,2.542730e+00,2.897530e+00,2.660997e+00,3.015796e+00,1.833131e+00,1.773998e+00,1.537465e+00,1.892264e+00,1.478332e+00,1.655731e+00,1.655731e+00,1.419198e+00,1.419198e+00,1.123532e+00,9.461322e-01,1.005265e+00,1.300932e+00,1.005265e+00,7.687324e-01,1.123532e+00,8.869990e-01,1.182665e+00,5.913326e-01,8.278657e-01,7.095992e-01,7.687324e-01,3.547996e-01,5.321994e-01,6.504659e-01,5.913326e-01,5.913326e-01,7.687324e-01,6.504659e-01,4.730661e-01,5.913326e-01,4.730661e-01,2.365331e-01,3.547996e-01,5.321994e-01,5.913326e-01,5.913326e-01,4.730661e-01,4.139328e-01,2.956663e-01,4.139328e-01,7.095992e-01,4.139328e-01,5.913326e-01,5.913326e-01,6.504659e-01,7.687324e-01,4.139328e-01,3.547996e-01,3.547996e-01,5.321994e-01,6.504659e-01,4.730661e-01,5.913326e-01,5.321994e-01,3.547996e-01,7.687324e-01,5.321994e-01,7.687324e-01,4.730661e-01,3.547996e-01,4.730661e-01,6.504659e-01,2.956663e-01,8.278657e-01,6.504659e-01,4.730661e-01,2.956663e-01
4.139328e-01,7.095992e-01,8.278657e-01,4.730661e-01,4.730661e-01,8.278657e-01,3.547996e-01,6.504659e-01,5.321994e-01,6.504659e-01,6.504659e-01,5.913326e-01,7.095992e-01,5.321994e-01,5.913326e-01,7.687324e-01,2.956663e-01,6.504659e-01,1.123532e+00,7.687324e-01,7.095992e-01,9.461322e-01,6.504659e-01,8.869990e-01,5.321994e-01,8.869990e-01,9.461322e-01,9.461322e-01,7.687324e-01,7.095992e-01,7.687324e-01,4.730661e-01,1.360065e+00,1.005265e+00,8.869990e-01,6.504659e-01,5.913326e-01,1.478332e+00,5.913326e-01,1.241799e+00,1.182665e+00,1.005265e+00,8.869990e-01,1.005265e+00,1.005265e+00,1.241799e+00,1.182665e+00,7.095992e-01,1.419198e+00,1.182665e+00,1.360065e+00,8.278657e-01,1.478332e+00,1.596598e+00,1.714865e+00,1.360065e+00,1.478332e+00,8.869990e-01,1.360065e+00,1.714865e+00,1.596598e+00,1.537465e+00,1.596598e+00,1.714865e+00,1.478332e+00,1.478332e+00,1.833131e+00,1.419198e+00,1.064399e+00,1.655731e+00,2.483597e+00,1.773998e+00,2.306197e+00,1.714865e+00,1.951398e+00,2.483597e+00,2.010531e+00,2.483597e+00,2.365331e+00,2.365331e+00,1.951398e+00,2.069664e+00,3.015796e+00,2.601864e+00,1.596598e+00,2.779263e+00,2.660997e+00,2.838397e+00,2.601864e+00,3.488863e+00,2.365331e+00,2.838397e+00,3.134063e+00,2.838397e+00,3.547996e+00,3.370596e+00,3.607129e+00,3.370596e+00,4.375862e+00,3.134063e+00,3.429729e+00,3.134063e+00,3.843662e+00,3.488863e+00,4.730661e+00,4.848928e+00,4.553261e+00,4.434995e+00,3.961929e+00,4.730661e+00,5.144594e+00,5.085461e+00,4.730661e+00,5.381127e+00,4.967194e+00,5.203727e+00,5.440260e+00,5.854193e+00,4.967194e+00,5.676793e+00,7.450791e+00,6.741192e+00,6.504659e+00,6.327259e+00,8.042124e+00,6.741192e+00,7.273391e+00,7.982991e+00,8.160390e+00,8.692590e+00,7.805591e+00,8.219524e+00,8.692590e+00,9.224789e+00,8.988256e+00,8.337790e+00,9.224789e+00,9.579589e+00,1.064399e+01,9.520455e+00,1.058485e+01,1.099879e+01,1.028919e+01,1.070312e+01,1.117619e+01,1.052572e+01,1.147185e+01,1.241799e+01,1.218145e+01,1.200405e+01,1.099879e+01,1.153099e+01,1.490158e+01,1.176752e+01,1.371892e+01,1.318672e+01,1.306845e+01,1.277279e+01,1.419198e+01,1.389632e+01,1.407372e+01,1.519725e+01,1.478332e+01,1.425112e+01,1.360065e+01,1.413285e+01,1.490158e+01,1.247712e+01,1.454678e+01,1.507898e+01,1.383718e+01,1.389632e+01,1.401458e+01,1.218145e+01,1.354152e+01,1.153099e+01,1.182665e+01,1.354152e+01,1.212232e+01,9.875255e+00,1.058485e+01,1.159012e+01,1.141272e+01,1.011179e+01,1.046659e+01,1.028919e+01,1.058485e+01,8.751723e+00,8.278657e+00,7.628191e+00,7.036858e+00,7.687324e+00,6.386393e+00,7.273391e+00,5.617660e+00,6.208993e+00,5.676793e+00,4.494128e+00,5.381127e+00,4.671528e+00,5.676793e+00,4.434995e+00,4.139328e+00,3.134063e+00,3.429729e+00,3.607129e+00,4.021062e+00,2.306197e+00,2.128798e+00,2.601864e+00,2.365331e+00,2.601864e+00,2.601864e+00,2.483597e+00,2.010531e+00,1.655731e+00,2.306197e+00,1.478332e+00,1.241799e+00,1.419198e+00,1.241799e+00,1.300932e+00,1.182665e+00,1.064399e+00,1.064399e+00,8.278657e-01,7.095992e-01,8.278657e-01,6.504659e-01,8.869990e-01,7.687324e-01,8.278657e-01,3.547996e-01,7.687324e-01,4.139328e-01,8.869990e-01,5.913326e-01,5.321994e-01,9.461322e-01,7.095992e-01,3.547996e-01,4.139328e-01,5.321994e-01,8.278657e-01,4.730661e-01,6.504659e-01,8.869990e-01,4.730661e-01,7.687324e-01,6.504659e-01,5.321994e-01,2.956663e-01,7.095992e-01,8.278657e-01,5.913326e-01,4.730661e-01,4.730661e-01,8.278657e-01,5.913326e-01,3.547996e-01,2.956663e-01,4.730661e-01,4.730661e-01,2.956663e-01,2.365331e-01,4.139328e-01,6.504659e-01,6.504659e-01,2.956663e-01,3.547996e-01,8.278657e-01,5.913326e-01,2.365331e-01,5.913326e-01,5.913326e-01,2.956663e-01,5.321994e-01,2.365331e-01,3.547996e-01,4.730661e-01
8.278657e-01,3.547996e-01,1.005265e+00,6.504659e-01,8.278657e-01,9.461322e-01,8.278657e-01,8.278657e-01,9.461322e-01,5.321994e-01,3.547996e-01,7.095992e-01,4.730661e-01,6.504659e-01,1.064399e+00,7.095992e-01,5.913326e-01,8.869990e-01,1.064399e+00,2.956663e-01,1.123532e+00,7.095992e-01,8.869990e-01,5.913326e-01,7.687324e-01,1.241799e+00,5.913326e-01,6.504659e-01,7.095992e-01,1.005265e+00,9.461322e-01,1.123532e+00,1.123532e+00,8.278657e-01,1.005265e+00,9.461322e-01,1.005265e+00,5.913326e-01,1.300932e+00,8.869990e-01,1.360065e+00,1.241799e+00,1.241799e+00,8.278657e-01,1.182665e+00,8.278657e-01,1.360065e+00,1.360065e+00,8.869990e-01,1.123532e+00,7.095992e-01,1.419198e+00,1.951398e+00,1.241799e+00,1.064399e+00,1.300932e+00,9.461322e-01,1.773998e+00,1.478332e+00,1.596598e+00,1.360065e+00,1.892264e+00,1.892264e+00,1.064399e+00,1.892264e+00,1.951398e+00,1.951398e+00,2.010531e+00,2.365331e+00,1.833131e+00,1.833131e+00,2.010531e+00,1.773998e+00,1.833131e+00,2.010531e+00,2.069664e+00,2.424464e+00,1.892264e+00,1.951398e+00,2.483597e+00,2.897530e+00,2.365331e+00,2.424464e+00,2.424464e+00,2.247064e+00,2.128798e+00,2.424464e+00,2.897530e+00,2.660997e+00,2.660997e+00,3.370596e+00,2.956663e+00,3.370596e+00,3.429729e+00,3.429729e+00,3.961929e+00,3.252330e+00,3.252330e+00,3.666262e+00,4.021062e+00,4.198462e+00,4.021062e+00,3.370596e+00,4.375862e+00,3.843662e+00,5.321994e+00,4.789794e+00,4.198462e+00,4.789794e+00,5.085461e+00,4.967194e+00,4.908061e+00,6.268126e+00,5.676793e+00,5.440260e+00,5.203727e+00,5.913326e+00,5.262860e+00,6.977725e+00,5.499394e+00,6.622926e+00,6.682059e+00,6.386393e+00,6.622926e+00,7.569058e+00,7.095992e+00,6.563792e+00,8.633457e+00,8.042124e+00,7.332525e+00,8.515190e+00,8.337790e+00,8.456057e+00,8.160390e+00,8.929123e+00,1.058485e+01,1.028919e+01,1.052572e+01,9.638722e+00,9.816122e+00,9.461322e+00,1.064399e+01,1.017092e+01,1.028919e+01,1.182665e+01,1.188579e+01,1.277279e+01,1.247712e+01,1.241799e+01,1.194492e+01,1.253625e+01,1.289105e+01,1.348238e+01,1.271365e+01,1.360065e+01,1.306845e+01,1.306845e+01,1.312758e+01,1.336412e+01,1.371892e+01,1.419198e+01,1.496072e+01,1.283192e+01,1.626165e+01,1.413285e+01,1.389632e+01,1.413285e+01,1.549292e+01,1.360065e+01,1.348238e+01,1.330498e+01,1.425112e+01,1.425112e+01,1.241799e+01,1.206319e+01,1.265452e+01,1.058485e+01,1.354152e+01,1.259539e+01,1.229972e+01,1.253625e+01,1.076225e+01,9.343056e+00,9.697855e+00,8.810856e+00,9.047389e+00,7.450791e+00,9.579589e+00,9.934388e+00,8.633457e+00,7.805591e+00,6.741192e+00,7.450791e+00,7.155125e+00,6.327259e+00,7.273391e+00,5.321994e+00,4.080195e+00,4.789794e+00,5.381127e+00,5.558527e+00,4.434995e+00,4.316728e+00,3.784529e+00,3.429729e+00,3.193196e+00,3.784529e+00,2.424464e+00,3.015796e+00,2.838397e+00,3.015796e+00,2.601864e+00,1.655731e+00,1.833131e+00,2.424464e+00,1.419198e+00,1.537465e+00,1.833131e+00,1.300932e+00,1.300932e+00,1.478332e+00,1.537465e+00,8.869990e-01,1.596598e+00,6.504659e-01,8.869990e-01,8.278657e-01,8.869990e-01,6.504659e-01,7.095992e-01,7.095992e-01,8.869990e-01,5.913326e-01,6.504659e-01,6.504659e-01,5.913326e-01,3.547996e-01,6.504659e-01,5.913326e-01,5.913326e-01,6.504659e-01,4.730661e-01,7.095992e-01,5.913326e-01,5.913326e-01,5.913326e-01,4.730661e-01,7.095992e-01,5.321994e-01,5.913326e-01,4.139328e-01,7.095992e-01,3.547996e-01,4.139328e-01,5.913326e-01,3.547996e-01,4.730661e-01,1.773998e-01,3.547996e-01,1.773998e-01,7.095992e-01,8.869990e-01,7.095992e-01,9.461322e-01,4.139328e-01,6.504659e-01,4.139328e-01,5.913326e-01,4.730661e-01,5.321994e-01,5.913326e-01,2.956663e-01,4.139328e-01,5.913326e-01,6.504659e-01,7.687324e-01,4.139328e-01,6.504659e-01,5.321994e-01,4.139328e-01
8.278657e-01,4.730661e-01,5.913326e-01,7.687324e-01,6.504659e-01,2.956663e-01,8.278657e-01,5.913326e-01,5.913326e-01,5.913326e-01,5.913326e-01,4.730661e-01,4.730661e-01,6.504659e-01,4.139328e-01,7.687324e-01,7.095992e-01,7.095992e-01,6.504659e-01,9.461322e-01,8.869990e-01,7.687324e-01,9.461322e-01,7.095992e-01,1.241799e+00,9.461322e-01,9.461322e-01,9.461322e-01,9.461322e-01,6.504659e-01,1.123532e+00,8.278657e-01,9.461322e-01,8.869990e-01,7.687324e-01,1.064399e+00,1.123532e+00,1.005265e+00,9.461322e-01,7.687324e-01,8.869990e-01,8.278657e-01,8.278657e-01,1.182665e+00,1.241799e+00,1.419198e+00,6.504659e-01,1.123532e+00,7.095992e-01,1.419198e+00,9.461322e-01,1.773998e+00,1.537465e+00,1.419198e+00,1.123532e+00,1.241799e+00,1.064399e+00,1.596598e+00,1.300932e+00,1.241799e+00,2.128798e+00,1.596598e+00,1.419198e+00,1.596598e+00,2.365331e+00,1.300932e+00,2.247064e+00,1.537465e+00,1.714865e+00,1.714865e+00,1.478332e+00,1.951398e+00,2.069664e+00,2.424464e+00,2.424464e+00,2.247064e+00,1.951398e+00,1.714865e+00,2.247064e+00,1.773998e+00,2.483597e+00,2.306197e+00,2.010531e+00,2.365331e+00,2.424464e+00,2.306197e+00,2.956663e+00,3.488863e+00,4.021062e+00,2.601864e+00,3.134063e+00,2.956663e+00,3.666262e+00,3.134063e+00,3.607129e+00,3.193196e+00,3.429729e+00,3.311463e+00,3.725396e+00,3.961929e+00,3.666262e+00,3.961929e+00,4.908061e+00,3.725396e+00,3.429729e+00,4.789794e+00,4.021062e+00,4.612395e+00,4.553261e+00,4.612395e+00,4.671528e+00,4.789794e+00,4.789794e+00,4.908061e+00,5.735927e+00,5.321994e+00,5.085461e+00,5.440260e+00,6.031593e+00,6.741192e+00,6.208993e+00,6.859459e+00,6.386393e+00,7.095992e+00,6.327259e+00,8.101257e+00,7.628191e+00,7.805591e+00,7.391658e+00,6.682059e+00,7.687324e+00,8.042124e+00,9.461322e+00,7.746458e+00,1.028919e+01,1.052572e+01,9.165656e+00,1.028919e+01,9.224789e+00,9.993522e+00,1.088052e+01,1.040745e+01,1.082139e+01,1.194492e+01,1.052572e+01,1.005265e+01,1.212232e+01,1.295018e+01,1.164925e+01,1.082139e+01,1.117619e+01,1.194492e+01,1.283192e+01,1.448765e+01,1.283192e+01,1.377805e+01,1.407372e+01,1.519725e+01,1.371892e+01,1.572945e+01,1.348238e+01,1.342325e+01,1.306845e+01,1.348238e+01,1.448765e+01,1.371892e+01,1.431025e+01,1.537465e+01,1.289105e+01,1.419198e+01,1.377805e+01,1.383718e+01,1.176752e+01,1.318672e+01,1.194492e+01,1.159012e+01,1.159012e+01,1.306845e+01,1.212232e+01,9.816122e+00,1.082139e+01,1.224059e+01,1.159012e+01,1.052572e+01,9.638722e+00,1.028919e+01,8.929123e+00,8.219524e+00,8.219524e+00,8.988256e+00,7.687324e+00,7.864724e+00,7.746458e+00,5.972460e+00,7.036858e+00,6.859459e+00,5.085461e+00,5.617660e+00,5.144594e+00,4.612395e+00,5.144594e+00,4.080195e+00,4.967194e+00,4.612395e+00,3.961929e+00,3.370596e+00,3.074930e+00,3.015796e+00,2.897530e+00,2.424464e+00,2.128798e+00,2.483597e+00,2.424464e+00,2.660997e+00,1.892264e+00,2.306197e+00,1.537465e+00,1.419198e+00,1.478332e+00,1.241799e+00,1.182665e+00,9.461322e-01,1.300932e+00,1.123532e+00,8.278657e-01,1.241799e+00,1.300932e+00,1.064399e+00,1.005265e+00,5.321994e-01,9.461322e-01,7.095992e-01,1.005265e+00,5.913326e-01,8.278657e-01,6.504659e-01,1.064399e+00,4.730661e-01,4.730661e-01,5.321994e-01,4.730661e-01,8.278657e-01,7.095992e-01,4.730661e-01,5.321994e-01,3.547996e-01,2.956663e-01,5.913326e-01,4.730661e-01,4.139328e-01,5.913326e-01,3.547996e-01,4.730661e-01,7.687324e-01,5.321994e-01,4.139328e-01,4.139328e-01,1.064399e+00,4.139328e-01,5.321994e-01,4.139328e-01,3.547996e-01,5.321994e-01,5.321994e-01,5.913326e-01,5.913326e-01,2.956663e-01,7.095992e-01,5.321994e-01,3.547996e-01,7.095992e-01,6.504659e-01,8.869990e-01,4.139328e-01,5.321994e-01,4.139328e-01,3.547996e-01,4.139328e-01,9.461322e-01,2.365331e-01
4.139328e-01,6.504659e-01,2.956663e-01,4.139328e-01,7.095992e-01,7.687324e-01,7.095992e-01,4.139328e-01,5.913326e-01,7.687324e-01,7.095992e-01,5.913326e-01,1.182665e+00,6.504659e-01,5.321994e-01,6.504659e-01,9.461322e-01,5.913326e-01,1.064399e+00,3.547996e-01,9.461322e-01,4.139328e-01,7.095992e-01,7.095992e-01,5.913326e-01,9.461322e-01,7.095992e-01,8.869990e-01,1.360065e+00,1.005265e+00,1.005265e+00,1.241799e+00,1.005265e+00,7.095992e-01,9.461322e-01,1.419198e+00,1.300932e+00,1.241799e+00,1.064399e+00,1.005265e+00,1.005265e+00,1.478332e+00,8.869990e-01,1.596598e+00,1.537465e+00,1.064399e+00,2.010531e+00,1.419198e+00,1.300932e+00,1.241799e+00,1.123532e+00,1.123532e+00,1.241799e+00,1.005265e+00,7.687324e-01,1.773998e+00,1.182665e+00,1.478332e+00,1.833131e+00,1.419198e+00,1.360065e+00,2.010531e+00,1.182665e+00,1.773998e+00,1.419198e+00,1.300932e+00,2.187931e+00,1.951398e+00,2.128798e+00,2.010531e+00,2.424464e+00,1.833131e+00,1.951398e+00,2.069664e+00,2.247064e+00,1.833131e+00,1.833131e+00,3.015796e+00,2.069664e+00,2.838397e+00,2.542730e+00,2.069664e+00,2.897530e+00,2.424464e+00,2.720130e+00,2.542730e+00,1.833131e+00,2.838397e+00,3.015796e+00,2.601864e+00,3.666262e+00,3.074930e+00,2.897530e+00,2.660997e+00,3.311463e+00,3.193196e+00,3.311463e+00,3.725396e+00,4.316728e+00,2.838397e+00,3.725396e+00,4.139328e+00,4.198462e+00,3.370596e+00,3.961929e+00,5.026327e+00,3.252330e+00,3.784529e+00,5.440260e+00,5.144594e+00,4.967194e+00,3.666262e+00,4.789794e+00,5.676793e+00,6.682059e+00,5.676793e+00,6.386393e+00,6.386393e+00,7.036858e+00,6.918592e+00,6.622926e+00,6.682059e+00,6.327259e+00,6.859459e+00,7.746458e+00,7.864724e+00,8.278657e+00,8.515190e+00,7.687324e+00,8.929123e+00,8.810856e+00,6.918592e+00,9.579589e+00,9.343056e+00,9.756989e+00,9.224789e+00,8.988256e+00,1.034832e+01,1.040745e+01,9.934388e+00,9.993522e+00,1.070312e+01,1.153099e+01,1.212232e+01,1.147185e+01,1.105792e+01,1.135359e+01,1.170839e+01,1.200405e+01,1.147185e+01,1.295018e+01,1.295018e+01,1.383718e+01,1.448765e+01,1.224059e+01,1.141272e+01,1.584771e+01,1.431025e+01,1.289105e+01,1.224059e+01,1.555205e+01,1.348238e+01,1.496072e+01,1.401458e+01,1.365978e+01,1.371892e+01,1.318672e+01,1.413285e+01,1.407372e+01,1.271365e+01,1.265452e+01,1.265452e+01,1.194492e+01,1.147185e+01,1.289105e+01,1.484245e+01,1.170839e+01,1.283192e+01,1.218145e+01,1.164925e+01,1.224059e+01,1.141272e+01,1.105792e+01,1.064399e+01,9.106523e+00,1.046659e+01,9.283922e+00,7.509925e+00,7.687324e+00,7.982991e+00,8.810856e+00,7.450791e+00,8.869990e+00,6.149859e+00,5.676793e+00,6.622926e+00,5.972460e+00,5.144594e+00,4.612395e+00,5.203727e+00,4.434995e+00,4.375862e+00,4.375862e+00,3.725396e+00,3.961929e+00,3.725396e+00,2.897530e+00,3.015796e+00,3.193196e+00,3.488863e+00,2.128798e+00,2.247064e+00,1.714865e+00,1.360065e+00,1.773998e+00,1.773998e+00,1.123532e+00,1.537465e+00,1.833131e+00,9.461322e-01,1.537465e+00,1.182665e+00,1.419198e+00,1.182665e+00,1.478332e+00,1.005265e+00,8.278657e-01,1.005265e+00,7.095992e-01,9.461322e-01,6.504659e-01,1.005265e+00,6.504659e-01,7.687324e-01,8.278657e-01,5.913326e-01,7.095992e-01,6.504659e-01,5.913326e-01,8.869990e-01,7.095992e-01,3.547996e-01,5.321994e-01,4.730661e-01,5.913326e-01,5.913326e-01,4.139328e-01,4.139328e-01,5.913326e-01,8.869990e-01,7.687324e-01,3.547996e-01,2.365331e-01,4.139328e-01,7.687324e-01,8.869990e-01,5.913326e-01,1.005265e+00,3.547996e-01,4.139328e-01,7.095992e-01,4.730661e-01,6.504659e-01,4.730661e-01,4.730661e-01,5.913326e-01,3.547996e-01,6.504659e-01,5.321994e-01,4.730661e-01,3.547996e-01,4.139328e-01,7.095992e-01,2.956663e-01,3.547996e-01,4.730661e-01,3.547996e-01,3.547996e-01,5.913326e-01,3.547996e-01
6.504659e-01,5.321994e-01,6.504659e-01,2.956663e-01,4.730661e-01,7.687324e-01,4.730661e-01,9.461322e-01,1.182665e-01,8.278657e-01,6.504659e-01,2.365331e-01,7.095992e-01,5.321994e-01,6.504659e-01,7.095992e-01,8.278657e-01,9.461322e-01,9.461322e-01,7.095992e-01,7.687324e-01,5.321994e-01,5.913326e-01,5.913326e-01,1.064399e+00,7.095992e-01,7.095992e-01,1.005265e+00,1.419198e+00,9.461322e-01,8.278657e-01,8.278657e-01,1.419198e+00,1.005265e+00,8.278657e-01,1.005265e+00,1.123532e+00,1.360065e+00,8.278657e-01,1.123532e+00,1.064399e+00,1.655731e+00,1.064399e+00,7.687324e-01,1.419198e+00,1.360065e+00,1.596598e+00,1.537465e+00,8.278657e-01,1.360065e+00,1.596598e+00,1.714865e+00,1.182665e+00,1.360065e+00,1.360065e+00,1.596598e+00,1.182665e+00,1.360065e+00,1.300932e+00,1.478332e+00,1.714865e+00,1.596598e+00,1.478332e+00,1.537465e+00,2.187931e+00,1.892264e+00,1.419198e+00,1.892264e+00,1.773998e+00,2.128798e+00,1.833131e+00,2.128798e+00,2.128798e+00,2.365331e+00,1.419198e+00,2.365331e+00,2.838397e+00,2.187931e+00,1.892264e+00,2.424464e+00,2.365331e+00,1.951398e+00,2.542730e+00,2.424464e+00,1.773998e+00,2.542730e+00,2.956663e+00,3.134063e+00,3.370596e+00,3.015796e+00,3.370596e+00,3.488863e+00,2.660997e+00,3.547996e+00,2.838397e+00,3.902795e+00,3.607129e+00,3.961929e+00,3.429729e+00,3.902795e+00,3.311463e+00,3.784529e+00,4.139328e+00,4.139328e+00,5.262860e+00,4.671528e+00,4.139328e+00,4.021062e+00,5.676793e+00,5.085461e+00,4.612395e+00,4.848928e+00,6.268126e+00,5.144594e+00,4.967194e+00,5.795060e+00,6.208993e+00,5.558527e+00,6.800325e+00,6.859459e+00,7.214258e+00,6.208993e+00,8.101257e+00,6.031593e+00,7.923857e+00,7.036858e+00,8.337790e+00,7.982991e+00,7.982991e+00,8.278657e+00,7.687324e+00,7.746458e+00,9.283922e+00,9.047389e+00,9.993522e+00,9.993522e+00,9.402189e+00,1.070312e+01,1.105792e+01,1.141272e+01,1.082139e+01,1.040745e+01,1.206319e+01,1.023005e+01,1.164925e+01,1.123532e+01,1.123532e+01,1.206319e+01,1.271365e+01,1.365978e+01,1.028919e+01,1.153099e+01,1.466505e+01,1.419198e+01,1.324585e+01,1.295018e+01,1.342325e+01,1.330498e+01,1.277279e+01,1.472418e+01,1.336412e+01,1.365978e+01,1.425112e+01,1.342325e+01,1.407372e+01,1.442852e+01,1.377805e+01,1.537465e+01,1.389632e+01,1.300932e+01,1.259539e+01,1.229972e+01,1.235885e+01,1.241799e+01,1.395545e+01,1.224059e+01,1.147185e+01,1.206319e+01,1.188579e+01,1.324585e+01,1.028919e+01,1.034832e+01,1.058485e+01,9.934388e+00,9.579589e+00,1.064399e+01,8.574323e+00,8.515190e+00,9.875255e+00,8.101257e+00,8.337790e+00,6.090726e+00,6.977725e+00,6.741192e+00,6.268126e+00,5.499394e+00,6.090726e+00,5.085461e+00,5.321994e+00,4.139328e+00,3.547996e+00,3.370596e+00,3.843662e+00,3.902795e+00,2.897530e+00,3.547996e+00,2.720130e+00,2.720130e+00,2.897530e+00,2.187931e+00,2.956663e+00,2.424464e+00,1.714865e+00,2.010531e+00,2.128798e+00,1.833131e+00,1.714865e+00,1.241799e+00,1.655731e+00,1.064399e+00,1.123532e+00,1.419198e+00,1.241799e+00,1.123532e+00,8.869990e-01,7.095992e-01,1.300932e+00,5.913326e-01,9.461322e-01,1.182665e+00,7.687324e-01,8.278657e-01,9.461322e-01,7.687324e-01,1.182665e+00,7.095992e-01,8.278657e-01,9.461322e-01,4.730661e-01,6.504659e-01,2.956663e-01,7.095992e-01,7.687324e-01,1.773998e-01,7.687324e-01,4.139328e-01,4.139328e-01,4.730661e-01,7.687324e-01,5.913326e-01,4.139328e-01,4.139328e-01,4.139328e-01,4.139328e-01,5.321994e-01,2.956663e-01,4.730661e-01,8.869990e-01,7.095992e-01,1.773998e-01,2.956663e-01,6.504659e-01,3.547996e-01,4.139328e-01,1.773998e-01,6.504659e-01,3.547996e-01,3.547996e-01,5.913326e-01,5.321994e-01,4.730661e-01,3.547996e-01,4.139328e-01,2.956663e-01,4.139328e-01,7.095992e-01,4.730661e-01,5.321994e-01,5.321994e-01,2.365331e-01
5.321994e-01,8.278657e-01,4.730661e-01,8.278657e-01,8.869990e-01,7.095992e-01,7.687324e-01,7.687324e-01,5.913326e-01,7.095992e-01,7.687324e-01,7.687324e-01,6.504659e-01,8.278657e-01,5.913326e-01,5.913326e-01,5.913326e-01,1.064399e+00,5.913326e-01,8.869990e-01,6.504659e-01,1.005265e+00,6.504659e-01,7.095992e-01,8.869990e-01,4.139328e-01,1.123532e+00,7.687324e-01,1.005265e+00,1.064399e+00,1.064399e+00,5.913326e-01,1.241799e+00,1.005265e+00,1.241799e+00,5.913326e-01,1.123532e+00,7.095992e-01,1.123532e+00,1.241799e+00,1.419198e+00,5.321994e-01,9.461322e-01,9.461322e-01,6.504659e-01,1.123532e+00,1.005265e+00,1.123532e+00,1.419198e+00,1.064399e+00,1.241799e+00,1.300932e+00,9.461322e-01,1.537465e+00,1.123532e+00,1.537465e+00,1.419198e+00,1.241799e+00,1.419198e+00,1.478332e+00,1.241799e+00,1.300932e+00,1.360065e+00,2.069664e+00,1.478332e+00,1.596598e+00,1.833131e+00,1.714865e+00,2.069664e+00,1.892264e+00,2.720130e+00,1.478332e+00,2.128798e+00,1.773998e+00,1.951398e+00,1.773998e+00,1.951398e+00,1.951398e+00,2.365331e+00,2.424464e+00,2.838397e+00,2.365331e+00,3.074930e+00,2.247064e+00,3.547996e+00,2.897530e+00,3.370596e+00,2.897530e+00,3.311463e+00,2.660997e+00,3.015796e+00,4.080195e+00,3.252330e+00,3.370596e+00,2.897530e+00,3.252330e+00,3.429729e+00,3.015796e+00,4.434995e+00,3.666262e+00,3.666262e+00,3.134063e+00,3.961929e+00,3.547996e+00,4.553261e+00,5.026327e+00,4.730661e+00,4.316728e+00,5.440260e+00,4.789794e+00,5.499394e+00,6.090726e+00,5.795060e+00,5.381127e+00,5.440260e+00,5.203727e+00,6.622926e+00,6.031593e+00,6.504659e+00,6.800325e+00,6.977725e+00,7.509925e+00,7.687324e+00,6.859459e+00,7.332525e+00,6.622926e+00,7.569058e+00,7.687324e+00,7.982991e+00,7.923857e+00,7.628191e+00,8.751723e+00,8.751723e+00,8.751723e+00,8.692590e+00,9.520455e+00,9.520455e+00,8.633457e+00,1.034832e+01,1.147185e+01,1.040745e+01,1.005265e+01,1.194492e+01,1.070312e+01,1.123532e+01,1.229972e+01,1.247712e+01,1.206319e+01,1.265452e+01,1.093965e+01,1.289105e+01,1.247712e+01,1.241799e+01,1.401458e+01,1.318672e+01,1.348238e+01,1.413285e+01,1.360065e+01,1.377805e+01,1.324585e+01,1.413285e+01,1.442852e+01,1.383718e+01,1.389632e+01,1.164925e+01,1.448765e+01,1.484245e+01,1.395545e+01,1.283192e+01,1.549292e+01,1.206319e+01,1.283192e+01,1.271365e+01,1.271365e+01,1.141272e+01,1.241799e+01,1.206319e+01,1.194492e+01,1.105792e+01,1.111705e+01,1.040745e+01,1.088052e+01,9.579589e+00,1.034832e+01,1.028919e+01,9.816122e+00,8.633457e+00,9.520455e+00,9.283922e+00,8.101257e+00,8.692590e+00,7.095992e+00,6.445526e+00,7.273391e+00,7.095992e+00,6.327259e+00,5.617660e+00,5.558527e+00,4.730661e+00,4.848928e+00,4.139328e+00,4.375862e+00,4.021062e+00,4.375862e+00,4.021062e+00,4.080195e+00,3.311463e+00,2.779263e+00,3.607129e+00,2.897530e+00,2.720130e+00,2.128798e+00,1.951398e+00,2.010531e+00,2.010531e+00,1.773998e+00,2.010531e+00,1.419198e+00,1.714865e+00,7.687324e-01,1.360065e+00,7.687324e-01,1.300932e+00,1.360065e+00,8.278657e-01,1.300932e+00,7.687324e-01,1.064399e+00,9.461322e-01,7.095992e-01,8.869990e-01,7.095992e-01,1.241799e+00,4.730661e-01,2.365331e-01,3.547996e-01,7.095992e-01,7.687324e-01,5.321994e-01,3.547996e-01,4.730661e-01,4.139328e-01,7.095992e-01,5.321994e-01,2.365331e-01,5.913326e-01,5.321994e-01,4.730661e-01,6.504659e-01,5.321994e-01,5.321994e-01,3.547996e-01,5.913326e-01,5.913326e-01,4.730661e-01,6.504659e-01,1.182665e-01,5.321994e-01,5.321994e-01,5.913326e-01,3.547996e-01,4.730661e-01,3.547996e-01,6.504659e-01,4.730661e-01,5.321994e-01,4.139328e-01,3.547996e-01,1.773998e-01,4.139328e-01,8.278657e-01,2.956663e-01,2.365331e-01,2.956663e-01,2.365331e-01,2.365331e-01,4.139328e-01,7.687324e-01,4.139328e-01,7.095992e-01
5.913326e-01,7.095992e-01,4.139328e-01,4.730661e-01,8.869990e-01,5.321994e-01,5.321994e-01,8.278657e-01,7.095992e-01,5.913326e-01,8.869990e-01,1.064399e+00,1.300932e+00,8.869990e-01,7.687324e-01,8.278657e-01,7.687324e-01,6.504659e-01,4.730661e-01,6.504659e-01,9.461322e-01,1.005265e+00,1.005265e+00,8.869990e-01,1.064399e+00,7.095992e-01,8.869990e-01,6.504659e-01,1.064399e+00,1.182665e+00,5.913326e-01,1.064399e+00,1.182665e+00,6.504659e-01,9.461322e-01,1.241799e+00,1.005265e+00,1.360065e+00,6.504659e-01,1.123532e+00,1.064399e+00,8.869990e-01,8.278657e-01,1.241799e+00,1.182665e+00,1.478332e+00,1.064399e+00,1.123532e+00,1.300932e+00,1.478332e+00,1.478332e+00,1.241799e+00,1.005265e+00,1.478332e+00,1.182665e+00,1.892264e+00,1.655731e+00,1.714865e+00,1.360065e+00,1.300932e+00,1.478332e+00,1.714865e+00,1.478332e+00,1.360065e+00,1.478332e+00,8.869990e-01,2.247064e+00,2.128798e+00,2.128798e+00,1.951398e+00,2.187931e+00,2.365331e+00,2.128798e+00,2.247064e+00,2.128798e+00,1.537465e+00,1.833131e+00,2.306197e+00,2.483597e+00,2.424464e+00,2.187931e+00,1.773998e+00,1.773998e+00,2.483597e+00,2.956663e+00,2.424464e+00,2.838397e+00,1.951398e+00,2.601864e+00,3.547996e+00,2.897530e+00,3.547996e+00,3.134063e+00,3.488863e+00,3.429729e+00,3.429729e+00,3.370596e+00,3.015796e+00,4.021062e+00,3.547996e+00,2.542730e+00,3.961929e+00,4.257595e+00,4.671528e+00,4.316728e+00,4.494128e+00,4.139328e+00,4.494128e+00,4.080195e+00,4.671528e+00,5.735927e+00,4.434995e+00,5.203727e+00,4.316728e+00,5.913326e+00,5.972460e+00,5.795060e+00,5.558527e+00,5.085461e+00,6.090726e+00,6.859459e+00,7.273391e+00,6.800325e+00,6.386393e+00,7.155125e+00,7.982991e+00,7.391658e+00,8.869990e+00,8.456057e+00,7.628191e+00,8.574323e+00,8.869990e+00,7.569058e+00,8.751723e+00,9.697855e+00,9.283922e+00,1.141272e+01,1.011179e+01,1.005265e+01,1.040745e+01,9.638722e+00,1.147185e+01,8.810856e+00,9.756989e+00,1.117619e+01,1.088052e+01,1.034832e+01,1.164925e+01,1.206319e+01,1.218145e+01,1.265452e+01,1.289105e+01,1.253625e+01,1.407372e+01,1.478332e+01,1.306845e+01,1.141272e+01,1.454678e+01,1.330498e+01,1.241799e+01,1.466505e+01,1.336412e+01,1.318672e+01,1.496072e+01,1.247712e+01,1.478332e+01,1.348238e+01,1.419198e+01,1.365978e+01,1.200405e+01,1.448765e+01,1.259539e+01,1.401458e+01,1.170839e+01,1.342325e+01,1.229972e+01,1.153099e+01,1.253625e+01,1.218145e+01,1.058485e+01,1.034832e+01,1.088052e+01,1.111705e+01,9.579589e+00,1.034832e+01,8.692590e+00,9.638722e+00,7.509925e+00,8.633457e+00,6.445526e+00,6.622926e+00,7.273391e+00,7.746458e+00,6.918592e+00,6.977725e+00,5.913326e+00,5.735927e+00,4.848928e+00,5.499394e+00,3.843662e+00,3.902795e+00,5.026327e+00,4.434995e+00,3.429729e+00,2.838397e+00,3.666262e+00,3.607129e+00,3.311463e+00,2.128798e+00,2.365331e+00,2.010531e+00,2.897530e+00,2.010531e+00,1.951398e+00,1.478332e+00,1.300932e+00,1.478332e+00,1.360065e+00,1.714865e+00,1.655731e+00,1.419198e+00,9.461322e-01,1.123532e+00,1.419198e+00,6.504659e-01,9.461322e-01,1.064399e+00,7.095992e-01,1.064399e+00,5.321994e-01,8.278657e-01,7.687324e-01,7.687324e-01,9.461322e-01,5.913326e-01,8.869990e-01,6.504659e-01,4.730661e-01,9.461322e-01,5.321994e-01,6.504659e-01,6.504659e-01,7.095992e-01,8.278657e-01,7.687324e-01,7.687324e-01,9.461322e-01,7.095992e-01,2.956663e-01,5.321994e-01,4.139328e-01,2.365331e-01,4.730661e-01,2.956663e-01,7.095992e-01,2.956663e-01,6.504659e-01,4.139328e-01,5.321994e-01,7.095992e-01,5.321994e-01,4.139328e-01,5.913326e-01,5.321994e-01,7.095992e-01,4.139328e-01,7.095992e-01,1.773998e-01,3.547996e-01,5.321994e-01,6.504659e-01,4.730661e-01,7.687324e-01,8.869990e-01,2.956663e-01,4.730661e-01,4.730661e-01,4.730661e-01,6.504659e-01,3.547996e-01
6.504659e-01,4.139328e-01,6.504659e-01,7.687324e-01,6.504659e-01,6.504659e-01,7.095992e-01,5.913326e-01,8.869990e-01,6.504659e-01,5.913326e-01,8.278657e-01,4.730661e-01,7.095992e-01,5.321994e-01,5.913326e-01,3.547996e-01,5.913326e-01,7.687324e-01,6.504659e-01,5.913326e-01,8.869990e-01,5.913326e-01,5.913326e-01,8.278657e-01,6.504659e-01,1.005265e+00,1.300932e+00,1.005265e+00,8.278657e-01,1.005265e+00,7.095992e-01,5.321994e-01,1.005265e+00,8.869990e-01,7.095992e-01,1.419198e+00,1.241799e+00,1.064399e+00,1.123532e+00,1.064399e+00,1.005265e+00,1.419198e+00,1.182665e+00,1.300932e+00,1.537465e+00,1.419198e+00,9.461322e-01,1.537465e+00,1.714865e+00,1.419198e+00,1.182665e+00,1.773998e+00,1.300932e+00,1.300932e+00,1.360065e+00,1.478332e+00,1.360065e+00,1.300932e+00,1.714865e+00,1.892264e+00,1.182665e+00,1.655731e+00,1.951398e+00,2.187931e+00,1.537465e+00,1.419198e+00,1.833131e+00,2.247064e+00,2.247064e+00,1.478332e+00,1.655731e+00,1.419198e+00,2.128798e+00,2.247064e+00,2.660997e+00,2.010531e+00,1.833131e+00,2.306197e+00,2.542730e+00,2.069664e+00,2.483597e+00,2.956663e+00,2.956663e+00,2.838397e+00,3.429729e+00,2.601864e+00,2.187931e+00,2.838397e+00,2.542730e+00,3.429729e+00,2.601864e+00,3.429729e+00,3.015796e+00,3.547996e+00,3.074930e+00,3.429729e+00,3.311463e+00,3.961929e+00,3.193196e+00,4.967194e+00,4.257595e+00,4.257595e+00,4.375862e+00,4.553261e+00,4.908061e+00,3.547996e+00,4.553261e+00,4.671528e+00,5.972460e+00,4.316728e+00,4.730661e+00,5.854193e+00,4.789794e+00,5.321994e+00,6.563792e+00,6.031593e+00,7.509925e+00,5.617660e+00,5.262860e+00,6.682059e+00,5.440260e+00,5.972460e+00,8.515190e+00,6.682059e+00,7.332525e+00,7.450791e+00,7.214258e+00,8.988256e+00,7.746458e+00,9.402189e+00,9.047389e+00,7.273391e+00,9.165656e+00,1.017092e+01,9.343056e+00,1.017092e+01,9.283922e+00,1.064399e+01,9.993522e+00,1.229972e+01,1.170839e+01,1.111705e+01,1.182665e+01,1.153099e+01,1.076225e+01,1.093965e+01,1.129445e+01,1.218145e+01,1.176752e+01,1.289105e+01,1.389632e+01,1.330498e+01,1.590685e+01,1.318672e+01,1.342325e+01,1.312758e+01,1.277279e+01,1.354152e+01,1.289105e+01,1.253625e+01,1.170839e+01,1.478332e+01,1.413285e+01,1.531552e+01,1.354152e+01,1.383718e+01,1.342325e+01,1.283192e+01,1.336412e+01,1.549292e+01,1.478332e+01,1.348238e+01,1.188579e+01,1.247712e+01,1.277279e+01,1.141272e+01,1.295018e+01,1.159012e+01,1.123532e+01,9.520455e+00,1.064399e+01,1.052572e+01,9.993522e+00,9.343056e+00,9.283922e+00,9.047389e+00,8.337790e+00,7.864724e+00,7.569058e+00,9.283922e+00,8.219524e+00,8.042124e+00,7.095992e+00,6.741192e+00,5.795060e+00,6.563792e+00,6.682059e+00,4.257595e+00,4.553261e+00,5.203727e+00,4.139328e+00,5.026327e+00,3.843662e+00,3.488863e+00,4.080195e+00,3.961929e+00,2.897530e+00,3.134063e+00,2.128798e+00,2.187931e+00,2.187931e+00,2.306197e+00,2.010531e+00,2.601864e+00,1.773998e+00,1.537465e+00,2.069664e+00,1.478332e+00,1.064399e+00,1.241799e+00,1.478332e+00,1.478332e+00,7.687324e-01,5.913326e-01,1.064399e+00,7.095992e-01,1.123532e+00,7.095992e-01,5.913326e-01,4.730661e-01,5.913326e-01,7.687324e-01,8.278657e-01,7.687324e-01,5.321994e-01,4.730661e-01,6.504659e-01,5.913326e-02,7.687324e-01,6.504659e-01,4.730661e-01,7.687324e-01,2.365331e-01,6.504659e-01,3.547996e-01,5.321994e-01,2.365331e-01,5.913326e-01,5.321994e-01,5.321994e-01,5.913326e-01,5.913326e-01,3.547996e-01,4.139328e-01,2.365331e-01,3.547996e-01,5.321994e-01,5.321994e-01,2.365331e-01,2.956663e-01,8.869990e-01,6.504659e-01,2.956663e-01,2.956663e-01,2.956663e-01,5.913326e-01,5.913326e-01,3.547996e-01,7.095992e-01,5.321994e-01,2.956663e-01,5.321994e-01,4.730661e-01,4.139328e-01,2.365331e-01,1.182665e-01,7.687324e-01,7.687324e-01,7.095992e-01
5.321994e-01,6.504659e-01,6.504659e-01,6.504659e-01,5.913326e-01,7.687324e-01,5.913326e-01,4.139328e-01,6.504659e-01,7.687324e-01,8.278657e-01,4.730661e-01,5.913326e-01,5.913326e-01,1.064399e+00,1.064399e+00,7.095992e-01,1.123532e+00,1.123532e+00,5.913326e-01,7.687324e-01,7.095992e-01,6.504659e-01,9.461322e-01,1.064399e+00,9.461322e-01,1.241799e+00,5.913326e-01,1.064399e+00,7.687324e-01,1.064399e+00,8.869990e-01,7.095992e-01,9.461322e-01,1.005265e+00,9.461322e-01,1.182665e+00,1.123532e+00,4.730661e-01,1.005265e+00,1.005265e+00,1.478332e+00,7.095992e-01,1.419198e+00,1.064399e+00,1.005265e+00,1.833131e+00,1.596598e+00,1.182665e+00,1.478332e+00,1.182665e+00,1.655731e+00,1.537465e+00,1.478332e+00,1.596598e+00,1.241799e+00,1.714865e+00,2.187931e+00,2.069664e+00,1.300932e+00,1.005265e+00,1.655731e+00,1.773998e+00,1.596598e+00,2.187931e+00,1.714865e+00,1.714865e+00,2.306197e+00,1.833131e+00,1.773998e+00,2.601864e+00,2.424464e+00,2.010531e+00,2.010531e+00,2.187931e+00,1.773998e+00,1.892264e+00,2.838397e+00,1.300932e+00,2.365331e+00,2.956663e+00,2.601864e+00,2.542730e+00,2.365331e+00,2.542730e+00,2.720130e+00,2.720130e+00,3.311463e+00,3.193196e+00,3.193196e+00,3.311463e+00,3.015796e+00,3.074930e+00,3.193196e+00,3.074930e+00,3.074930e+00,3.961929e+00,3.429729e+00,4.021062e+00,3.843662e+00,3.488863e+00,3.134063e+00,3.843662e+00,4.021062e+00,4.553261e+00,3.725396e+00,4.316728e+00,3.784529e+00,4.434995e+00,4.612395e+00,5.026327e+00,4.494128e+00,4.908061e+00,4.671528e+00,5.676793e+00,6.208993e+00,6.031593e+00,5.735927e+00,6.918592e+00,5.972460e+00,5.735927e+00,6.268126e+00,5.735927e+00,5.972460e+00,6.977725e+00,6.445526e+00,7.273391e+00,7.805591e+00,7.214258e+00,7.509925e+00,9.697855e+00,9.224789e+00,9.047389e+00,8.574323e+00,9.224789e+00,8.396923e+00,9.579589e+00,1.011179e+01,9.224789e+00,8.278657e+00,9.993522e+00,9.697855e+00,1.088052e+01,1.123532e+01,1.360065e+01,1.123532e+01,1.111705e+01,1.419198e+01,1.141272e+01,1.212232e+01,1.212232e+01,1.241799e+01,1.377805e+01,1.289105e+01,1.348238e+01,1.312758e+01,1.354152e+01,1.295018e+01,1.277279e+01,1.336412e+01,1.241799e+01,1.395545e+01,1.212232e+01,1.324585e+01,1.312758e+01,1.360065e+01,1.525638e+01,1.377805e+01,1.466505e+01,1.567031e+01,1.431025e+01,1.383718e+01,1.247712e+01,1.271365e+01,1.277279e+01,1.259539e+01,1.212232e+01,1.289105e+01,1.123532e+01,1.224059e+01,1.034832e+01,1.076225e+01,1.117619e+01,9.697855e+00,9.934388e+00,8.101257e+00,7.273391e+00,8.515190e+00,8.456057e+00,8.515190e+00,7.332525e+00,7.391658e+00,6.563792e+00,6.149859e+00,6.327259e+00,5.913326e+00,5.558527e+00,6.149859e+00,5.085461e+00,5.913326e+00,4.434995e+00,4.494128e+00,4.967194e+00,4.671528e+00,4.257595e+00,3.666262e+00,3.607129e+00,2.660997e+00,3.074930e+00,2.601864e+00,2.601864e+00,2.069664e+00,2.247064e+00,1.773998e+00,2.128798e+00,1.655731e+00,1.241799e+00,1.714865e+00,1.478332e+00,1.182665e+00,1.241799e+00,8.278657e-01,8.869990e-01,1.123532e+00,7.095992e-01,5.321994e-01,9.461322e-01,7.095992e-01,1.182665e+00,9.461322e-01,9.461322e-01,9.461322e-01,2.956663e-01,7.095992e-01,4.730661e-01,7.687324e-01,1.005265e+00,5.321994e-01,7.095992e-01,5.913326e-01,4.730661e-01,5.321994e-01,6.504659e-01,8.278657e-01,7.095992e-01,4.139328e-01,5.913326e-01,7.687324e-01,7.095992e-01,9.461322e-01,4.730661e-01,8.278657e-01,5.321994e-01,4.730661e-01,2.365331e-01,6.504659e-01,7.687324e-01,5.321994e-01,4.730661e-01,5.321994e-01,3.547996e-01,4.730661e-01,4.139328e-01,5.321994e-01,2.956663e-01,6.504659e-01,4.730661e-01,4.730661e-01,8.278657e-01,2.956663e-01,5.913326e-01,7.095992e-01,8.869990e-01,5.321994e-01,4.730661e-01,5.913326e-01,2.365331e-01,4.730661e-01,4.139328e-01,8.278657e-01
4.730661e-01,8.869990e-01,5.913326e-01,5.913326e-01,4.139328e-01,8.869990e-01,4.730661e-01,7.095992e-01,4.730661e-01,8.278657e-01,4.730661e-01,8.278657e-01,6.504659e-01,8.869990e-01,8.278657e-01,6.504659e-01,8.278657e-01,7.687324e-01,7.095992e-01,4.730661e-01,8.869990e-01,5.913326e-01,8.869990e-01,5.913326e-01,7.687324e-01,5.321994e-01,8.278657e-01,9.461322e-01,1.064399e+00,1.005265e+00,8.869990e-01,7.687324e-01,1.005265e+00,1.064399e+00,8.278657e-01,8.278657e-01,1.064399e+00,8.278657e-01,9.461322e-01,1.123532e+00,1.419198e+00,1.064399e+00,1.241799e+00,1.300932e+00,1.419198e+00,1.123532e+00,1.241799e+00,9.461322e-01,1.005265e+00,1.360065e+00,1.300932e+00,1.714865e+00,1.951398e+00,1.596598e+00,1.655731e+00,1.537465e+00,1.537465e+00,2.010531e+00,1.241799e+00,1.714865e+00,1.064399e+00,1.655731e+00,1.951398e+00,1.537465e+00,1.478332e+00,1.596598e+00,1.951398e+00,1.773998e+00,2.424464e+00,2.010531e+00,1.655731e+00,2.247064e+00,2.069664e+00,1.892264e+00,2.483597e+00,2.187931e+00,2.306197e+00,1.596598e+00,2.069664e+00,2.483597e+00,2.424464e+00,2.956663e+00,2.483597e+00,2.483597e+00,2.069664e+00,2.601864e+00,2.306197e+00,2.660997e+00,3.488863e+00,2.483597e+00,3.193196e+00,3.666262e+00,2.956663e+00,3.370596e+00,2.956663e+00,3.843662e+00,3.547996e+00,3.902795e+00,3.311463e+00,3.607129e+00,4.316728e+00,4.671528e+00,4.434995e+00,3.725396e+00,4.789794e+00,4.375862e+00,4.730661e+00,5.203727e+00,5.144594e+00,4.139328e+00,6.031593e+00,5.144594e+00,5.026327e+00,5.262860e+00,4.967194e+00,5.381127e+00,5.972460e+00,6.386393e+00,6.682059e+00,6.504659e+00,6.741192e+00,6.208993e+00,7.036858e+00,6.682059e+00,6.445526e+00,6.800325e+00,8.101257e+00,7.450791e+00,8.160390e+00,7.687324e+00,8.160390e+00,8.574323e+00,9.875255e+00,8.042124e+00,9.875255e+00,9.579589e+00,9.756989e+00,9.579589e+00,1.295018e+01,1.023005e+01,1.011179e+01,1.176752e+01,1.111705e+01,1.206319e+01,9.579589e+00,1.259539e+01,1.141272e+01,1.147185e+01,1.164925e+01,1.176752e+01,1.295018e+01,1.401458e+01,1.129445e+01,1.413285e+01,1.513812e+01,1.200405e+01,1.289105e+01,1.454678e+01,1.342325e+01,1.454678e+01,1.531552e+01,1.466505e+01,1.318672e+01,1.241799e+01,1.389632e+01,1.324585e+01,1.578858e+01,1.271365e+01,1.306845e+01,1.212232e+01,1.365978e+01,1.182665e+01,1.365978e+01,1.300932e+01,1.064399e+01,1.200405e+01,1.241799e+01,1.306845e+01,1.164925e+01,1.153099e+01,1.070312e+01,9.934388e+00,8.988256e+00,1.040745e+01,1.159012e+01,9.993522e+00,9.402189e+00,8.574323e+00,8.515190e+00,7.332525e+00,8.515190e+00,8.160390e+00,7.273391e+00,6.741192e+00,6.445526e+00,6.504659e+00,6.504659e+00,5.499394e+00,6.090726e+00,4.789794e+00,5.617660e+00,4.908061e+00,4.257595e+00,3.311463e+00,3.843662e+00,2.720130e+00,3.074930e+00,2.956663e+00,3.784529e+00,2.838397e+00,2.306197e+00,2.601864e+00,2.247064e+00,2.365331e+00,1.892264e+00,1.537465e+00,1.773998e+00,1.773998e+00,1.596598e+00,8.278657e-01,1.064399e+00,1.419198e+00,1.241799e+00,1.005265e+00,1.005265e+00,9.461322e-01,8.278657e-01,8.869990e-01,3.547996e-01,1.005265e+00,8.278657e-01,1.005265e+00,5.913326e-01,6.504659e-01,9.461322e-01,7.095992e-01,1.005265e+00,8.278657e-01,5.321994e-01,8.869990e-01,2.956663e-01,4.139328e-01,5.321994e-01,7.687324e-01,7.687324e-01,3.547996e-01,6.504659e-01,2.956663e-01,5.321994e-01,5.321994e-01,3.547996e-01,7.687324e-01,4.139328e-01,4.139328e-01,4.139328e-01,4.139328e-01,2.956663e-01,8.278657e-01,5.321994e-01,6.504659e-01,5.321994e-01,4.139328e-01,5.913326e-01,5.913326e-01,5.321994e-01,5.913326e-01,4.730661e-01,5.913326e-01,4.139328e-01,2.956663e-01,6.504659e-01,2.365331e-01,5.321994e-01,7.687324e-01,7.687324e-01,2.956663e-01,6.504659e-01,4.139328e-01,7.687324e-01,5.321994e-01
6.504659e-01,4.139328e-01,2.365331e-01,8.278657e-01,8.278657e-01,1.005265e+00,1.064399e+00,1.064399e+00,6.504659e-01,8.278657e-01,6.504659e-01,8.278657e-01,8.869990e-01,6.504659e-01,5.321994e-01,7.095992e-01,8.278657e-01,8.278657e-01,1.064399e+00,3.547996e-01,9.461322e-01,1.182665e+00,7.095992e-01,7.687324e-01,1.300932e+00,6.504659e-01,5.913326e-01,1.064399e+00,7.095992e-01,1.005265e+00,1.064399e+00,1.123532e+00,8.869990e-01,6.504659e-01,5.321994e-01,1.123532e+00,1.182665e+00,1.123532e+00,7.687324e-01,9.461322e-01,1.182665e+00,1.064399e+00,1.300932e+00,4.730661e-01,1.655731e+00,1.596598e+00,1.419198e+00,1.360065e+00,1.300932e+00,1.360065e+00,1.773998e+00,7.687324e-01,1.360065e+00,1.478332e+00,1.419198e+00,1.300932e+00,1.300932e+00,9.461322e-01,1.360065e+00,1.300932e+00,1.478332e+00,1.537465e+00,1.241799e+00,1.419198e+00,2.365331e+00,9.461322e-01,1.951398e+00,2.128798e+00,1.478332e+00,1.596598e+00,1.951398e+00,3.015796e+00,2.483597e+00,1.714865e+00,2.660997e+00,2.838397e+00,1.714865e+00,1.951398e+00,2.187931e+00,2.542730e+00,2.779263e+00,2.424464e+00,2.779263e+00,2.660997e+00,2.838397e+00,2.010531e+00,3.074930e+00,2.424464e+00,3.429729e+00,2.779263e+00,2.660997e+00,3.488863e+00,4.553261e+00,2.720130e+00,3.666262e+00,4.257595e+00,4.375862e+00,3.015796e+00,3.429729e+00,3.902795e+00,3.666262e+00,4.198462e+00,4.139328e+00,4.375862e+00,4.080195e+00,5.144594e+00,4.848928e+00,5.203727e+00,4.494128e+00,4.671528e+00,5.735927e+00,4.730661e+00,5.617660e+00,5.795060e+00,5.558527e+00,7.036858e+00,5.676793e+00,5.558527e+00,5.795060e+00,8.219524e+00,6.149859e+00,7.214258e+00,6.622926e+00,8.101257e+00,7.805591e+00,7.982991e+00,7.509925e+00,9.283922e+00,6.977725e+00,8.988256e+00,7.805591e+00,9.224789e+00,9.047389e+00,8.692590e+00,9.224789e+00,8.988256e+00,1.046659e+01,1.052572e+01,9.697855e+00,1.088052e+01,8.810856e+00,9.697855e+00,1.017092e+01,1.117619e+01,1.011179e+01,1.017092e+01,1.164925e+01,1.224059e+01,1.170839e+01,1.259539e+01,1.224059e+01,1.283192e+01,1.318672e+01,1.147185e+01,1.200405e+01,1.383718e+01,1.389632e+01,1.088052e+01,1.395545e+01,1.371892e+01,1.330498e+01,1.436938e+01,1.342325e+01,1.389632e+01,1.454678e+01,1.413285e+01,1.164925e+01,1.590685e+01,1.247712e+01,1.306845e+01,1.377805e+01,1.360065e+01,1.271365e+01,1.176752e+01,1.241799e+01,1.330498e+01,1.170839e+01,1.306845e+01,1.070312e+01,1.277279e+01,1.182665e+01,8.929123e+00,1.017092e+01,9.579589e+00,1.052572e+01,9.402189e+00,9.579589e+00,8.929123e+00,6.859459e+00,7.982991e+00,7.036858e+00,6.563792e+00,6.741192e+00,7.332525e+00,6.682059e+00,4.789794e+00,6.445526e+00,5.144594e+00,4.967194e+00,5.144594e+00,3.370596e+00,4.021062e+00,4.375862e+00,3.429729e+00,3.311463e+00,2.483597e+00,2.601864e+00,3.134063e+00,2.956663e+00,2.424464e+00,2.069664e+00,2.187931e+00,2.897530e+00,2.187931e+00,2.483597e+00,1.773998e+00,2.187931e+00,1.655731e+00,1.241799e+00,1.360065e+00,1.123532e+00,1.300932e+00,1.005265e+00,1.419198e+00,1.005265e+00,8.278657e-01,8.278657e-01,6.504659e-01,1.064399e+00,5.913326e-01,1.123532e+00,8.869990e-01,5.913326e-01,9.461322e-01,8.278657e-01,4.139328e-01,6.504659e-01,5.913326e-01,7.095992e-01,4.730661e-01,5.913326e-01,5.913326e-01,4.730661e-01,1.773998e-01,5.913326e-01,5.913326e-01,4.139328e-01,3.547996e-01,7.687324e-01,5.913326e-01,6.504659e-01,1.773998e-01,4.139328e-01,7.687324e-01,4.730661e-01,7.095992e-01,5.321994e-01,2.365331e-01,6.504659e-01,9.461322e-01,5.321994e-01,5.321994e-01,6.504659e-01,6.504659e-01,2.956663e-01,4.730661e-01,6.504659e-01,6.504659e-01,3.547996e-01,4.139328e-01,4.139328e-01,4.730661e-01,5.321994e-01,4.139328e-01,4.730661e-01,5.321994e-01,1.005265e+00,4.139328e-01,4.139328e-01,1.773998e-01
4.139328e-01,3.547996e-01,4.139328e-01,5.913326e-01,5.321994e-01,7.687324e-01,5.913326e-01,5.913326e-01,2.956663e-01,6.504659e-01,1.182665e+00,5.913326e-01,8.278657e-01,4.730661e-01,1.005265e+00,9.461322e-01,4.730661e-01,9.461322e-01,4.730661e-01,6.504659e-01,8.869990e-01,7.095992e-01,1.064399e+00,7.687324e-01,5.321994e-01,1.300932e+00,1.182665e+00,6.504659e-01,9.461322e-01,8.278657e-01,7.687324e-01,7.095992e-01,7.687324e-01,9.461322e-01,1.300932e+00,7.095992e-01,1.300932e+00,8.869990e-01,1.005265e+00,9.461322e-01,1.064399e+00,7.687324e-01,1.419198e+00,1.123532e+00,1.241799e+00,1.005265e+00,1.123532e+00,1.182665e+00,1.005265e+00,1.655731e+00,1.123532e+00,1.123532e+00,1.064399e+00,1.655731e+00,1.419198e+00,1.596598e+00,1.419198e+00,1.773998e+00,1.123532e+00,2.128798e+00,1.123532e+00,1.714865e+00,1.419198e+00,1.300932e+00,1.300932e+00,1.833131e+00,1.892264e+00,2.365331e+00,1.655731e+00,1.655731e+00,2.128798e+00,1.951398e+00,2.601864e+00,2.720130e+00,2.483597e+00,2.365331e+00,2.128798e+00,2.187931e+00,2.128798e+00,3.134063e+00,3.311463e+00,2.365331e+00,2.601864e+00,2.720130e+00,2.601864e+00,3.193196e+00,2.542730e+00,2.838397e+00,2.010531e+00,3.252330e+00,3.370596e+00,2.956663e+00,3.252330e+00,3.311463e+00,4.553261e+00,3.134063e+00,3.725396e+00,3.134063e+00,4.139328e+00,4.139328e+00,4.434995e+00,4.553261e+00,3.725396e+00,4.848928e+00,4.908061e+00,4.908061e+00,4.139328e+00,4.257595e+00,5.913326e+00,4.671528e+00,5.321994e+00,5.440260e+00,6.208993e+00,5.026327e+00,5.026327e+00,6.445526e+00,5.972460e+00,5.854193e+00,6.622926e+00,6.741192e+00,5.381127e+00,7.805591e+00,5.676793e+00,8.396923e+00,7.923857e+00,7.982991e+00,6.918592e+00,8.574323e+00,8.396923e+00,8.101257e+00,8.869990e+00,8.160390e+00,9.283922e+00,9.343056e+00,9.875255e+00,9.756989e+00,9.756989e+00,1.105792e+01,8.869990e+00,9.343056e+00,1.123532e+01,1.141272e+01,1.159012e+01,1.147185e+01,1.212232e+01,1.023005e+01,1.312758e+01,1.164925e+01,1.123532e+01,1.034832e+01,1.360065e+01,1.271365e+01,1.354152e+01,1.265452e+01,1.229972e+01,1.306845e+01,1.295018e+01,1.289105e+01,1.490158e+01,1.123532e+01,1.312758e+01,1.342325e+01,1.241799e+01,1.371892e+01,1.324585e+01,1.277279e+01,1.229972e+01,1.395545e+01,1.170839e+01,1.253625e+01,1.389632e+01,1.413285e+01,1.324585e+01,1.194492e+01,1.395545e+01,1.312758e+01,1.300932e+01,1.058485e+01,1.141272e+01,1.135359e+01,1.076225e+01,9.224789e+00,1.129445e+01,9.283922e+00,8.751723e+00,9.461322e+00,8.219524e+00,9.579589e+00,7.923857e+00,8.396923e+00,8.042124e+00,6.918592e+00,6.563792e+00,7.569058e+00,6.800325e+00,5.262860e+00,6.800325e+00,5.499394e+00,5.558527e+00,5.262860e+00,4.553261e+00,4.021062e+00,3.252330e+00,3.902795e+00,3.488863e+00,3.370596e+00,3.193196e+00,3.015796e+00,3.488863e+00,2.483597e+00,2.306197e+00,1.300932e+00,1.655731e+00,2.542730e+00,1.596598e+00,2.187931e+00,1.478332e+00,1.833131e+00,1.419198e+00,1.419198e+00,1.833131e+00,1.005265e+00,1.123532e+00,1.182665e+00,1.123532e+00,1.123532e+00,7.687324e-01,5.321994e-01,1.123532e+00,7.095992e-01,7.095992e-01,9.461322e-01,5.913326e-01,4.730661e-01,7.095992e-01,2.956663e-01,4.139328e-01,4.730661e-01,2.956663e-01,5.321994e-01,7.095992e-01,8.278657e-01,4.730661e-01,4.139328e-01,5.321994e-01,5.321994e-01,4.139328e-01,4.139328e-01,3.547996e-01,4.730661e-01,4.730661e-01,2.956663e-01,5.913326e-01,6.504659e-01,3.547996e-01,3.547996e-01,4.139328e-01,7.095992e-01,5.913326e-01,6.504659e-01,5.321994e-01,6.504659e-01,3.547996e-01,5.913326e-01,6.504659e-01,7.095992e-01,7.095992e-01,9.461322e-01,6.504659e-01,4.139328e-01,3.547996e-01,4.730661e-01,7.095992e-01,7.095992e-01,3.547996e-01,2.956663e-01,2.365331e-01,5.321994e-01,2.365331e-01,5.913326e-01
4.730661e-01,5.321994e-01,4.730661e-01,7.687324e-01,4.730661e-01,4.730661e-01,6.504659e-01,4.139328e-01,9.461322e-01,4.730661e-01,6.504659e-01,5.913326e-01,1.005265e+00,6.504659e-01,1.241799e+00,8.278657e-01,4.730661e-01,7.687324e-01,6.504659e-01,9.461322e-01,7.687324e-01,9.461322e-01,1.005265e+00,8.278657e-01,8.278657e-01,5.321994e-01,1.182665e+00,1.005265e+00,8.869990e-01,7.687324e-01,9.461322e-01,7.095992e-01,1.123532e+00,1.300932e+00,7.095992e-01,6.504659e-01,1.241799e+00,1.123532e+00,5.321994e-01,8.869990e-01,1.064399e+00,6.504659e-01,1.005265e+00,1.419198e+00,1.537465e+00,6.504659e-01,7.095992e-01,1.537465e+00,1.064399e+00,1.655731e+00,8.869990e-01,1.596598e+00,1.360065e+00,1.773998e+00,1.123532e+00,1.655731e+00,1.182665e+00,1.360065e+00,1.714865e+00,1.537465e+00,1.596598e+00,1.360065e+00,1.182665e+00,1.714865e+00,1.833131e+00,1.773998e+00,2.247064e+00,1.833131e+00,2.306197e+00,1.655731e+00,2.897530e+00,1.773998e+00,1.655731e+00,1.951398e+00,2.010531e+00,2.483597e+00,2.365331e+00,2.187931e+00,2.483597e+00,2.306197e+00,1.833131e+00,2.424464e+00,2.306197e+00,3.193196e+00,3.193196e+00,2.779263e+00,2.601864e+00,2.069664e+00,3.015796e+00,2.306197e+00,2.838397e+00,3.547996e+00,3.607129e+00,2.956663e+00,3.488863e+00,3.429729e+00,3.843662e+00,3.607129e+00,3.607129e+00,4.021062e+00,3.902795e+00,3.666262e+00,4.080195e+00,4.789794e+00,4.021062e+00,4.789794e+00,4.553261e+00,4.434995e+00,5.085461e+00,5.026327e+00,4.730661e+00,5.617660e+00,6.504659e+00,5.617660e+00,5.617660e+00,6.682059e+00,5.913326e+00,5.913326e+00,6.622926e+00,5.676793e+00,7.214258e+00,7.332525e+00,6.977725e+00,7.450791e+00,7.982991e+00,8.869990e+00,7.155125e+00,8.101257e+00,8.692590e+00,7.982991e+00,8.396923e+00,9.579589e+00,9.461322e+00,8.219524e+00,8.810856e+00,7.687324e+00,9.047389e+00,9.047389e+00,1.093965e+01,1.093965e+01,1.040745e+01,1.135359e+01,1.023005e+01,1.011179e+01,1.153099e+01,9.993522e+00,1.099879e+01,1.141272e+01,1.159012e+01,1.176752e+01,1.295018e+01,1.289105e+01,1.283192e+01,1.324585e+01,1.460592e+01,1.295018e+01,1.283192e+01,1.176752e+01,1.289105e+01,1.300932e+01,1.377805e+01,1.407372e+01,1.224059e+01,1.247712e+01,1.241799e+01,1.289105e+01,1.312758e+01,1.590685e+01,1.549292e+01,1.419198e+01,1.289105e+01,1.336412e+01,1.271365e+01,1.194492e+01,1.306845e+01,1.265452e+01,1.141272e+01,1.229972e+01,1.218145e+01,1.123532e+01,1.058485e+01,1.105792e+01,1.082139e+01,1.111705e+01,1.141272e+01,8.515190e+00,8.456057e+00,9.756989e+00,8.869990e+00,8.633457e+00,7.214258e+00,6.918592e+00,7.746458e+00,5.972460e+00,6.563792e+00,5.972460e+00,5.617660e+00,5.735927e+00,4.967194e+00,4.080195e+00,4.198462e+00,3.725396e+00,3.961929e+00,4.080195e+00,2.779263e+00,3.784529e+00,3.252330e+00,3.193196e+00,3.902795e+00,2.306197e+00,2.483597e+00,2.424464e+00,1.773998e+00,1.892264e+00,2.306197e+00,1.655731e+00,1.596598e+00,1.360065e+00,1.596598e+00,1.360065e+00,9.461322e-01,1.300932e+00,9.461322e-01,7.687324e-01,7.095992e-01,7.095992e-01,5.913326e-01,7.095992e-01,1.123532e+00,7.687324e-01,5.913326e-01,8.869990e-01,8.278657e-01,8.869990e-01,9.461322e-01,5.913326e-01,4.730661e-01,7.095992e-01,5.913326e-01,4.730661e-01,8.278657e-01,5.321994e-01,5.321994e-01,7.095992e-01,3.547996e-01,4.730661e-01,7.095992e-01,1.005265e+00,1.005265e+00,4.730661e-01,4.139328e-01,5.913326e-01,5.913326e-01,8.278657e-01,3.547996e-01,4.730661e-01,5.321994e-01,5.913326e-01,7.095992e-01,5.913326e-01,3.547996e-01,1.123532e+00,5.321994e-01,4.139328e-01,5.321994e-01,4.730661e-01,4.139328e-01,4.730661e-01,5.321994e-01,6.504659e-01,5.321994e-01,4.730661e-01,5.321994e-01,5.913326e-01,1.773998e-01,1.773998e-01,4.139328e-01,7.095992e-01,6.504659e-01,5.321994e-01
8.278657e-01,5.321994e-01,6.504659e-01,6.504659e-01,5.913326e-01,3.547996e-01,6.504659e-01,5.913326e-01,1.005265e+00,5.321994e-01,9.461322e-01,9.461322e-01,4.139328e-01,8.278657e-01,7.687324e-01,8.278657e-01,7.095992e-01,6.504659e-01,8.869990e-01,5.913326e-01,7.687324e-01,7.687324e-01,7.687324e-01,5.913326e-01,4.730661e-01,7.687324e-01,1.182665e+00,6.504659e-01,7.095992e-01,9.461322e-01,1.478332e+00,7.687324e-01,1.419198e+00,1.300932e+00,1.182665e+00,1.419198e+00,7.687324e-01,1.182665e+00,5.321994e-01,7.687324e-01,1.419198e+00,1.655731e+00,1.596598e+00,1.064399e+00,1.241799e+00,1.360065e+00,1.300932e+00,1.419198e+00,1.182665e+00,9.461322e-01,1.300932e+00,1.655731e+00,1.123532e+00,1.951398e+00,1.123532e+00,1.182665e+00,1.360065e+00,1.833131e+00,2.128798e+00,1.596598e+00,1.300932e+00,1.773998e+00,1.833131e+00,2.069664e+00,1.360065e+00,1.596598e+00,1.419198e+00,1.537465e+00,2.247064e+00,2.365331e+00,1.360065e+00,2.542730e+00,1.655731e+00,1.419198e+00,2.306197e+00,1.951398e+00,1.833131e+00,2.010531e+00,2.365331e+00,2.365331e+00,2.187931e+00,2.069664e+00,2.128798e+00,2.187931e+00,3.193196e+00,2.424464e+00,3.666262e+00,3.074930e+00,2.720130e+00,3.429729e+00,3.252330e+00,3.015796e+00,3.252330e+00,3.843662e+00,3.134063e+00,2.956663e+00,3.607129e+00,3.666262e+00,3.666262e+00,3.784529e+00,4.198462e+00,4.553261e+00,4.080195e+00,4.021062e+00,4.789794e+00,4.198462e+00,5.085461e+00,4.021062e+00,3.843662e+00,5.381127e+00,5.440260e+00,5.735927e+00,5.795060e+00,4.908061e+00,5.735927e+00,5.440260e+00,6.386393e+00,6.800325e+00,5.676793e+00,7.864724e+00,6.800325e+00,5.203727e+00,7.155125e+00,6.563792e+00,6.800325e+00,8.456057e+00,7.687324e+00,7.155125e+00,8.042124e+00,8.574323e+00,8.751723e+00,8.988256e+00,9.875255e+00,8.810856e+00,8.515190e+00,8.515190e+00,8.810856e+00,8.751723e+00,9.934388e+00,9.520455e+00,1.070312e+01,9.756989e+00,1.076225e+01,1.064399e+01,1.129445e+01,1.247712e+01,1.141272e+01,1.259539e+01,1.247712e+01,1.318672e+01,1.265452e+01,1.105792e+01,1.229972e+01,1.289105e+01,1.129445e+01,1.442852e+01,1.289105e+01,1.466505e+01,1.182665e+01,1.525638e+01,1.360065e+01,1.300932e+01,1.318672e+01,1.484245e+01,1.295018e+01,1.401458e+01,1.442852e+01,1.336412e+01,1.360065e+01,1.354152e+01,1.224059e+01,1.123532e+01,1.419198e+01,1.235885e+01,1.265452e+01,1.259539e+01,1.135359e+01,1.159012e+01,1.300932e+01,1.129445e+01,1.034832e+01,1.099879e+01,1.040745e+01,9.402189e+00,9.816122e+00,8.574323e+00,9.165656e+00,8.929123e+00,8.574323e+00,8.219524e+00,7.332525e+00,7.923857e+00,8.101257e+00,5.854193e+00,6.800325e+00,6.918592e+00,5.440260e+00,5.913326e+00,6.327259e+00,4.434995e+00,4.848928e+00,4.139328e+00,4.198462e+00,4.494128e+00,4.198462e+00,3.429729e+00,3.134063e+00,2.660997e+00,2.187931e+00,1.833131e+00,2.128798e+00,2.424464e+00,2.483597e+00,2.365331e+00,1.714865e+00,1.892264e+00,1.655731e+00,1.655731e+00,1.478332e+00,1.655731e+00,8.278657e-01,1.005265e+00,1.182665e+00,1.360065e+00,1.182665e+00,6.504659e-01,8.869990e-01,1.064399e+00,8.278657e-01,7.687324e-01,7.687324e-01,5.913326e-01,1.123532e+00,5.913326e-01,6.504659e-01,1.005265e+00,7.095992e-01,5.913326e-01,6.504659e-01,7.687324e-01,6.504659e-01,4.139328e-01,7.095992e-01,3.547996e-01,5.913326e-01,5.321994e-01,4.730661e-01,5.913326e-01,4.139328e-01,7.687324e-01,7.687324e-01,3.547996e-01,9.461322e-01,8.278657e-01,5.913326e-01,2.365331e-01,4.139328e-01,5.321994e-01,4.139328e-01,4.139328e-01,8.869990e-01,3.547996e-01,7.687324e-01,2.956663e-01,4.730661e-01,7.687324e-01,8.278657e-01,5.321994e-01,5.913326e-01,5.913326e-01,7.095992e-01,6.504659e-01,4.730661e-01,4.139328e-01,2.365331e-01,2.956663e-01,4.139328e-01,3.547996e-01,5.321994e-01,5.913326e-01
4.730661e-01,5.913326e-01,8.278657e-01,6.504659e-01,7.095992e-01,3.547996e-01,5.913326e-01,5.913326e-01,2.365331e-01,7.687324e-01,1.005265e+00,8.278657e-01,5.913326e-01,7.687324e-01,7.687324e-01,7.687324e-01,5.913326e-01,8.869990e-01,8.869990e-01,6.504659e-01,7.687324e-01,7.095992e-01,8.869990e-01,9.461322e-01,8.278657e-01,1.064399e+00,6.504659e-01,7.687324e-01,1.182665e+00,1.005265e+00,7.095992e-01,1.300932e+00,1.596598e+00,7.095992e-01,1.300932e+00,1.123532e+00,5.321994e-01,1.241799e+00,9.461322e-01,1.537465e+00,1.182665e+00,1.123532e+00,1.064399e+00,1.064399e+00,1.123532e+00,1.182665e+00,1.064399e+00,7.095992e-01,1.241799e+00,1.714865e+00,1.241799e+00,1.714865e+00,1.241799e+00,1.360065e+00,1.655731e+00,1.241799e+00,1.714865e+00,1.241799e+00,1.419198e+00,1.596598e+00,2.069664e+00,1.419198e+00,1.833131e+00,1.892264e+00,2.010531e+00,1.360065e+00,1.773998e+00,1.892264e+00,1.773998e+00,2.779263e+00,2.424464e+00,2.069664e+00,1.714865e+00,2.601864e+00,2.306197e+00,2.542730e+00,2.601864e+00,2.483597e+00,2.838397e+00,3.015796e+00,2.187931e+00,2.897530e+00,1.833131e+00,2.424464e+00,1.951398e+00,2.247064e+00,3.193196e+00,3.370596e+00,3.784529e+00,2.365331e+00,2.601864e+00,3.193196e+00,2.897530e+00,3.134063e+00,3.666262e+00,3.902795e+00,3.311463e+00,2.660997e+00,3.961929e+00,3.725396e+00,4.553261e+00,3.488863e+00,3.607129e+00,3.488863e+00,4.553261e+00,3.725396e+00,5.026327e+00,4.612395e+00,4.789794e+00,5.617660e+00,4.198462e+00,4.375862e+00,5.854193e+00,4.789794e+00,5.321994e+00,6.682059e+00,6.268126e+00,6.682059e+00,5.381127e+00,5.676793e+00,7.509925e+00,7.155125e+00,6.918592e+00,7.628191e+00,7.391658e+00,6.563792e+00,8.515190e+00,7.332525e+00,9.165656e+00,8.219524e+00,8.042124e+00,7.864724e+00,8.337790e+00,9.461322e+00,8.692590e+00,8.751723e+00,9.106523e+00,1.111705e+01,9.816122e+00,1.023005e+01,1.123532e+01,1.040745e+01,9.579589e+00,1.117619e+01,1.206319e+01,1.147185e+01,1.164925e+01,1.330498e+01,1.188579e+01,1.111705e+01,1.159012e+01,1.277279e+01,1.348238e+01,1.176752e+01,1.484245e+01,1.271365e+01,1.224059e+01,1.224059e+01,1.259539e+01,1.383718e+01,1.330498e+01,1.377805e+01,1.496072e+01,1.442852e+01,1.383718e+01,1.247712e+01,1.229972e+01,1.371892e+01,1.448765e+01,1.194492e+01,1.324585e+01,1.354152e+01,1.283192e+01,1.283192e+01,1.241799e+01,1.312758e+01,1.235885e+01,1.011179e+01,1.235885e+01,1.153099e+01,1.111705e+01,1.070312e+01,9.934388e+00,9.283922e+00,8.692590e+00,9.343056e+00,8.456057e+00,8.692590e+00,8.042124e+00,8.101257e+00,6.386393e+00,6.504659e+00,8.219524e+00,6.741192e+00,6.268126e+00,5.617660e+00,5.499394e+00,4.848928e+00,5.617660e+00,5.321994e+00,4.908061e+00,4.198462e+00,3.429729e+00,3.843662e+00,2.897530e+00,3.252330e+00,3.311463e+00,2.956663e+00,3.074930e+00,2.187931e+00,2.542730e+00,2.424464e+00,2.069664e+00,2.010531e+00,1.655731e+00,1.833131e+00,2.069664e+00,1.419198e+00,1.596598e+00,1.360065e+00,1.596598e+00,1.300932e+00,8.278657e-01,7.095992e-01,1.064399e+00,8.278657e-01,8.278657e-01,1.241799e+00,8.869990e-01,9.461322e-01,1.064399e+00,8.278657e-01,6.504659e-01,7.095992e-01,6.504659e-01,2.365331e-01,7.687324e-01,7.095992e-01,4.730661e-01,7.095992e-01,7.687324e-01,5.321994e-01,6.504659e-01,2.365331e-01,2.365331e-01,6.504659e-01,4.730661e-01,5.321994e-01,4.730661e-01,4.139328e-01,2.365331e-01,7.687324e-01,2.956663e-01,7.687324e-01,5.913326e-01,6.504659e-01,3.547996e-01,7.687324e-01,2.956663e-01,7.687324e-01,4.139328e-01,6.504659e-01,4.730661e-01,4.730661e-01,5.913326e-01,4.730661e-01,5.913326e-01,4.730661e-01,6.504659e-01,4.730661e-01,5.321994e-01,2.365331e-01,4.730661e-01,3.547996e-01,3.547996e-01,6.504659e-01,5.913326e-01,2.956663e-01,7.687324e-01,7.687324e-01
4.730661e-01,5.913326e-01,1.005265e+00,4.730661e-01,7.095992e-01,3.547996e-01,2.956663e-01,7.095992e-01,5.321994e-01,7.687324e-01,4.730661e-01,6.504659e-01,5.913326e-01,8.278657e-01,7.687324e-01,5.913326e-01,8.278657e-01,7.095992e-01,7.095992e-01,8.278657e-01,1.064399e+00,7.095992e-01,9.461322e-01,1.005265e+00,7.687324e-01,8.278657e-01,7.687324e-01,9.461322e-01,1.064399e+00,1.182665e+00,1.360065e+00,1.064399e+00,8.869990e-01,8.278657e-01,8.869990e-01,1.596598e+00,7.687324e-01,6.504659e-01,1.182665e+00,1.005265e+00,1.182665e+00,8.869990e-01,1.419198e+00,1.655731e+00,1.833131e+00,1.123532e+00,1.182665e+00,1.419198e+00,1.360065e+00,1.005265e+00,1.537465e+00,1.360065e+00,1.537465e+00,1.182665e+00,1.241799e+00,1.182665e+00,2.010531e+00,1.537465e+00,1.182665e+00,2.069664e+00,1.537465e+00,1.892264e+00,1.596598e+00,1.596598e+00,1.892264e+00,1.478332e+00,1.951398e+00,1.005265e+00,1.892264e+00,1.892264e+00,2.010531e+00,2.187931e+00,2.128798e+00,2.010531e+00,2.187931e+00,2.601864e+00,2.128798e+00,2.306197e+00,2.306197e+00,2.483597e+00,2.365331e+00,3.015796e+00,2.365331e+00,2.542730e+00,2.128798e+00,3.370596e+00,3.015796e+00,2.956663e+00,3.074930e+00,4.021062e+00,3.488863e+00,3.488863e+00,3.902795e+00,2.838397e+00,3.015796e+00,2.956663e+00,3.961929e+00,3.607129e+00,4.316728e+00,4.198462e+00,3.488863e+00,4.553261e+00,3.370596e+00,4.553261e+00,3.961929e+00,4.671528e+00,4.198462e+00,4.908061e+00,4.671528e+00,5.203727e+00,4.848928e+00,4.494128e+00,6.149859e+00,4.908061e+00,6.031593e+00,5.440260e+00,6.268126e+00,6.149859e+00,7.036858e+00,5.913326e+00,7.569058e+00,7.214258e+00,7.746458e+00,6.327259e+00,6.918592e+00,7.509925e+00,8.160390e+00,5.558527e+00,7.982991e+00,7.687324e+00,8.810856e+00,7.450791e+00,8.692590e+00,9.047389e+00,8.337790e+00,9.224789e+00,9.283922e+00,1.082139e+01,1.088052e+01,1.046659e+01,1.064399e+01,1.046659e+01,1.188579e+01,1.011179e+01,1.164925e+01,1.200405e+01,1.218145e+01,1.348238e+01,1.318672e+01,1.224059e+01,1.454678e+01,1.289105e+01,1.330498e+01,1.235885e+01,1.496072e+01,1.360065e+01,1.295018e+01,1.377805e+01,1.259539e+01,1.182665e+01,1.383718e+01,1.448765e+01,1.442852e+01,1.348238e+01,1.401458e+01,1.300932e+01,1.229972e+01,1.354152e+01,1.360065e+01,1.324585e+01,1.289105e+01,1.448765e+01,1.377805e+01,1.407372e+01,1.218145e+01,1.235885e+01,1.040745e+01,1.247712e+01,1.046659e+01,1.093965e+01,1.147185e+01,1.058485e+01,9.934388e+00,9.816122e+00,9.579589e+00,9.343056e+00,9.283922e+00,7.687324e+00,8.929123e+00,7.746458e+00,7.450791e+00,7.214258e+00,7.509925e+00,5.499394e+00,7.273391e+00,4.967194e+00,6.090726e+00,5.795060e+00,5.203727e+00,5.854193e+00,4.848928e+00,4.257595e+00,3.015796e+00,3.725396e+00,3.074930e+00,2.660997e+00,2.660997e+00,3.429729e+00,2.601864e+00,2.187931e+00,2.542730e+00,2.128798e+00,2.542730e+00,1.833131e+00,1.360065e+00,1.655731e+00,1.419198e+00,1.714865e+00,1.478332e+00,1.241799e+00,1.537465e+00,1.714865e+00,1.478332e+00,1.537465e+00,8.869990e-01,1.419198e+00,1.182665e+00,1.182665e+00,5.913326e-01,5.321994e-01,5.321994e-01,8.869990e-01,7.095992e-01,5.321994e-01,3.547996e-01,5.321994e-01,6.504659e-01,9.461322e-01,7.095992e-01,4.139328e-01,8.278657e-01,2.365331e-01,4.730661e-01,5.913326e-01,4.139328e-01,2.365331e-01,4.730661e-01,4.139328e-01,5.321994e-01,7.687324e-01,4.730661e-01,2.956663e-01,8.869990e-01,3.547996e-01,4.730661e-01,5.321994e-01,4.730661e-01,2.365331e-01,3.547996e-01,2.956663e-01,5.913326e-01,5.913326e-01,7.095992e-01,4.139328e-01,5.321994e-01,6.504659e-01,7.687324e-01,4.139328e-01,5.321994e-01,6.504659e-01,5.913326e-01,5.321994e-01,4.139328e-01,2.956663e-01,5.321994e-01,6.504659e-01,4.730661e-01,4.139328e-01,8.869990e-01,4.730661e-01
8.278657e-01,4.139328e-01,6.504659e-01,9.461322e-01,5.321994e-01,6.504659e-01,4.730661e-01,9.461322e-01,3.547996e-01,7.095992e-01,7.687324e-01,7.687324e-01,7.095992e-01,1.064399e+00,7.095992e-01,5.321994e-01,5.321994e-01,7.687324e-01,1.005265e+00,5.913326e-01,1.123532e+00,1.123532e+00,9.461322e-01,1.005265e+00,1.123532e+00,7.687324e-01,5.321994e-01,6.504659e-01,5.913326e-01,1.182665e+00,9.461322e-01,1.005265e+00,1.064399e+00,1.123532e+00,1.064399e+00,1.064399e+00,1.064399e+00,1.241799e+00,1.182665e+00,1.360065e+00,1.300932e+00,1.064399e+00,1.182665e+00,1.123532e+00,7.687324e-01,1.951398e+00,1.064399e+00,1.478332e+00,1.123532e+00,1.419198e+00,1.360065e+00,1.773998e+00,1.360065e+00,1.360065e+00,1.833131e+00,1.300932e+00,1.123532e+00,1.478332e+00,1.241799e+00,1.773998e+00,1.419198e+00,1.714865e+00,1.360065e+00,1.241799e+00,2.069664e+00,1.655731e+00,1.655731e+00,1.596598e+00,2.069664e+00,2.306197e+00,1.478332e+00,2.306197e+00,2.069664e+00,2.128798e+00,1.773998e+00,2.069664e+00,2.247064e+00,3.074930e+00,2.483597e+00,2.601864e+00,3.015796e+00,2.365331e+00,2.601864e+00,2.720130e+00,2.601864e+00,3.015796e+00,2.897530e+00,3.074930e+00,3.843662e+00,2.424464e+00,3.252330e+00,3.193196e+00,2.542730e+00,2.838397e+00,3.902795e+00,3.134063e+00,3.784529e+00,2.838397e+00,2.838397e+00,4.021062e+00,2.779263e+00,3.252330e+00,4.316728e+00,3.961929e+00,4.848928e+00,4.434995e+00,4.198462e+00,4.730661e+00,3.961929e+00,5.321994e+00,4.967194e+00,7.095992e+00,4.848928e+00,5.085461e+00,5.913326e+00,6.149859e+00,4.730661e+00,6.327259e+00,6.741192e+00,7.450791e+00,7.391658e+00,6.682059e+00,7.391658e+00,7.332525e+00,6.741192e+00,7.332525e+00,6.800325e+00,6.918592e+00,7.628191e+00,8.692590e+00,7.746458e+00,8.515190e+00,8.574323e+00,7.864724e+00,8.988256e+00,1.017092e+01,9.993522e+00,9.402189e+00,1.105792e+01,1.093965e+01,9.165656e+00,1.064399e+01,1.135359e+01,1.176752e+01,1.005265e+01,1.153099e+01,1.123532e+01,1.259539e+01,1.117619e+01,1.253625e+01,1.200405e+01,1.099879e+01,1.247712e+01,1.336412e+01,1.413285e+01,1.099879e+01,1.289105e+01,1.395545e+01,1.342325e+01,1.365978e+01,1.431025e+01,1.271365e+01,1.212232e+01,1.218145e+01,1.431025e+01,1.431025e+01,1.259539e+01,1.318672e+01,1.478332e+01,1.419198e+01,1.389632e+01,1.253625e+01,1.365978e+01,1.247712e+01,1.324585e+01,1.235885e+01,1.212232e+01,1.306845e+01,1.147185e+01,1.176752e+01,1.182665e+01,9.224789e+00,1.153099e+01,1.070312e+01,1.005265e+01,9.402189e+00,9.638722e+00,7.982991e+00,7.805591e+00,8.042124e+00,8.278657e+00,7.982991e+00,6.800325e+00,7.509925e+00,6.268126e+00,5.676793e+00,4.257595e+00,4.494128e+00,5.617660e+00,4.671528e+00,4.139328e+00,4.730661e+00,3.429729e+00,3.488863e+00,3.429729e+00,3.015796e+00,2.779263e+00,3.666262e+00,3.784529e+00,2.779263e+00,2.956663e+00,2.128798e+00,1.892264e+00,1.537465e+00,1.419198e+00,2.069664e+00,1.360065e+00,1.300932e+00,1.537465e+00,1.123532e+00,1.655731e+00,5.913326e-01,1.123532e+00,1.360065e+00,6.504659e-01,8.278657e-01,7.687324e-01,1.005265e+00,8.278657e-01,6.504659e-01,7.095992e-01,8.869990e-01,1.064399e+00,7.687324e-01,1.064399e+00,1.005265e+00,5.913326e-01,4.730661e-01,2.365331e-01,1.773998e-01,7.095992e-01,5.913326e-01,5.321994e-01,6.504659e-01,5.321994e-01,3.547996e-01,6.504659e-01,3.547996e-01,4.730661e-01,5.321994e-01,5.321994e-01,4.139328e-01,3.547996e-01,4.730661e-01,5.321994e-01,3.547996e-01,3.547996e-01,2.956663e-01,6.504659e-01,5.321994e-01,6.504659e-01,6.504659e-01,4.139328e-01,7.095992e-01,3.547996e-01,4.730661e-01,5.321994e-01,7.095992e-01,2.956663e-01,3.547996e-01,5.321994e-01,6.504659e-01,3.547996e-01,3.547996e-01,4.139328e-01,2.365331e-01,7.095992e-01,4.730661e-01,7.095992e-01,5.913326e-01
5.321994e-01,4.730661e-01,5.321994e-01,7.687324e-01,4.730661e-01,6.504659e-01,6.504659e-01,4.139328e-01,7.687324e-01,8.278657e-01,5.913326e-01,7.687324e-01,8.278657e-01,8.278657e-01,7.095992e-01,8.278657e-01,7.687324e-01,1.005265e+00,6.504659e-01,1.064399e+00,7.687324e-01,1.182665e+00,8.278657e-01,7.095992e-01,8.869990e-01,1.005265e+00,6.504659e-01,1.005265e+00,8.869990e-01,8.278657e-01,7.687324e-01,9.461322e-01,1.123532e+00,1.360065e+00,1.123532e+00,1.300932e+00,1.360065e+00,1.005265e+00,9.461322e-01,1.182665e+00,1.182665e+00,1.064399e+00,1.123532e+00,1.360065e+00,1.655731e+00,1.005265e+00,1.773998e+00,1.419198e+00,1.182665e+00,1.005265e+00,1.182665e+00,1.478332e+00,1.478332e+00,1.182665e+00,1.300932e+00,1.419198e+00,1.182665e+00,1.419198e+00,1.241799e+00,2.247064e+00,1.596598e+00,1.360065e+00,1.773998e+00,2.010531e+00,2.187931e+00,1.951398e+00,2.128798e+00,2.128798e+00,1.833131e+00,1.478332e+00,1.537465e+00,1.951398e+00,1.537465e+00,2.424464e+00,1.596598e+00,2.069664e+00,2.779263e+00,1.951398e+00,2.247064e+00,2.542730e+00,3.134063e+00,2.660997e+00,2.601864e+00,2.542730e+00,2.542730e+00,2.720130e+00,3.074930e+00,3.311463e+00,2.779263e+00,2.424464e+00,3.488863e+00,3.193196e+00,3.193196e+00,4.494128e+00,4.021062e+00,3.607129e+00,4.139328e+00,3.666262e+00,3.607129e+00,4.434995e+00,4.257595e+00,3.607129e+00,3.725396e+00,4.789794e+00,4.080195e+00,4.612395e+00,4.848928e+00,5.735927e+00,4.967194e+00,4.139328e+00,5.262860e+00,5.617660e+00,5.203727e+00,5.262860e+00,5.381127e+00,5.499394e+00,5.972460e+00,5.676793e+00,6.268126e+00,5.499394e+00,6.622926e+00,7.095992e+00,7.273391e+00,6.504659e+00,7.864724e+00,6.741192e+00,7.214258e+00,8.396923e+00,7.628191e+00,7.273391e+00,9.047389e+00,9.283922e+00,9.934388e+00,9.520455e+00,9.047389e+00,1.064399e+01,8.574323e+00,8.810856e+00,1.052572e+01,1.052572e+01,1.028919e+01,1.117619e+01,1.147185e+01,1.283192e+01,1.277279e+01,1.005265e+01,1.159012e+01,1.099879e+01,1.277279e+01,1.040745e+01,1.253625e+01,1.235885e+01,1.389632e+01,1.354152e+01,1.277279e+01,1.318672e+01,1.501985e+01,1.395545e+01,1.283192e+01,1.300932e+01,1.365978e+01,1.389632e+01,1.348238e+01,1.401458e+01,1.300932e+01,1.271365e+01,1.235885e+01,1.407372e+01,1.312758e+01,1.431025e+01,1.159012e+01,1.436938e+01,1.277279e+01,1.170839e+01,1.259539e+01,1.194492e+01,1.330498e+01,1.182665e+01,1.011179e+01,1.117619e+01,1.011179e+01,1.040745e+01,1.082139e+01,7.982991e+00,9.402189e+00,8.160390e+00,8.988256e+00,9.520455e+00,7.332525e+00,8.101257e+00,8.337790e+00,7.214258e+00,6.268126e+00,7.155125e+00,7.332525e+00,6.563792e+00,5.321994e+00,4.494128e+00,5.026327e+00,4.967194e+00,4.848928e+00,4.908061e+00,3.488863e+00,4.139328e+00,3.902795e+00,3.370596e+00,2.720130e+00,3.015796e+00,2.128798e+00,3.193196e+00,2.306197e+00,1.892264e+00,1.714865e+00,2.010531e+00,2.187931e+00,2.010531e+00,1.478332e+00,1.360065e+00,1.182665e+00,1.360065e+00,1.478332e+00,7.095992e-01,1.537465e+00,9.461322e-01,9.461322e-01,1.123532e+00,1.419198e+00,9.461322e-01,6.504659e-01,1.064399e+00,7.687324e-01,8.278657e-01,5.913326e-01,8.869990e-01,7.687324e-01,1.773998e-01,3.547996e-01,7.687324e-01,5.913326e-01,6.504659e-01,5.913326e-01,6.504659e-01,6.504659e-01,6.504659e-01,8.278657e-01,5.321994e-01,4.139328e-01,6.504659e-01,3.547996e-01,3.547996e-01,6.504659e-01,4.139328e-01,4.730661e-01,5.913326e-01,4.139328e-01,7.095992e-01,5.321994e-01,4.730661e-01,7.687324e-01,3.547996e-01,4.139328e-01,5.321994e-01,5.321994e-01,4.730661e-01,4.730661e-01,4.139328e-01,5.321994e-01,6.504659e-01,7.095992e-01,7.095992e-01,3.547996e-01,4.730661e-01,5.321994e-01,4.139328e-01,4.139328e-01,7.687324e-01,3.547996e-01,4.730661e-01,4.139328e-01,5.321994e-01
5.913326e-01,5.321994e-01,5.321994e-01,6.504659e-01,6.504659e-01,8.278657e-01,7.095992e-01,7.687324e-01,5.913326e-01,5.913326e-01,1.064399e+00,1.182665e+00,7.095992e-01,1.005265e+00,8.278657e-01,9.461322e-01,7.095992e-01,1.123532e+00,1.005265e+00,8.278657e-01,7.687324e-01,4.730661e-01,5.321994e-01,1.005265e+00,8.869990e-01,1.005265e+00,8.869990e-01,8.869990e-01,9.461322e-01,1.182665e+00,8.278657e-01,9.461322e-01,1.241799e+00,7.687324e-01,1.005265e+00,8.278657e-01,1.596598e+00,1.064399e+00,1.241799e+00,7.095992e-01,1.241799e+00,5.913326e-01,1.419198e+00,9.461322e-01,1.360065e+00,1.360065e+00,1.360065e+00,1.419198e+00,1.537465e+00,1.360065e+00,1.419198e+00,1.419198e+00,1.419198e+00,1.241799e+00,1.655731e+00,1.596598e+00,1.300932e+00,1.419198e+00,1.478332e+00,1.300932e+00,1.419198e+00,2.069664e+00,2.069664e+00,1.537465e+00,1.833131e+00,2.128798e+00,2.720130e+00,2.069664e+00,2.483597e+00,1.596598e+00,1.714865e+00,2.187931e+00,1.951398e+00,2.483597e+00,1.951398e+00,2.365331e+00,2.424464e+00,2.128798e+00,1.951398e+00,2.247064e+00,2.424464e+00,2.010531e+00,2.069664e+00,2.601864e+00,2.424464e+00,2.779263e+00,2.601864e+00,3.134063e+00,3.429729e+00,2.601864e+00,3.311463e+00,3.961929e+00,3.134063e+00,4.021062e+00,2.720130e+00,3.547996e+00,2.720130e+00,3.843662e+00,4.671528e+00,4.316728e+00,4.612395e+00,4.967194e+00,4.139328e+00,5.676793e+00,4.257595e+00,4.139328e+00,5.085461e+00,4.434995e+00,6.386393e+00,3.961929e+00,5.972460e+00,4.848928e+00,4.848928e+00,5.203727e+00,4.908061e+00,6.386393e+00,5.321994e+00,6.445526e+00,5.913326e+00,4.908061e+00,8.396923e+00,7.746458e+00,7.273391e+00,7.332525e+00,8.515190e+00,7.864724e+00,7.509925e+00,7.687324e+00,8.396923e+00,7.864724e+00,7.864724e+00,9.047389e+00,7.982991e+00,8.929123e+00,9.047389e+00,1.005265e+01,9.520455e+00,9.047389e+00,9.875255e+00,9.343056e+00,1.040745e+01,1.088052e+01,1.111705e+01,1.070312e+01,1.170839e+01,1.046659e+01,1.159012e+01,1.259539e+01,1.164925e+01,1.389632e+01,1.342325e+01,1.283192e+01,1.271365e+01,1.129445e+01,1.271365e+01,1.300932e+01,1.413285e+01,1.271365e+01,1.354152e+01,1.289105e+01,1.431025e+01,1.425112e+01,1.306845e+01,1.454678e+01,1.147185e+01,1.395545e+01,1.052572e+01,1.277279e+01,1.253625e+01,1.206319e+01,1.306845e+01,1.277279e+01,1.300932e+01,1.413285e+01,1.253625e+01,1.235885e+01,1.147185e+01,1.218145e+01,1.241799e+01,1.023005e+01,1.046659e+01,9.283922e+00,9.283922e+00,1.017092e+01,9.756989e+00,1.023005e+01,8.101257e+00,9.756989e+00,9.047389e+00,7.450791e+00,6.504659e+00,8.101257e+00,6.563792e+00,6.504659e+00,5.499394e+00,5.972460e+00,5.262860e+00,5.558527e+00,5.262860e+00,5.144594e+00,4.434995e+00,4.612395e+00,3.429729e+00,2.720130e+00,2.720130e+00,2.897530e+00,3.547996e+00,2.897530e+00,2.897530e+00,2.660997e+00,2.483597e+00,2.542730e+00,2.247064e+00,1.892264e+00,2.069664e+00,1.478332e+00,1.892264e+00,1.537465e+00,1.596598e+00,1.596598e+00,1.596598e+00,9.461322e-01,1.182665e+00,8.869990e-01,1.182665e+00,3.547996e-01,9.461322e-01,6.504659e-01,1.005265e+00,8.278657e-01,5.321994e-01,5.913326e-01,5.913326e-01,4.730661e-01,8.278657e-01,5.913326e-01,7.095992e-01,4.139328e-01,6.504659e-01,7.095992e-01,9.461322e-01,7.095992e-01,1.005265e+00,4.139328e-01,7.095992e-01,2.956663e-01,8.278657e-01,3.547996e-01,5.321994e-01,3.547996e-01,4.730661e-01,4.139328e-01,4.730661e-01,4.730661e-01,4.730661e-01,2.956663e-01,7.687324e-01,5.913326e-01,5.913326e-01,7.095992e-01,6.504659e-01,4.139328e-01,4.730661e-01,2.956663e-01,4.730661e-01,2.365331e-01,3.547996e-01,4.139328e-01,2.956663e-01,7.687324e-01,4.139328e-01,7.095992e-01,1.773998e-01,7.687324e-01,4.139328e-01,3.547996e-01,6.504659e-01,9.461322e-01,4.730661e-01,5.321994e-01
5.913326e-01,6.504659e-01,3.547996e-01,4.139328e-01,5.321994e-01,6.504659e-01,6.504659e-01,5.913326e-01,6.504659e-01,5.913326e-01,1.064399e+00,7.095992e-01,6.504659e-01,8.278657e-01,8.278657e-01,1.123532e+00,9.461322e-01,4.730661e-01,7.687324e-01,7.095992e-01,4.730661e-01,4.139328e-01,9.461322e-01,9.461322e-01,8.869990e-01,1.123532e+00,1.005265e+00,7.095992e-01,7.687324e-01,6.504659e-01,1.182665e+00,7.095992e-01,8.869990e-01,1.300932e+00,7.095992e-01,1.300932e+00,1.360065e+00,8.278657e-01,1.182665e+00,7.095992e-01,1.182665e+00,1.123532e+00,1.064399e+00,1.064399e+00,1.419198e+00,1.655731e+00,1.064399e+00,1.123532e+00,1.123532e+00,1.241799e+00,8.278657e-01,1.419198e+00,1.300932e+00,1.833131e+00,1.537465e+00,1.241799e+00,1.537465e+00,1.182665e+00,1.419198e+00,1.773998e+00,1.360065e+00,1.892264e+00,2.247064e+00,1.478332e+00,1.951398e+00,2.306197e+00,2.069664e+00,2.010531e+00,1.951398e+00,2.069664e+00,1.714865e+00,2.365331e+00,1.655731e+00,1.773998e+00,1.596598e+00,2.542730e+00,2.187931e+00,2.660997e+00,2.424464e+00,2.483597e+00,2.306197e+00,2.720130e+00,2.956663e+00,3.429729e+00,2.660997e+00,2.956663e+00,2.542730e+00,2.660997e+00,3.843662e+00,3.134063e+00,3.843662e+00,3.015796e+00,2.660997e+00,3.074930e+00,3.961929e+00,3.193196e+00,3.193196e+00,2.897530e+00,4.730661e+00,4.494128e+00,3.902795e+00,4.080195e+00,3.488863e+00,4.730661e+00,3.607129e+00,5.735927e+00,4.908061e+00,4.612395e+00,4.316728e+00,5.913326e+00,5.854193e+00,5.735927e+00,5.085461e+00,5.972460e+00,5.440260e+00,6.386393e+00,6.622926e+00,5.440260e+00,7.332525e+00,6.445526e+00,6.149859e+00,6.682059e+00,5.499394e+00,6.859459e+00,6.859459e+00,7.155125e+00,7.687324e+00,8.869990e+00,7.450791e+00,8.929123e+00,9.224789e+00,9.343056e+00,9.816122e+00,9.047389e+00,8.751723e+00,8.751723e+00,8.633457e+00,1.040745e+01,9.461322e+00,1.123532e+01,1.005265e+01,1.111705e+01,1.129445e+01,9.638722e+00,1.088052e+01,1.070312e+01,1.147185e+01,1.141272e+01,1.040745e+01,1.147185e+01,1.259539e+01,1.436938e+01,1.519725e+01,1.330498e+01,1.300932e+01,1.153099e+01,1.431025e+01,1.555205e+01,1.289105e+01,1.277279e+01,1.425112e+01,1.436938e+01,1.460592e+01,1.312758e+01,1.395545e+01,1.342325e+01,1.371892e+01,1.395545e+01,1.324585e+01,1.431025e+01,1.395545e+01,1.253625e+01,1.247712e+01,1.342325e+01,1.194492e+01,1.235885e+01,1.247712e+01,1.295018e+01,1.194492e+01,1.070312e+01,1.111705e+01,9.756989e+00,8.574323e+00,8.988256e+00,8.929123e+00,8.633457e+00,8.692590e+00,8.456057e+00,8.278657e+00,6.918592e+00,7.214258e+00,6.268126e+00,8.278657e+00,7.095992e+00,6.741192e+00,6.445526e+00,6.268126e+00,5.144594e+00,4.908061e+00,4.139328e+00,5.381127e+00,3.607129e+00,4.612395e+00,3.252330e+00,3.607129e+00,3.193196e+00,3.311463e+00,3.015796e+00,2.601864e+00,2.483597e+00,2.306197e+00,2.601864e+00,2.247064e+00,2.660997e+00,2.542730e+00,2.365331e+00,1.833131e+00,1.360065e+00,8.869990e-01,2.069664e+00,1.360065e+00,1.123532e+00,1.064399e+00,1.360065e+00,1.300932e+00,7.687324e-01,1.123532e+00,8.869990e-01,1.005265e+00,1.182665e+00,7.095992e-01,1.182665e+00,5.913326e-01,8.869990e-01,9.461322e-01,7.095992e-01,5.913326e-01,7.687324e-01,5.913326e-01,4.730661e-01,5.321994e-01,4.139328e-01,5.913326e-01,5.913326e-01,8.278657e-01,2.956663e-01,2.956663e-01,6.504659e-01,6.504659e-01,3.547996e-01,8.869990e-01,7.095992e-01,3.547996e-01,2.956663e-01,7.095992e-01,4.730661e-01,6.504659e-01,5.321994e-01,6.504659e-01,5.913326e-01,6.504659e-01,2.956663e-01,7.687324e-01,4.730661e-01,4.730661e-01,4.139328e-01,6.504659e-01,6.504659e-01,6.504659e-01,2.956663e-01,7.095992e-01,4.730661e-01,8.869990e-01,3.547996e-01,5.321994e-01,4.730661e-01,4.139328e-01,8.278657e-01,4.730661e-01,3.547996e-01
9.461322e-01,3.547996e-01,5.321994e-01,5.321994e-01,8.278657e-01,5.321994e-01,5.913326e-01,1.005265e+00,7.095992e-01,6.504659e-01,4.730661e-01,4.730661e-01,8.278657e-01,7.095992e-01,1.773998e-01,5.321994e-01,8.869990e-01,7.687324e-01,7.095992e-01,5.913326e-01,4.730661e-01,5.913326e-01,1.537465e+00,7.687324e-01,4.139328e-01,5.913326e-01,1.064399e+00,8.869990e-01,1.241799e+00,1.123532e+00,1.005265e+00,1.005265e+00,1.123532e+00,5.321994e-01,1.182665e+00,8.869990e-01,1.300932e+00,1.537465e+00,7.687324e-01,7.687324e-01,1.005265e+00,9.461322e-01,1.419198e+00,1.537465e+00,7.095992e-01,1.123532e+00,1.241799e+00,6.504659e-01,1.360065e+00,1.182665e+00,1.833131e+00,1.478332e+00,1.951398e+00,1.300932e+00,1.537465e+00,1.182665e+00,1.833131e+00,1.419198e+00,1.241799e+00,1.123532e+00,2.128798e+00,1.892264e+00,1.951398e+00,1.537465e+00,1.596598e+00,1.537465e+00,1.714865e+00,1.655731e+00,1.951398e+00,1.773998e+00,1.833131e+00,2.187931e+00,2.483597e+00,2.897530e+00,2.424464e+00,2.306197e+00,2.128798e+00,2.483597e+00,2.660997e+00,2.069664e+00,2.601864e+00,4.139328e+00,3.725396e+00,2.306197e+00,2.720130e+00,2.365331e+00,2.365331e+00,3.429729e+00,2.306197e+00,3.193196e+00,3.252330e+00,2.720130e+00,3.193196e+00,2.838397e+00,4.671528e+00,3.666262e+00,4.080195e+00,3.488863e+00,3.134063e+00,3.488863e+00,4.198462e+00,4.021062e+00,3.843662e+00,3.547996e+00,4.612395e+00,4.967194e+00,4.612395e+00,4.967194e+00,4.021062e+00,4.730661e+00,5.026327e+00,5.026327e+00,4.967194e+00,5.558527e+00,5.795060e+00,6.208993e+00,6.208993e+00,6.741192e+00,6.268126e+00,5.735927e+00,5.381127e+00,5.854193e+00,5.617660e+00,7.746458e+00,7.746458e+00,7.982991e+00,7.332525e+00,7.805591e+00,7.214258e+00,8.101257e+00,8.751723e+00,8.751723e+00,8.219524e+00,8.692590e+00,9.283922e+00,7.569058e+00,1.046659e+01,9.224789e+00,1.023005e+01,9.343056e+00,1.200405e+01,1.070312e+01,1.070312e+01,1.188579e+01,9.461322e+00,1.170839e+01,1.058485e+01,1.306845e+01,1.324585e+01,1.164925e+01,1.241799e+01,1.371892e+01,1.271365e+01,1.490158e+01,1.377805e+01,1.425112e+01,1.448765e+01,1.277279e+01,1.271365e+01,1.271365e+01,1.401458e+01,1.401458e+01,1.259539e+01,1.330498e+01,1.431025e+01,1.395545e+01,1.413285e+01,1.312758e+01,1.383718e+01,1.365978e+01,1.241799e+01,1.318672e+01,1.265452e+01,1.235885e+01,1.170839e+01,1.229972e+01,1.206319e+01,1.170839e+01,1.129445e+01,1.088052e+01,1.312758e+01,1.147185e+01,1.011179e+01,1.088052e+01,9.283922e+00,1.011179e+01,9.402189e+00,8.219524e+00,8.692590e+00,7.923857e+00,9.165656e+00,6.918592e+00,7.687324e+00,6.563792e+00,5.735927e+00,5.676793e+00,5.972460e+00,4.021062e+00,5.085461e+00,5.026327e+00,4.553261e+00,4.494128e+00,4.553261e+00,3.429729e+00,2.956663e+00,2.424464e+00,3.193196e+00,2.897530e+00,1.773998e+00,2.424464e+00,1.892264e+00,2.897530e+00,2.306197e+00,1.833131e+00,1.773998e+00,1.951398e+00,1.714865e+00,1.537465e+00,1.241799e+00,1.537465e+00,1.537465e+00,1.419198e+00,1.123532e+00,1.241799e+00,8.869990e-01,1.005265e+00,7.687324e-01,7.687324e-01,1.005265e+00,4.730661e-01,4.730661e-01,8.278657e-01,6.504659e-01,7.687324e-01,9.461322e-01,5.913326e-01,4.139328e-01,4.139328e-01,9.461322e-01,7.095992e-01,7.095992e-01,3.547996e-01,4.139328e-01,4.139328e-01,3.547996e-01,4.139328e-01,4.139328e-01,5.321994e-01,4.139328e-01,5.321994e-01,7.095992e-01,3.547996e-01,4.730661e-01,7.095992e-01,6.504659e-01,6.504659e-01,4.730661e-01,5.321994e-01,5.321994e-01,4.730661e-01,4.139328e-01,7.095992e-01,4.139328e-01,4.730661e-01,5.913326e-01,4.730661e-01,4.730661e-01,4.139328e-01,6.504659e-01,6.504659e-01,7.095992e-01,5.913326e-01,3.547996e-01,4.139328e-01,1.773998e-01,5.913326e-01,8.278657e-01,6.504659e-01,5.321994e-01,4.730661e-01
7.687324e-01,7.095992e-01,8.278657e-01,7.095992e-01,5.321994e-01,6.504659e-01,5.913326e-01,4.139328e-01,8.869990e-01,7.095992e-01,5.913326e-01,1.005265e+00,5.913326e-01,4.730661e-01,6.504659e-01,1.064399e+00,7.687324e-01,1.005265e+00,9.461322e-01,6.504659e-01,4.730661e-01,5.913326e-01,1.005265e+00,9.461322e-01,7.095992e-01,1.064399e+00,5.913326e-01,8.278657e-01,8.869990e-01,4.730661e-01,6.504659e-01,8.278657e-01,1.064399e+00,1.241799e+00,1.064399e+00,1.241799e+00,1.596598e+00,1.596598e+00,1.241799e+00,9.461322e-01,1.005265e+00,1.655731e+00,1.182665e+00,1.537465e+00,5.913326e-01,1.300932e+00,1.005265e+00,1.241799e+00,1.537465e+00,1.241799e+00,1.596598e+00,1.655731e+00,1.064399e+00,1.241799e+00,1.360065e+00,1.360065e+00,1.123532e+00,1.655731e+00,1.478332e+00,1.300932e+00,8.869990e-01,1.596598e+00,1.951398e+00,1.478332e+00,2.069664e+00,1.833131e+00,2.306197e+00,1.596598e+00,2.483597e+00,1.655731e+00,2.542730e+00,2.128798e+00,1.833131e+00,2.601864e+00,2.424464e+00,2.128798e+00,2.779263e+00,2.424464e+00,2.187931e+00,2.897530e+00,2.838397e+00,2.187931e+00,2.483597e+00,2.483597e+00,3.193196e+00,2.424464e+00,3.429729e+00,2.483597e+00,2.838397e+00,3.725396e+00,3.666262e+00,3.488863e+00,3.311463e+00,3.252330e+00,3.784529e+00,4.021062e+00,3.370596e+00,4.434995e+00,3.015796e+00,4.257595e+00,4.434995e+00,4.021062e+00,3.843662e+00,4.967194e+00,4.080195e+00,4.848928e+00,4.198462e+00,4.494128e+00,5.676793e+00,4.789794e+00,5.321994e+00,4.848928e+00,6.386393e+00,6.149859e+00,5.321994e+00,5.321994e+00,5.381127e+00,6.563792e+00,5.085461e+00,6.208993e+00,6.208993e+00,6.682059e+00,7.155125e+00,7.450791e+00,7.095992e+00,7.982991e+00,8.219524e+00,7.509925e+00,8.278657e+00,7.036858e+00,8.633457e+00,8.633457e+00,8.160390e+00,9.106523e+00,8.160390e+00,1.034832e+01,9.816122e+00,9.875255e+00,1.099879e+01,9.402189e+00,1.111705e+01,1.123532e+01,9.461322e+00,1.235885e+01,1.117619e+01,1.153099e+01,1.111705e+01,1.247712e+01,1.129445e+01,1.283192e+01,1.224059e+01,1.194492e+01,1.218145e+01,1.389632e+01,1.348238e+01,1.224059e+01,1.407372e+01,1.306845e+01,1.442852e+01,1.318672e+01,1.590685e+01,1.312758e+01,1.407372e+01,1.295018e+01,1.448765e+01,1.431025e+01,1.176752e+01,1.472418e+01,1.300932e+01,1.300932e+01,1.501985e+01,1.354152e+01,1.342325e+01,1.182665e+01,1.200405e+01,1.135359e+01,1.360065e+01,1.070312e+01,1.159012e+01,1.111705e+01,1.052572e+01,1.058485e+01,1.052572e+01,1.070312e+01,9.165656e+00,1.011179e+01,9.047389e+00,9.224789e+00,8.869990e+00,8.574323e+00,7.273391e+00,7.036858e+00,5.854193e+00,6.800325e+00,6.918592e+00,5.676793e+00,5.854193e+00,5.617660e+00,5.085461e+00,5.499394e+00,4.730661e+00,4.671528e+00,4.494128e+00,4.967194e+00,3.488863e+00,2.897530e+00,4.198462e+00,3.134063e+00,2.956663e+00,2.542730e+00,2.365331e+00,1.892264e+00,1.596598e+00,2.542730e+00,1.596598e+00,1.951398e+00,9.461322e-01,1.005265e+00,1.005265e+00,1.537465e+00,1.360065e+00,1.123532e+00,1.241799e+00,1.241799e+00,8.278657e-01,9.461322e-01,7.095992e-01,8.278657e-01,4.139328e-01,7.095992e-01,5.913326e-01,8.278657e-01,1.064399e+00,9.461322e-01,8.869990e-01,5.321994e-01,6.504659e-01,4.730661e-01,4.730661e-01,6.504659e-01,5.321994e-01,2.956663e-01,3.547996e-01,5.913326e-01,5.321994e-01,7.687324e-01,6.504659e-01,6.504659e-01,2.365331e-01,4.730661e-01,5.321994e-01,2.956663e-01,4.730661e-01,2.365331e-01,4.139328e-01,4.139328e-01,1.773998e-01,1.182665e-01,5.913326e-01,4.139328e-01,2.956663e-01,4.139328e-01,1.773998e-01,5.913326e-01,4.730661e-01,4.139328e-01,5.913326e-01,7.687324e-01,7.687324e-01,6.504659e-01,4.139328e-01,6.504659e-01,4.139328e-01,5.321994e-01,8.278657e-01,5.321994e-01,6.504659e-01,5.321994e-01,4.139328e-01,5.913326e-01
5.913326e-01,5.913326e-01,7.687324e-01,1.005265e+00,2.365331e-01,7.687324e-01,9.461322e-01,8.869990e-01,8.869990e-01,5.913326e-01,8.869990e-01,7.687324e-01,1.182665e+00,5.913326e-01,9.461322e-01,1.123532e+00,7.095992e-01,8.869990e-01,8.278657e-01,1.182665e+00,1.123532e+00,1.241799e+00,1.005265e+00,8.278657e-01,8.869990e-01,7.687324e-01,1.005265e+00,5.321994e-01,5.913326e-01,9.461322e-01,6.504659e-01,8.278657e-01,1.419198e+00,1.360065e+00,1.064399e+00,8.278657e-01,1.123532e+00,1.419198e+00,1.005265e+00,1.123532e+00,7.687324e-01,1.123532e+00,8.869990e-01,9.461322e-01,1.300932e+00,1.005265e+00,1.360065e+00,1.241799e+00,1.537465e+00,1.419198e+00,1.537465e+00,7.095992e-01,1.300932e+00,8.278657e-01,1.833131e+00,1.714865e+00,1.537465e+00,1.478332e+00,1.005265e+00,1.714865e+00,1.951398e+00,1.419198e+00,1.951398e+00,1.714865e+00,1.596598e+00,1.773998e+00,1.655731e+00,2.897530e+00,1.596598e+00,2.069664e+00,2.128798e+00,2.365331e+00,2.306197e+00,2.306197e+00,1.773998e+00,2.483597e+00,2.365331e+00,2.897530e+00,2.069664e+00,2.247064e+00,2.601864e+00,2.247064e+00,2.247064e+00,2.720130e+00,3.015796e+00,3.488863e+00,4.434995e+00,3.015796e+00,3.370596e+00,3.370596e+00,3.607129e+00,2.956663e+00,3.015796e+00,3.666262e+00,2.956663e+00,3.666262e+00,4.080195e+00,3.961929e+00,3.784529e+00,3.488863e+00,4.316728e+00,4.434995e+00,3.666262e+00,3.429729e+00,4.021062e+00,4.671528e+00,5.026327e+00,5.440260e+00,4.789794e+00,5.262860e+00,4.848928e+00,4.553261e+00,5.735927e+00,5.795060e+00,6.918592e+00,6.563792e+00,5.026327e+00,5.676793e+00,5.795060e+00,6.977725e+00,4.612395e+00,6.622926e+00,7.864724e+00,7.214258e+00,8.219524e+00,7.273391e+00,8.219524e+00,8.751723e+00,8.396923e+00,7.746458e+00,9.106523e+00,8.101257e+00,7.450791e+00,8.929123e+00,9.165656e+00,8.515190e+00,1.147185e+01,1.088052e+01,9.934388e+00,1.034832e+01,1.147185e+01,1.111705e+01,1.176752e+01,1.135359e+01,1.082139e+01,1.159012e+01,1.407372e+01,9.993522e+00,1.188579e+01,1.147185e+01,1.283192e+01,1.129445e+01,1.241799e+01,1.407372e+01,1.283192e+01,1.330498e+01,1.413285e+01,1.460592e+01,1.389632e+01,1.194492e+01,1.277279e+01,1.348238e+01,1.253625e+01,1.289105e+01,1.295018e+01,1.330498e+01,1.324585e+01,1.330498e+01,1.235885e+01,1.436938e+01,1.306845e+01,1.383718e+01,1.436938e+01,1.336412e+01,1.129445e+01,1.164925e+01,1.111705e+01,1.224059e+01,1.111705e+01,1.206319e+01,1.105792e+01,8.929123e+00,1.005265e+01,1.058485e+01,8.278657e+00,9.224789e+00,9.520455e+00,9.579589e+00,8.337790e+00,7.332525e+00,6.859459e+00,6.800325e+00,8.101257e+00,6.445526e+00,6.977725e+00,5.795060e+00,4.612395e+00,5.085461e+00,5.735927e+00,4.553261e+00,4.316728e+00,4.612395e+00,4.257595e+00,3.370596e+00,3.370596e+00,3.902795e+00,3.429729e+00,3.015796e+00,2.601864e+00,2.838397e+00,3.311463e+00,2.128798e+00,1.714865e+00,1.478332e+00,1.892264e+00,1.537465e+00,1.300932e+00,1.655731e+00,1.773998e+00,1.241799e+00,1.714865e+00,1.064399e+00,1.123532e+00,8.278657e-01,8.869990e-01,7.687324e-01,1.064399e+00,8.869990e-01,7.687324e-01,3.547996e-01,5.321994e-01,1.064399e+00,4.730661e-01,7.687324e-01,5.321994e-01,7.687324e-01,6.504659e-01,7.095992e-01,7.687324e-01,4.139328e-01,6.504659e-01,6.504659e-01,5.321994e-01,5.913326e-01,5.321994e-01,4.730661e-01,3.547996e-01,5.913326e-01,4.730661e-01,9.461322e-01,5.913326e-01,6.504659e-01,5.321994e-01,4.730661e-01,4.730661e-01,8.278657e-01,4.730661e-01,7.095992e-01,2.956663e-01,6.504659e-01,4.730661e-01,4.139328e-01,5.321994e-01,4.730661e-01,4.730661e-01,5.321994e-01,1.773998e-01,7.095992e-01,4.730661e-01,5.913326e-01,4.730661e-01,2.956663e-01,5.321994e-01,4.139328e-01,2.956663e-01,3.547996e-01,4.730661e-01,7.687324e-01,3.547996e-01,4.730661e-01
9.461322e-01,5.913326e-01,2.365331e-01,6.504659e-01,1.005265e+00,9.461322e-01,7.095992e-01,6.504659e-01,1.064399e+00,6.504659e-01,7.687324e-01,5.321994e-01,8.278657e-01,6.504659e-01,8.278657e-01,8.278657e-01,5.913326e-01,8.278657e-01,8.278657e-01,1.241799e+00,5.913326e-01,1.005265e+00,6.504659e-01,1.064399e+00,1.182665e+00,1.300932e+00,4.730661e-01,9.461322e-01,8.278657e-01,1.064399e+00,9.461322e-01,8.869990e-01,1.064399e+00,8.278657e-01,1.064399e+00,1.182665e+00,4.139328e-01,9.461322e-01,1.596598e+00,1.419198e+00,9.461322e-01,8.869990e-01,9.461322e-01,1.064399e+00,1.419198e+00,1.241799e+00,1.241799e+00,1.478332e+00,1.537465e+00,1.360065e+00,1.478332e+00,1.182665e+00,1.833131e+00,1.478332e+00,1.773998e+00,1.537465e+00,1.892264e+00,1.714865e+00,1.596598e+00,1.951398e+00,1.537465e+00,1.655731e+00,1.655731e+00,2.010531e+00,1.596598e+00,2.010531e+00,1.714865e+00,1.892264e+00,1.951398e+00,2.365331e+00,2.660997e+00,2.306197e+00,2.247064e+00,2.306197e+00,1.478332e+00,1.951398e+00,2.128798e+00,2.128798e+00,3.607129e+00,2.601864e+00,2.483597e+00,3.311463e+00,2.424464e+00,1.951398e+00,2.660997e+00,2.956663e+00,3.015796e+00,2.424464e+00,3.725396e+00,3.015796e+00,2.779263e+00,2.838397e+00,3.488863e+00,3.843662e+00,4.080195e+00,3.488863e+00,3.961929e+00,3.666262e+00,4.198462e+00,4.316728e+00,3.547996e+00,3.843662e+00,3.902795e+00,4.671528e+00,4.553261e+00,4.080195e+00,3.607129e+00,5.144594e+00,5.085461e+00,5.499394e+00,5.617660e+00,5.321994e+00,4.908061e+00,6.268126e+00,6.386393e+00,5.085461e+00,6.386393e+00,6.208993e+00,6.327259e+00,6.800325e+00,6.800325e+00,6.918592e+00,8.160390e+00,8.456057e+00,6.859459e+00,8.751723e+00,7.923857e+00,9.106523e+00,7.273391e+00,6.800325e+00,8.988256e+00,8.337790e+00,8.219524e+00,1.011179e+01,9.106523e+00,1.058485e+01,9.697855e+00,1.093965e+01,1.076225e+01,9.816122e+00,8.869990e+00,1.182665e+01,1.058485e+01,1.241799e+01,1.088052e+01,1.023005e+01,1.188579e+01,1.289105e+01,1.164925e+01,1.241799e+01,1.229972e+01,1.277279e+01,1.277279e+01,1.247712e+01,1.354152e+01,1.318672e+01,1.425112e+01,1.419198e+01,1.460592e+01,1.395545e+01,1.253625e+01,1.342325e+01,1.395545e+01,1.513812e+01,1.371892e+01,1.360065e+01,1.360065e+01,1.360065e+01,1.377805e+01,1.395545e+01,1.295018e+01,1.300932e+01,1.365978e+01,1.330498e+01,1.141272e+01,1.176752e+01,1.212232e+01,1.064399e+01,1.058485e+01,1.099879e+01,1.206319e+01,1.005265e+01,9.756989e+00,8.869990e+00,8.988256e+00,8.692590e+00,1.017092e+01,9.875255e+00,8.396923e+00,8.396923e+00,7.095992e+00,6.208993e+00,6.918592e+00,5.913326e+00,6.563792e+00,6.682059e+00,5.854193e+00,5.854193e+00,4.612395e+00,4.671528e+00,5.026327e+00,3.488863e+00,4.671528e+00,3.666262e+00,3.193196e+00,2.720130e+00,2.660997e+00,2.660997e+00,2.542730e+00,2.187931e+00,2.660997e+00,1.241799e+00,2.365331e+00,1.419198e+00,2.187931e+00,1.537465e+00,1.892264e+00,1.892264e+00,1.241799e+00,1.419198e+00,1.241799e+00,1.419198e+00,8.869990e-01,1.300932e+00,8.869990e-01,1.005265e+00,1.300932e+00,6.504659e-01,1.241799e+00,5.913326e-01,1.123532e+00,6.504659e-01,6.504659e-01,8.869990e-01,5.321994e-01,4.139328e-01,9.461322e-01,4.730661e-01,6.504659e-01,4.730661e-01,2.365331e-01,8.278657e-01,5.913326e-01,5.913326e-01,7.687324e-01,6.504659e-01,2.956663e-01,2.956663e-01,5.913326e-01,5.321994e-01,5.321994e-01,5.321994e-01,3.547996e-01,4.730661e-01,4.730661e-01,4.730661e-01,2.365331e-01,4.139328e-01,7.095992e-01,4.730661e-01,4.139328e-01,4.139328e-01,2.956663e-01,2.956663e-01,5.321994e-01,5.913326e-01,2.365331e-01,8.869990e-01,7.687324e-01,4.730661e-01,4.730661e-01,5.913326e-01,5.321994e-01,5.913326e-01,7.095992e-01,2.365331e-01,3.547996e-01,4.139328e-01,8.278657e-01,4.139328e-01
8.278657e-01,5.913326e-01,6.504659e-01,5.913326e-01,4.139328e-01,7.687324e-01,4.139328e-01,7.687324e-01,6.504659e-01,9.461322e-01,7.095992e-01,7.687324e-01,8.278657e-01,4.139328e-01,7.687324e-01,5.321994e-01,8.278657e-01,1.241799e+00,6.504659e-01,7.687324e-01,7.687324e-01,1.005265e+00,9.461322e-01,8.278657e-01,9.461322e-01,1.064399e+00,8.869990e-01,8.869990e-01,1.064399e+00,6.504659e-01,8.278657e-01,1.123532e+00,1.123532e+00,8.869990e-01,1.537465e+00,1.005265e+00,5.321994e-01,9.461322e-01,1.005265e+00,1.537465e+00,1.596598e+00,1.241799e+00,1.241799e+00,8.869990e-01,8.869990e-01,1.005265e+00,1.182665e+00,1.241799e+00,1.419198e+00,1.951398e+00,1.714865e+00,1.241799e+00,1.892264e+00,1.655731e+00,1.123532e+00,1.419198e+00,1.833131e+00,1.537465e+00,1.360065e+00,1.182665e+00,2.128798e+00,1.773998e+00,1.537465e+00,1.537465e+00,1.773998e+00,2.128798e+00,1.892264e+00,2.483597e+00,1.537465e+00,2.365331e+00,2.187931e+00,1.892264e+00,1.714865e+00,2.128798e+00,2.660997e+00,2.838397e+00,2.838397e+00,1.714865e+00,2.128798e+00,2.720130e+00,2.601864e+00,2.601864e+00,2.779263e+00,2.365331e+00,3.074930e+00,3.015796e+00,4.021062e+00,2.956663e+00,2.956663e+00,2.601864e+00,2.660997e+00,3.547996e+00,3.074930e+00,3.725396e+00,3.547996e+00,3.666262e+00,3.015796e+00,3.666262e+00,4.848928e+00,3.311463e+00,3.252330e+00,4.257595e+00,3.370596e+00,4.848928e+00,4.789794e+00,4.967194e+00,4.553261e+00,4.257595e+00,5.321994e+00,4.553261e+00,4.139328e+00,6.445526e+00,5.676793e+00,4.908061e+00,5.026327e+00,6.682059e+00,5.321994e+00,5.913326e+00,5.854193e+00,6.445526e+00,7.628191e+00,5.972460e+00,6.977725e+00,7.982991e+00,6.563792e+00,7.746458e+00,7.805591e+00,8.278657e+00,7.687324e+00,6.800325e+00,8.101257e+00,7.864724e+00,8.869990e+00,1.023005e+01,1.046659e+01,9.579589e+00,8.869990e+00,9.816122e+00,8.869990e+00,1.093965e+01,1.082139e+01,1.082139e+01,9.697855e+00,1.093965e+01,1.188579e+01,1.129445e+01,1.111705e+01,9.993522e+00,1.070312e+01,1.159012e+01,1.300932e+01,1.354152e+01,1.265452e+01,1.383718e+01,1.241799e+01,1.200405e+01,1.371892e+01,1.218145e+01,1.259539e+01,1.241799e+01,1.289105e+01,1.283192e+01,1.271365e+01,1.253625e+01,1.300932e+01,1.295018e+01,1.300932e+01,1.383718e+01,1.371892e+01,1.342325e+01,1.342325e+01,1.247712e+01,1.117619e+01,1.342325e+01,1.360065e+01,1.206319e+01,1.289105e+01,1.141272e+01,1.182665e+01,1.123532e+01,1.017092e+01,1.129445e+01,1.023005e+01,1.017092e+01,9.343056e+00,9.579589e+00,9.934388e+00,8.278657e+00,7.923857e+00,7.569058e+00,5.972460e+00,7.214258e+00,7.036858e+00,6.268126e+00,5.381127e+00,6.682059e+00,4.612395e+00,5.203727e+00,4.375862e+00,4.080195e+00,4.730661e+00,5.795060e+00,3.252330e+00,3.311463e+00,4.139328e+00,3.784529e+00,2.956663e+00,2.897530e+00,2.956663e+00,2.069664e+00,2.601864e+00,1.833131e+00,1.596598e+00,1.714865e+00,1.596598e+00,1.478332e+00,1.596598e+00,1.773998e+00,1.419198e+00,1.005265e+00,1.300932e+00,1.241799e+00,1.005265e+00,8.869990e-01,4.730661e-01,9.461322e-01,6.504659e-01,7.687324e-01,1.123532e+00,4.139328e-01,8.278657e-01,1.005265e+00,5.321994e-01,9.461322e-01,7.687324e-01,5.913326e-01,6.504659e-01,1.300932e+00,2.956663e-01,4.730661e-01,5.913326e-01,5.321994e-01,6.504659e-01,4.139328e-01,3.547996e-01,6.504659e-01,7.095992e-01,4.730661e-01,7.095992e-01,5.913326e-01,5.913326e-01,6.504659e-01,3.547996e-01,5.913326e-01,7.687324e-01,4.730661e-01,5.321994e-01,8.278657e-01,2.365331e-01,5.321994e-01,3.547996e-01,7.095992e-01,4.730661e-01,4.730661e-01,7.687324e-01,7.687324e-01,7.687324e-01,7.095992e-01,3.547996e-01,2.956663e-01,5.913326e-01,5.321994e-01,5.913326e-01,4.730661e-01,5.321994e-01,4.730661e-01,3.547996e-01,4.730661e-01,1.773998e-01,2.956663e-01
6.504659e-01,5.913326e-01,8.278657e-01,9.461322e-01,5.321994e-01,4.730661e-01,8.869990e-01,7.687324e-01,5.321994e-01,7.687324e-01,1.064399e+00,8.278657e-01,5.913326e-01,7.095992e-01,6.504659e-01,7.687324e-01,7.687324e-01,7.687324e-01,7.687324e-01,1.005265e+00,7.687324e-01,8.278657e-01,7.095992e-01,1.360065e+00,4.730661e-01,8.278657e-01,7.687324e-01,1.596598e+00,9.461322e-01,8.278657e-01,1.005265e+00,8.869990e-01,1.064399e+00,9.461322e-01,1.300932e+00,1.300932e+00,1.478332e+00,9.461322e-01,1.241799e+00,6.504659e-01,1.360065e+00,1.123532e+00,1.241799e+00,1.596598e+00,1.596598e+00,1.182665e+00,1.182665e+00,8.869990e-01,1.241799e+00,1.360065e+00,1.182665e+00,1.182665e+00,1.241799e+00,1.714865e+00,1.064399e+00,1.360065e+00,1.596598e+00,1.360065e+00,1.596598e+00,1.655731e+00,1.655731e+00,1.714865e+00,1.892264e+00,1.833131e+00,1.596598e+00,2.365331e+00,1.951398e+00,2.247064e+00,1.478332e+00,2.010531e+00,2.069664e+00,1.714865e+00,2.365331e+00,2.069664e+00,2.010531e+00,2.187931e+00,2.306197e+00,2.306197e+00,2.010531e+00,2.542730e+00,2.779263e+00,3.015796e+00,2.247064e+00,3.725396e+00,2.128798e+00,3.252330e+00,2.660997e+00,3.666262e+00,3.134063e+00,3.252330e+00,3.607129e+00,2.838397e+00,4.494128e+00,4.021062e+00,3.725396e+00,4.671528e+00,3.488863e+00,2.838397e+00,4.257595e+00,4.021062e+00,3.725396e+00,4.257595e+00,3.607129e+00,5.144594e+00,3.902795e+00,4.434995e+00,5.085461e+00,4.908061e+00,5.085461e+00,5.440260e+00,5.262860e+00,5.735927e+00,5.321994e+00,5.321994e+00,5.203727e+00,6.504659e+00,6.563792e+00,5.617660e+00,6.918592e+00,6.622926e+00,7.214258e+00,6.741192e+00,6.208993e+00,7.214258e+00,7.569058e+00,7.509925e+00,9.106523e+00,8.988256e+00,8.337790e+00,9.461322e+00,8.101257e+00,7.391658e+00,8.869990e+00,8.869990e+00,8.751723e+00,1.017092e+01,9.106523e+00,8.869990e+00,1.076225e+01,1.153099e+01,1.088052e+01,1.064399e+01,1.253625e+01,1.093965e+01,1.123532e+01,1.218145e+01,1.200405e+01,1.218145e+01,1.300932e+01,1.141272e+01,1.306845e+01,1.289105e+01,1.218145e+01,1.318672e+01,1.448765e+01,1.283192e+01,1.265452e+01,1.306845e+01,1.348238e+01,1.537465e+01,1.218145e+01,1.371892e+01,1.271365e+01,1.519725e+01,1.265452e+01,1.342325e+01,1.212232e+01,1.348238e+01,1.395545e+01,1.330498e+01,1.407372e+01,1.224059e+01,1.206319e+01,1.218145e+01,1.229972e+01,1.082139e+01,1.200405e+01,1.348238e+01,1.123532e+01,1.212232e+01,1.058485e+01,1.023005e+01,9.697855e+00,9.993522e+00,1.017092e+01,8.160390e+00,8.456057e+00,8.692590e+00,8.101257e+00,8.574323e+00,7.982991e+00,6.918592e+00,6.445526e+00,6.208993e+00,5.972460e+00,5.381127e+00,6.208993e+00,5.913326e+00,4.553261e+00,5.795060e+00,5.085461e+00,4.139328e+00,3.784529e+00,2.720130e+00,3.311463e+00,3.252330e+00,3.074930e+00,1.892264e+00,2.601864e+00,2.365331e+00,2.720130e+00,2.187931e+00,1.300932e+00,2.542730e+00,1.951398e+00,1.478332e+00,1.360065e+00,1.300932e+00,1.182665e+00,1.419198e+00,1.182665e+00,8.278657e-01,1.182665e+00,1.005265e+00,9.461322e-01,8.869990e-01,1.182665e+00,5.913326e-01,9.461322e-01,7.687324e-01,1.123532e+00,3.547996e-01,1.182665e+00,5.321994e-01,5.913326e-01,7.687324e-01,7.095992e-01,5.321994e-01,7.095992e-01,9.461322e-01,5.913326e-01,4.139328e-01,4.139328e-01,5.321994e-01,7.095992e-01,2.365331e-01,3.547996e-01,5.913326e-01,5.321994e-01,5.913326e-01,5.913326e-01,4.730661e-01,4.730661e-01,7.095992e-01,4.139328e-01,3.547996e-01,7.687324e-01,4.730661e-01,4.139328e-01,4.730661e-01,4.730661e-01,5.913326e-01,4.139328e-01,6.504659e-01,4.139328e-01,2.956663e-01,4.730661e-01,2.956663e-01,6.504659e-01,4.730661e-01,2.956663e-01,5.913326e-01,4.730661e-01,2.365331e-01,5.913326e-01,4.730661e-01,3.547996e-01,4.730661e-01,2.956663e-01,5.321994e-01
3.547996e-01,8.278657e-01,5.913326e-01,7.095992e-01,7.687324e-01,5.913326e-01,6.504659e-01,1.005265e+00,7.095992e-01,7.095992e-01,8.869990e-01,5.321994e-01,5.913326e-01,5.913326e-01,7.095992e-01,6.504659e-01,1.005265e+00,8.869990e-01,1.064399e+00,7.095992e-01,5.913326e-01,9.461322e-01,1.182665e+00,7.687324e-01,1.241799e+00,1.064399e+00,9.461322e-01,6.504659e-01,1.123532e+00,8.278657e-01,1.005265e+00,6.504659e-01,1.478332e+00,1.123532e+00,1.478332e+00,7.687324e-01,1.478332e+00,8.278657e-01,4.730661e-01,1.537465e+00,1.005265e+00,9.461322e-01,1.360065e+00,1.064399e+00,1.537465e+00,1.241799e+00,1.773998e+00,1.241799e+00,9.461322e-01,1.478332e+00,1.596598e+00,1.478332e+00,1.596598e+00,9.461322e-01,1.419198e+00,1.419198e+00,1.655731e+00,1.714865e+00,1.005265e+00,1.773998e+00,1.182665e+00,9.461322e-01,1.892264e+00,1.951398e+00,1.596598e+00,1.892264e+00,2.010531e+00,2.069664e+00,2.660997e+00,2.542730e+00,1.655731e+00,2.601864e+00,2.956663e+00,1.714865e+00,2.897530e+00,2.010531e+00,2.838397e+00,2.365331e+00,2.483597e+00,1.951398e+00,2.779263e+00,2.601864e+00,2.956663e+00,2.542730e+00,2.424464e+00,2.365331e+00,3.311463e+00,3.252330e+00,2.838397e+00,2.660997e+00,2.956663e+00,3.252330e+00,3.193196e+00,3.015796e+00,3.607129e+00,3.547996e+00,3.784529e+00,4.080195e+00,5.085461e+00,4.198462e+00,4.316728e+00,4.139328e+00,4.198462e+00,3.961929e+00,3.843662e+00,4.021062e+00,5.203727e+00,4.848928e+00,4.908061e+00,4.257595e+00,4.671528e+00,5.203727e+00,6.682059e+00,5.144594e+00,5.735927e+00,5.735927e+00,6.208993e+00,5.558527e+00,6.682059e+00,6.563792e+00,6.090726e+00,7.923857e+00,6.682059e+00,7.095992e+00,6.268126e+00,7.095992e+00,9.638722e+00,7.332525e+00,7.982991e+00,7.214258e+00,9.047389e+00,7.332525e+00,9.224789e+00,8.692590e+00,9.402189e+00,1.017092e+01,9.934388e+00,1.123532e+01,1.141272e+01,1.147185e+01,1.064399e+01,1.093965e+01,9.106523e+00,1.058485e+01,1.076225e+01,1.176752e+01,1.176752e+01,1.277279e+01,1.117619e+01,1.141272e+01,1.395545e+01,9.993522e+00,1.336412e+01,1.164925e+01,1.342325e+01,1.206319e+01,1.241799e+01,1.342325e+01,1.448765e+01,1.371892e+01,1.259539e+01,1.277279e+01,1.147185e+01,1.300932e+01,1.454678e+01,1.289105e+01,1.348238e+01,1.466505e+01,1.312758e+01,1.224059e+01,1.401458e+01,1.159012e+01,1.224059e+01,1.277279e+01,1.306845e+01,1.306845e+01,1.295018e+01,1.093965e+01,9.283922e+00,1.023005e+01,1.159012e+01,9.638722e+00,1.070312e+01,9.756989e+00,1.046659e+01,8.337790e+00,9.047389e+00,8.988256e+00,7.864724e+00,7.864724e+00,7.864724e+00,7.450791e+00,6.386393e+00,6.977725e+00,6.622926e+00,4.908061e+00,6.504659e+00,4.139328e+00,4.434995e+00,4.612395e+00,3.902795e+00,4.021062e+00,4.139328e+00,4.021062e+00,3.666262e+00,3.193196e+00,3.488863e+00,2.601864e+00,2.542730e+00,2.660997e+00,2.365331e+00,2.010531e+00,1.537465e+00,2.128798e+00,1.714865e+00,2.247064e+00,1.360065e+00,1.300932e+00,1.123532e+00,1.064399e+00,1.714865e+00,1.300932e+00,1.714865e+00,1.064399e+00,1.360065e+00,1.419198e+00,1.064399e+00,7.687324e-01,5.321994e-01,1.005265e+00,5.913326e-01,1.005265e+00,6.504659e-01,8.869990e-01,8.278657e-01,5.321994e-01,7.095992e-01,5.913326e-01,7.095992e-01,1.005265e+00,3.547996e-01,7.687324e-01,6.504659e-01,5.913326e-01,6.504659e-01,4.139328e-01,8.278657e-01,5.321994e-01,4.730661e-01,5.321994e-01,5.321994e-01,6.504659e-01,4.139328e-01,8.278657e-01,5.321994e-01,3.547996e-01,5.321994e-01,4.139328e-01,2.956663e-01,5.913326e-01,5.913326e-01,3.547996e-01,4.139328e-01,4.730661e-01,4.730661e-01,5.321994e-01,4.730661e-01,7.095992e-01,2.365331e-01,3.547996e-01,5.321994e-01,7.095992e-01,4.730661e-01,1.005265e+00,8.278657e-01,7.687324e-01,5.321994e-01,4.730661e-01,4.730661e-01,5.913326e-01
6.504659e-01,1.005265e+00,7.095992e-01,8.278657e-01,8.278657e-01,9.461322e-01,9.461322e-01,3.547996e-01,5.913326e-01,4.139328e-01,1.182665e+00,8.278657e-01,7.687324e-01,8.278657e-01,9.461322e-01,1.005265e+00,8.869990e-01,6.504659e-01,8.278657e-01,7.095992e-01,6.504659e-01,8.278657e-01,9.461322e-01,1.005265e+00,1.064399e+00,1.123532e+00,6.504659e-01,1.419198e+00,1.005265e+00,1.005265e+00,6.504659e-01,1.300932e+00,1.419198e+00,8.869990e-01,9.461322e-01,1.005265e+00,1.300932e+00,9.461322e-01,7.095992e-01,1.123532e+00,1.005265e+00,1.360065e+00,1.241799e+00,1.419198e+00,1.300932e+00,8.869990e-01,1.419198e+00,8.869990e-01,1.596598e+00,1.360065e+00,1.300932e+00,1.064399e+00,1.241799e+00,1.773998e+00,1.655731e+00,1.773998e+00,1.537465e+00,1.360065e+00,1.951398e+00,1.714865e+00,2.010531e+00,1.892264e+00,1.419198e+00,1.064399e+00,1.596598e+00,1.773998e+00,1.951398e+00,1.951398e+00,2.010531e+00,2.247064e+00,2.542730e+00,1.773998e+00,1.478332e+00,2.542730e+00,2.660997e+00,1.892264e+00,2.010531e+00,2.660997e+00,3.607129e+00,2.365331e+00,2.542730e+00,2.601864e+00,1.833131e+00,2.720130e+00,2.601864e+00,2.660997e+00,3.311463e+00,3.725396e+00,3.311463e+00,2.838397e+00,2.483597e+00,3.429729e+00,3.666262e+00,3.252330e+00,2.838397e+00,3.074930e+00,3.074930e+00,3.961929e+00,4.671528e+00,4.848928e+00,3.725396e+00,4.671528e+00,4.494128e+00,4.789794e+00,4.257595e+00,5.617660e+00,4.671528e+00,4.494128e+00,4.612395e+00,4.848928e+00,4.612395e+00,5.203727e+00,5.026327e+00,5.381127e+00,5.381127e+00,5.499394e+00,5.735927e+00,6.208993e+00,6.563792e+00,5.913326e+00,6.327259e+00,5.913326e+00,6.682059e+00,8.633457e+00,8.042124e+00,6.918592e+00,7.923857e+00,8.337790e+00,8.456057e+00,8.337790e+00,8.988256e+00,9.461322e+00,9.638722e+00,9.047389e+00,6.977725e+00,8.869990e+00,1.088052e+01,1.005265e+01,1.034832e+01,9.520455e+00,1.123532e+01,1.058485e+01,9.697855e+00,1.093965e+01,1.182665e+01,1.188579e+01,1.147185e+01,1.099879e+01,1.111705e+01,1.099879e+01,1.324585e+01,1.306845e+01,1.324585e+01,1.229972e+01,1.360065e+01,1.318672e+01,1.442852e+01,1.265452e+01,1.235885e+01,1.295018e+01,1.360065e+01,1.336412e+01,1.377805e+01,1.289105e+01,1.253625e+01,1.330498e+01,1.324585e+01,1.318672e+01,1.336412e+01,1.389632e+01,1.247712e+01,1.265452e+01,1.336412e+01,1.159012e+01,1.200405e+01,1.117619e+01,1.224059e+01,1.218145e+01,1.182665e+01,1.040745e+01,1.088052e+01,1.147185e+01,1.058485e+01,9.638722e+00,1.064399e+01,8.692590e+00,8.633457e+00,9.461322e+00,7.923857e+00,8.219524e+00,7.628191e+00,8.692590e+00,6.504659e+00,7.509925e+00,6.268126e+00,6.918592e+00,6.445526e+00,5.617660e+00,5.321994e+00,4.494128e+00,4.316728e+00,3.725396e+00,3.429729e+00,3.725396e+00,3.666262e+00,3.134063e+00,2.720130e+00,2.838397e+00,2.365331e+00,2.128798e+00,2.365331e+00,2.601864e+00,2.306197e+00,9.461322e-01,1.951398e+00,1.596598e+00,1.892264e+00,1.005265e+00,1.360065e+00,1.596598e+00,2.128798e+00,7.095992e-01,1.182665e+00,1.478332e+00,1.241799e+00,7.687324e-01,8.869990e-01,7.687324e-01,7.095992e-01,1.182665e+00,7.687324e-01,4.730661e-01,7.095992e-01,5.913326e-01,7.095992e-01,3.547996e-01,4.730661e-01,5.913326e-01,2.956663e-01,7.687324e-01,3.547996e-01,4.139328e-01,7.687324e-01,5.913326e-01,4.139328e-01,2.365331e-01,7.095992e-01,5.913326e-01,4.139328e-01,4.730661e-01,5.321994e-01,1.773998e-01,4.139328e-01,6.504659e-01,2.365331e-01,4.139328e-01,4.139328e-01,5.913326e-01,4.139328e-01,4.730661e-01,5.321994e-01,4.139328e-01,5.321994e-01,5.913326e-02,3.547996e-01,4.730661e-01,5.321994e-01,7.095992e-01,7.687324e-01,4.139328e-01,6.504659e-01,5.913326e-01,6.504659e-01,2.956663e-01,5.913326e-01,4.730661e-01,5.913326e-01,7.687324e-01,5.913326e-01,6.504659e-01
7.095992e-01,6.504659e-01,4.139328e-01,8.869990e-01,5.913326e-01,5.321994e-01,4.139328e-01,7.095992e-01,8.869990e-01,7.095992e-01,7.687324e-01,9.461322e-01,1.182665e-01,4.730661e-01,8.278657e-01,7.095992e-01,1.596598e+00,9.461322e-01,8.278657e-01,9.461322e-01,5.321994e-01,9.461322e-01,8.278657e-01,1.241799e+00,1.360065e+00,5.913326e-01,1.005265e+00,8.869990e-01,1.182665e+00,1.241799e+00,8.869990e-01,8.869990e-01,1.360065e+00,1.123532e+00,1.064399e+00,1.241799e+00,1.064399e+00,9.461322e-01,1.537465e+00,1.182665e+00,9.461322e-01,9.461322e-01,1.478332e+00,1.596598e+00,1.537465e+00,1.123532e+00,1.419198e+00,1.419198e+00,1.478332e+00,1.182665e+00,1.360065e+00,1.064399e+00,1.596598e+00,1.773998e+00,1.596598e+00,1.773998e+00,1.714865e+00,1.360065e+00,1.182665e+00,2.247064e+00,1.773998e+00,2.542730e+00,1.714865e+00,2.247064e+00,1.951398e+00,1.655731e+00,1.892264e+00,2.660997e+00,1.537465e+00,1.360065e+00,2.483597e+00,2.306197e+00,3.074930e+00,1.773998e+00,1.951398e+00,2.424464e+00,1.596598e+00,1.773998e+00,2.483597e+00,2.897530e+00,2.247064e+00,2.542730e+00,3.252330e+00,2.660997e+00,3.193196e+00,3.074930e+00,2.779263e+00,3.252330e+00,3.015796e+00,2.660997e+00,2.838397e+00,2.660997e+00,3.370596e+00,3.429729e+00,3.902795e+00,3.370596e+00,4.198462e+00,3.843662e+00,3.134063e+00,4.021062e+00,3.488863e+00,4.080195e+00,4.612395e+00,4.908061e+00,4.021062e+00,5.026327e+00,5.026327e+00,5.558527e+00,4.730661e+00,5.203727e+00,4.612395e+00,6.741192e+00,6.090726e+00,5.913326e+00,6.741192e+00,5.854193e+00,5.676793e+00,5.854193e+00,6.741192e+00,6.800325e+00,6.800325e+00,6.327259e+00,7.214258e+00,7.509925e+00,6.741192e+00,7.273391e+00,7.332525e+00,8.337790e+00,8.278657e+00,8.456057e+00,8.751723e+00,7.982991e+00,8.929123e+00,7.982991e+00,9.638722e+00,8.278657e+00,9.638722e+00,1.099879e+01,8.751723e+00,1.188579e+01,1.017092e+01,9.756989e+00,1.147185e+01,1.046659e+01,1.200405e+01,1.277279e+01,1.253625e+01,1.212232e+01,9.934388e+00,1.247712e+01,1.265452e+01,1.383718e+01,1.093965e+01,1.265452e+01,1.241799e+01,1.318672e+01,1.336412e+01,1.431025e+01,1.336412e+01,1.537465e+01,1.182665e+01,1.324585e+01,1.407372e+01,1.377805e+01,1.247712e+01,1.318672e+01,1.318672e+01,1.271365e+01,1.348238e+01,1.147185e+01,1.265452e+01,1.330498e+01,1.212232e+01,1.229972e+01,1.164925e+01,1.123532e+01,1.235885e+01,1.153099e+01,1.229972e+01,1.058485e+01,1.117619e+01,1.129445e+01,9.224789e+00,9.756989e+00,9.224789e+00,9.047389e+00,9.224789e+00,8.396923e+00,7.864724e+00,8.810856e+00,8.160390e+00,7.628191e+00,6.741192e+00,5.913326e+00,7.509925e+00,6.504659e+00,5.440260e+00,5.735927e+00,4.612395e+00,5.262860e+00,4.730661e+00,3.961929e+00,3.547996e+00,3.252330e+00,3.252330e+00,3.252330e+00,3.429729e+00,2.720130e+00,3.252330e+00,3.193196e+00,1.478332e+00,1.892264e+00,2.010531e+00,1.714865e+00,1.951398e+00,1.596598e+00,1.241799e+00,1.714865e+00,1.773998e+00,1.182665e+00,1.005265e+00,1.064399e+00,1.300932e+00,7.095992e-01,8.278657e-01,7.687324e-01,8.869990e-01,1.300932e+00,8.278657e-01,7.095992e-01,2.956663e-01,1.005265e+00,7.095992e-01,7.095992e-01,8.278657e-01,5.913326e-01,5.321994e-01,5.321994e-01,3.547996e-01,4.139328e-01,3.547996e-01,4.139328e-01,4.139328e-01,5.321994e-01,5.321994e-01,5.321994e-01,4.730661e-01,6.504659e-01,3.547996e-01,3.547996e-01,5.321994e-01,6.504659e-01,7.687324e-01,8.278657e-01,4.730661e-01,7.687324e-01,4.730661e-01,7.095992e-01,4.730661e-01,4.139328e-01,3.547996e-01,5.321994e-01,5.321994e-01,3.547996e-01,3.547996e-01,4.730661e-01,4.139328e-01,4.730661e-01,3.547996e-01,6.504659e-01,7.095992e-01,6.504659e-01,5.321994e-01,5.321994e-01,7.687324e-01,7.687324e-01,7.095992e-01,2.956663e-01,5.321994e-01,6.504659e-01
1.005265e+00,4.730661e-01,7.095992e-01,7.095992e-01,3.547996e-01,7.095992e-01,7.095992e-01,8.278657e-01,1.182665e+00,8.278657e-01,1.005265e+00,6.504659e-01,1.064399e+00,6.504659e-01,1.123532e+00,6.504659e-01,9.461322e-01,1.182665e+00,7.095992e-01,1.005265e+00,8.278657e-01,1.241799e+00,7.687324e-01,7.687324e-01,6.504659e-01,4.730661e-01,5.913326e-01,9.461322e-01,9.461322e-01,1.123532e+00,1.300932e+00,9.461322e-01,1.241799e+00,1.478332e+00,1.300932e+00,8.869990e-01,8.278657e-01,1.655731e+00,1.537465e+00,1.833131e+00,1.064399e+00,8.869990e-01,8.869990e-01,1.241799e+00,1.300932e+00,1.005265e+00,1.300932e+00,1.596598e+00,1.419198e+00,1.360065e+00,1.300932e+00,1.478332e+00,1.478332e+00,1.123532e+00,2.010531e+00,1.892264e+00,1.596598e+00,1.655731e+00,1.182665e+00,1.833131e+00,1.478332e+00,1.537465e+00,1.537465e+00,1.596598e+00,1.892264e+00,1.419198e+00,1.951398e+00,2.128798e+00,1.360065e+00,1.655731e+00,1.714865e+00,2.897530e+00,2.306197e+00,1.833131e+00,2.128798e+00,2.128798e+00,2.424464e+00,2.720130e+00,2.128798e+00,2.128798e+00,3.015796e+00,2.483597e+00,2.897530e+00,2.956663e+00,2.897530e+00,2.542730e+00,2.069664e+00,3.311463e+00,3.252330e+00,3.429729e+00,2.779263e+00,2.897530e+00,3.843662e+00,3.961929e+00,3.074930e+00,2.779263e+00,4.375862e+00,4.080195e+00,3.666262e+00,3.488863e+00,3.015796e+00,3.607129e+00,3.607129e+00,3.902795e+00,4.730661e+00,5.026327e+00,4.848928e+00,4.553261e+00,4.967194e+00,4.612395e+00,5.499394e+00,4.198462e+00,6.327259e+00,4.671528e+00,4.730661e+00,5.676793e+00,6.149859e+00,6.031593e+00,7.155125e+00,6.268126e+00,4.908061e+00,5.854193e+00,6.682059e+00,7.095992e+00,6.445526e+00,7.687324e+00,7.628191e+00,7.155125e+00,7.155125e+00,8.042124e+00,7.687324e+00,8.396923e+00,8.160390e+00,7.746458e+00,1.005265e+01,9.579589e+00,1.052572e+01,9.461322e+00,1.011179e+01,9.402189e+00,1.135359e+01,1.058485e+01,1.052572e+01,1.159012e+01,1.070312e+01,1.147185e+01,1.135359e+01,1.200405e+01,1.182665e+01,1.194492e+01,1.235885e+01,1.342325e+01,1.170839e+01,1.241799e+01,1.283192e+01,1.383718e+01,1.229972e+01,1.407372e+01,1.241799e+01,1.135359e+01,1.271365e+01,1.436938e+01,1.442852e+01,1.253625e+01,1.312758e+01,1.507898e+01,1.336412e+01,1.324585e+01,1.300932e+01,1.466505e+01,1.365978e+01,1.401458e+01,1.324585e+01,1.206319e+01,1.176752e+01,1.259539e+01,1.111705e+01,1.099879e+01,1.076225e+01,1.141272e+01,1.123532e+01,9.579589e+00,1.129445e+01,9.461322e+00,9.283922e+00,8.219524e+00,7.982991e+00,8.810856e+00,7.569058e+00,8.633457e+00,7.214258e+00,7.214258e+00,7.509925e+00,7.628191e+00,6.208993e+00,5.381127e+00,6.918592e+00,5.026327e+00,5.617660e+00,4.139328e+00,5.085461e+00,3.725396e+00,4.494128e+00,3.547996e+00,3.666262e+00,3.666262e+00,2.838397e+00,2.779263e+00,3.074930e+00,3.015796e+00,2.720130e+00,2.069664e+00,1.951398e+00,1.123532e+00,2.010531e+00,2.069664e+00,1.596598e+00,1.537465e+00,1.655731e+00,1.064399e+00,8.278657e-01,1.241799e+00,7.687324e-01,9.461322e-01,1.478332e+00,1.064399e+00,5.321994e-01,7.095992e-01,9.461322e-01,8.278657e-01,5.321994e-01,5.913326e-01,4.139328e-01,5.913326e-01,5.321994e-01,7.687324e-01,5.913326e-01,1.005265e+00,6.504659e-01,3.547996e-01,7.095992e-01,5.321994e-01,4.730661e-01,4.730661e-01,2.365331e-01,8.278657e-01,6.504659e-01,5.321994e-01,2.956663e-01,5.321994e-01,7.095992e-01,7.687324e-01,2.365331e-01,1.773998e-01,2.956663e-01,9.461322e-01,3.547996e-01,5.913326e-01,5.913326e-01,1.182665e-01,6.504659e-01,4.730661e-01,4.730661e-01,2.365331e-01,5.321994e-01,3.547996e-01,4.139328e-01,2.365331e-01,2.956663e-01,7.095992e-01,2.365331e-01,2.956663e-01,3.547996e-01,2.365331e-01,5.321994e-01,3.547996e-01,2.365331e-01,4.730661e-01,7.687324e-01,4.139328e-01
3.547996e-01,8.278657e-01,5.321994e-01,8.869990e-01,5.913326e-01,7.095992e-01,2.365331e-01,5.913326e-01,5.913326e-01,5.321994e-01,4.139328e-01,4.139328e-01,6.504659e-01,7.095992e-01,7.687324e-01,6.504659e-01,1.064399e+00,7.095992e-01,8.278657e-01,1.005265e+00,6.504659e-01,9.461322e-01,8.869990e-01,8.278657e-01,8.278657e-01,5.913326e-01,1.005265e+00,8.869990e-01,9.461322e-01,9.461322e-01,5.913326e-01,9.461322e-01,1.182665e+00,1.123532e+00,1.182665e+00,1.005265e+00,7.687324e-01,2.010531e+00,1.182665e+00,1.123532e+00,1.241799e+00,1.419198e+00,1.419198e+00,1.300932e+00,1.596598e+00,1.360065e+00,1.419198e+00,1.714865e+00,1.419198e+00,1.300932e+00,1.360065e+00,1.892264e+00,1.241799e+00,1.478332e+00,1.655731e+00,1.360065e+00,1.478332e+00,1.951398e+00,1.773998e+00,1.773998e+00,1.714865e+00,1.714865e+00,2.187931e+00,1.655731e+00,1.655731e+00,2.542730e+00,2.424464e+00,2.660997e+00,2.128798e+00,1.714865e+00,2.187931e+00,2.010531e+00,2.306197e+00,2.542730e+00,1.773998e+00,2.660997e+00,2.069664e+00,2.306197e+00,2.660997e+00,2.660997e+00,2.010531e+00,2.010531e+00,3.252330e+00,3.311463e+00,1.892264e+00,2.660997e+00,2.660997e+00,3.015796e+00,2.720130e+00,3.784529e+00,2.542730e+00,3.725396e+00,3.252330e+00,3.252330e+00,4.375862e+00,3.311463e+00,3.547996e+00,3.666262e+00,4.316728e+00,3.784529e+00,4.316728e+00,4.494128e+00,4.671528e+00,4.257595e+00,4.434995e+00,3.961929e+00,5.321994e+00,4.021062e+00,5.262860e+00,5.558527e+00,6.504659e+00,4.080195e+00,4.908061e+00,5.676793e+00,5.676793e+00,4.789794e+00,5.026327e+00,6.149859e+00,6.622926e+00,7.746458e+00,6.268126e+00,6.090726e+00,6.977725e+00,6.918592e+00,7.923857e+00,7.391658e+00,6.800325e+00,8.574323e+00,7.923857e+00,7.628191e+00,9.106523e+00,9.697855e+00,7.509925e+00,9.638722e+00,8.456057e+00,9.993522e+00,1.123532e+01,9.224789e+00,1.017092e+01,1.076225e+01,1.076225e+01,1.034832e+01,9.875255e+00,1.188579e+01,1.082139e+01,1.200405e+01,1.312758e+01,1.170839e+01,1.277279e+01,1.058485e+01,1.153099e+01,1.336412e+01,1.407372e+01,1.490158e+01,1.295018e+01,1.312758e+01,1.312758e+01,1.383718e+01,1.253625e+01,1.401458e+01,1.395545e+01,1.401458e+01,1.283192e+01,1.342325e+01,1.283192e+01,1.306845e+01,1.442852e+01,1.407372e+01,1.312758e+01,1.141272e+01,1.253625e+01,1.070312e+01,1.229972e+01,1.300932e+01,1.306845e+01,1.159012e+01,1.105792e+01,1.200405e+01,1.005265e+01,1.123532e+01,1.017092e+01,1.017092e+01,1.088052e+01,9.047389e+00,8.456057e+00,8.160390e+00,9.875255e+00,7.864724e+00,8.574323e+00,8.929123e+00,8.278657e+00,6.800325e+00,5.558527e+00,6.327259e+00,6.386393e+00,5.854193e+00,5.558527e+00,5.913326e+00,4.730661e+00,4.671528e+00,5.203727e+00,3.961929e+00,3.193196e+00,4.789794e+00,2.956663e+00,3.488863e+00,3.607129e+00,3.429729e+00,3.134063e+00,2.779263e+00,2.779263e+00,2.365331e+00,2.306197e+00,2.010531e+00,2.897530e+00,1.714865e+00,2.069664e+00,1.596598e+00,1.596598e+00,1.596598e+00,1.596598e+00,1.360065e+00,1.123532e+00,1.182665e+00,1.064399e+00,1.182665e+00,8.278657e-01,1.064399e+00,1.064399e+00,4.730661e-01,4.730661e-01,1.064399e+00,6.504659e-01,6.504659e-01,5.913326e-01,1.005265e+00,6.504659e-01,7.095992e-01,4.730661e-01,4.139328e-01,4.139328e-01,3.547996e-01,5.913326e-01,5.321994e-01,4.730661e-01,8.278657e-01,4.139328e-01,3.547996e-01,5.913326e-01,7.095992e-01,4.730661e-01,5.321994e-01,2.956663e-01,4.139328e-01,5.913326e-01,1.182665e-01,3.547996e-01,4.730661e-01,5.321994e-01,7.095992e-01,5.321994e-01,2.956663e-01,5.913326e-01,3.547996e-01,7.687324e-01,3.547996e-01,5.321994e-01,6.504659e-01,5.321994e-01,7.687324e-01,1.773998e-01,4.730661e-01,4.139328e-01,7.095992e-01,6.504659e-01,2.956663e-01,1.773998e-01,1.773998e-01,2.365331e-01,3.547996e-01
8.278657e-01,8.278657e-01,5.321994e-01,4.139328e-01,5.321994e-01,7.687324e-01,8.278657e-01,8.278657e-01,9.461322e-01,7.687324e-01,1.419198e+00,4.139328e-01,7.095992e-01,5.913326e-01,8.278657e-01,1.182665e+00,8.869990e-01,6.504659e-01,5.913326e-01,1.064399e+00,8.278657e-01,7.687324e-01,7.687324e-01,1.064399e+00,1.064399e+00,1.241799e+00,7.095992e-01,1.241799e+00,1.005265e+00,1.241799e+00,1.064399e+00,1.478332e+00,1.360065e+00,9.461322e-01,7.687324e-01,9.461322e-01,1.064399e+00,1.005265e+00,1.064399e+00,1.064399e+00,1.360065e+00,1.182665e+00,1.773998e+00,1.123532e+00,1.005265e+00,1.833131e+00,1.537465e+00,6.504659e-01,1.300932e+00,1.773998e+00,1.300932e+00,1.537465e+00,1.951398e+00,1.241799e+00,1.241799e+00,1.951398e+00,1.360065e+00,1.951398e+00,1.951398e+00,1.300932e+00,1.537465e+00,1.596598e+00,1.419198e+00,1.951398e+00,1.182665e+00,2.187931e+00,1.951398e+00,2.069664e+00,1.773998e+00,2.010531e+00,1.714865e+00,2.187931e+00,2.187931e+00,3.488863e+00,2.956663e+00,2.424464e+00,2.779263e+00,2.010531e+00,2.424464e+00,2.542730e+00,1.833131e+00,2.542730e+00,2.365331e+00,2.779263e+00,2.187931e+00,3.015796e+00,2.187931e+00,3.015796e+00,2.779263e+00,2.660997e+00,3.074930e+00,4.021062e+00,3.547996e+00,3.961929e+00,3.666262e+00,3.607129e+00,2.956663e+00,3.488863e+00,4.316728e+00,3.725396e+00,4.139328e+00,4.730661e+00,4.080195e+00,5.026327e+00,4.967194e+00,3.784529e+00,5.558527e+00,4.789794e+00,5.381127e+00,5.381127e+00,5.735927e+00,5.913326e+00,6.149859e+00,5.558527e+00,4.789794e+00,5.972460e+00,6.327259e+00,7.155125e+00,5.558527e+00,5.795060e+00,6.800325e+00,5.972460e+00,6.918592e+00,6.682059e+00,6.682059e+00,7.923857e+00,8.751723e+00,7.391658e+00,9.697855e+00,7.923857e+00,9.283922e+00,7.923857e+00,8.929123e+00,7.509925e+00,9.461322e+00,1.023005e+01,1.011179e+01,8.456057e+00,8.869990e+00,1.011179e+01,1.058485e+01,1.099879e+01,1.058485e+01,1.052572e+01,1.271365e+01,1.200405e+01,1.194492e+01,1.159012e+01,1.111705e+01,1.371892e+01,1.200405e+01,1.176752e+01,1.295018e+01,1.336412e+01,1.389632e+01,1.277279e+01,1.336412e+01,1.259539e+01,1.419198e+01,1.324585e+01,1.419198e+01,1.318672e+01,1.342325e+01,1.425112e+01,1.336412e+01,1.194492e+01,1.389632e+01,1.466505e+01,1.235885e+01,1.336412e+01,1.170839e+01,1.277279e+01,1.377805e+01,1.336412e+01,1.241799e+01,1.318672e+01,1.082139e+01,1.159012e+01,1.028919e+01,1.028919e+01,1.235885e+01,1.135359e+01,9.461322e+00,9.993522e+00,8.929123e+00,9.224789e+00,8.337790e+00,7.746458e+00,8.692590e+00,7.628191e+00,6.918592e+00,7.569058e+00,6.800325e+00,5.617660e+00,4.908061e+00,5.972460e+00,5.558527e+00,6.090726e+00,4.789794e+00,4.257595e+00,5.381127e+00,4.434995e+00,3.843662e+00,3.370596e+00,3.370596e+00,3.193196e+00,2.660997e+00,3.134063e+00,2.365331e+00,2.483597e+00,1.655731e+00,1.655731e+00,1.596598e+00,2.187931e+00,1.833131e+00,2.306197e+00,1.064399e+00,1.064399e+00,1.419198e+00,1.005265e+00,1.064399e+00,8.869990e-01,6.504659e-01,1.537465e+00,1.005265e+00,8.869990e-01,5.913326e-01,7.095992e-01,1.005265e+00,6.504659e-01,4.730661e-01,3.547996e-01,4.730661e-01,5.913326e-01,7.095992e-01,5.913326e-01,4.730661e-01,8.278657e-01,6.504659e-01,8.278657e-01,5.321994e-01,5.321994e-01,1.773998e-01,5.913326e-01,5.321994e-01,4.730661e-01,5.913326e-01,4.139328e-01,4.139328e-01,5.913326e-01,5.321994e-01,4.730661e-01,2.956663e-01,5.913326e-01,4.730661e-01,3.547996e-01,7.687324e-01,8.278657e-01,4.730661e-01,6.504659e-01,4.730661e-01,2.956663e-01,6.504659e-01,7.095992e-01,7.687324e-01,6.504659e-01,4.139328e-01,5.913326e-01,3.547996e-01,4.730661e-01,5.913326e-01,2.956663e-01,5.321994e-01,5.321994e-01,8.278657e-01,4.139328e-01,4.139328e-01,4.139328e-01,1.773998e-01,4.730661e-01
8.869990e-01,7.687324e-01,7.687324e-01,3.547996e-01,6.504659e-01,8.869990e-01,5.913326e-01,8.869990e-01,8.278657e-01,5.913326e-01,7.687324e-01,6.504659e-01,7.095992e-01,1.064399e+00,7.095992e-01,6.504659e-01,9.461322e-01,7.095992e-01,1.064399e+00,1.005265e+00,1.064399e+00,1.182665e+00,9.461322e-01,1.478332e+00,6.504659e-01,1.123532e+00,8.869990e-01,5.913326e-01,1.419198e+00,6.504659e-01,8.278657e-01,6.504659e-01,1.419198e+00,1.064399e+00,9.461322e-01,1.419198e+00,1.360065e+00,7.687324e-01,1.182665e+00,1.241799e+00,1.478332e+00,1.123532e+00,1.419198e+00,1.360065e+00,1.300932e+00,1.596598e+00,1.182665e+00,1.419198e+00,1.478332e+00,1.596598e+00,1.773998e+00,1.537465e+00,1.241799e+00,1.478332e+00,1.360065e+00,1.655731e+00,1.951398e+00,1.596598e+00,1.951398e+00,1.123532e+00,1.833131e+00,2.306197e+00,1.064399e+00,1.773998e+00,1.596598e+00,1.833131e+00,2.483597e+00,2.483597e+00,2.247064e+00,2.601864e+00,1.892264e+00,2.424464e+00,3.193196e+00,2.010531e+00,2.187931e+00,1.951398e+00,2.365331e+00,2.247064e+00,2.306197e+00,2.838397e+00,3.547996e+00,2.483597e+00,2.601864e+00,3.015796e+00,2.779263e+00,2.247064e+00,2.897530e+00,2.897530e+00,3.074930e+00,3.015796e+00,3.843662e+00,3.429729e+00,3.488863e+00,3.607129e+00,4.257595e+00,4.080195e+00,3.429729e+00,4.316728e+00,4.612395e+00,4.139328e+00,4.671528e+00,3.607129e+00,4.257595e+00,4.021062e+00,3.961929e+00,4.553261e+00,4.198462e+00,4.553261e+00,4.612395e+00,4.553261e+00,4.789794e+00,5.735927e+00,4.967194e+00,5.321994e+00,5.735927e+00,6.859459e+00,5.854193e+00,5.972460e+00,7.509925e+00,6.800325e+00,5.854193e+00,6.504659e+00,8.160390e+00,6.741192e+00,6.445526e+00,6.563792e+00,7.273391e+00,9.047389e+00,7.864724e+00,8.692590e+00,7.095992e+00,7.864724e+00,7.982991e+00,1.023005e+01,8.160390e+00,9.165656e+00,9.993522e+00,9.875255e+00,1.099879e+01,1.105792e+01,1.088052e+01,1.159012e+01,1.206319e+01,9.816122e+00,1.046659e+01,1.088052e+01,1.159012e+01,1.017092e+01,1.265452e+01,1.206319e+01,1.235885e+01,1.188579e+01,1.194492e+01,1.182665e+01,1.300932e+01,1.164925e+01,1.265452e+01,1.271365e+01,1.218145e+01,1.253625e+01,1.318672e+01,1.306845e+01,1.425112e+01,1.407372e+01,1.336412e+01,1.147185e+01,1.365978e+01,1.383718e+01,1.212232e+01,1.188579e+01,1.253625e+01,1.253625e+01,1.436938e+01,1.253625e+01,1.300932e+01,1.123532e+01,1.135359e+01,1.105792e+01,1.194492e+01,1.200405e+01,1.229972e+01,1.023005e+01,1.064399e+01,9.993522e+00,1.088052e+01,9.875255e+00,8.692590e+00,8.278657e+00,8.692590e+00,8.456057e+00,7.332525e+00,7.982991e+00,7.923857e+00,6.563792e+00,5.321994e+00,5.913326e+00,4.612395e+00,5.203727e+00,4.434995e+00,5.499394e+00,3.843662e+00,4.198462e+00,4.198462e+00,4.080195e+00,2.542730e+00,3.252330e+00,3.074930e+00,2.542730e+00,2.424464e+00,2.483597e+00,2.542730e+00,1.833131e+00,2.010531e+00,2.128798e+00,1.419198e+00,1.655731e+00,1.478332e+00,1.478332e+00,1.360065e+00,1.005265e+00,1.360065e+00,1.064399e+00,1.064399e+00,1.419198e+00,1.360065e+00,1.300932e+00,1.182665e+00,6.504659e-01,1.005265e+00,7.095992e-01,7.095992e-01,8.278657e-01,1.123532e+00,1.005265e+00,7.687324e-01,7.095992e-01,8.869990e-01,5.913326e-01,4.730661e-01,2.365331e-01,4.139328e-01,4.139328e-01,5.913326e-01,8.869990e-01,6.504659e-01,3.547996e-01,5.321994e-01,7.095992e-01,7.687324e-01,4.730661e-01,4.139328e-01,3.547996e-01,5.913326e-01,1.182665e-01,5.321994e-01,3.547996e-01,5.913326e-01,7.095992e-01,6.504659e-01,4.730661e-01,5.321994e-01,2.956663e-01,2.365331e-01,8.278657e-01,2.956663e-01,8.278657e-01,5.321994e-01,5.321994e-01,2.956663e-01,3.547996e-01,6.504659e-01,5.913326e-01,7.095992e-01,3.547996e-01,4.139328e-01,4.730661e-01,6.504659e-01,5.321994e-01,9.461322e-01,4.730661e-01
7.687324e-01,5.321994e-01,4.730661e-01,8.869990e-01,1.005265e+00,6.504659e-01,5.321994e-01,7.687324e-01,4.139328e-01,1.005265e+00,1.182665e+00,5.913326e-01,5.913326e-01,8.869990e-01,7.687324e-01,1.182665e+00,8.869990e-01,1.360065e+00,5.913326e-01,1.005265e+00,8.278657e-01,8.869990e-01,6.504659e-01,7.687324e-01,1.537465e+00,1.123532e+00,1.478332e+00,7.095992e-01,7.687324e-01,1.596598e+00,5.913326e-01,1.478332e+00,8.278657e-01,1.419198e+00,1.714865e+00,1.360065e+00,1.478332e+00,1.478332e+00,1.300932e+00,1.537465e+00,1.123532e+00,1.241799e+00,1.182665e+00,1.419198e+00,1.123532e+00,1.537465e+00,1.064399e+00,1.773998e+00,1.300932e+00,1.478332e+00,1.182665e+00,1.300932e+00,1.241799e+00,1.241799e+00,1.419198e+00,1.419198e+00,1.537465e+00,1.714865e+00,1.537465e+00,1.951398e+00,1.714865e+00,1.773998e+00,2.069664e+00,1.773998e+00,1.714865e+00,1.714865e+00,1.714865e+00,1.714865e+00,2.247064e+00,2.128798e+00,1.773998e+00,2.306197e+00,2.483597e+00,2.069664e+00,2.365331e+00,2.069664e+00,2.069664e+00,2.660997e+00,2.069664e+00,2.483597e+00,3.252330e+00,2.365331e+00,2.720130e+00,2.601864e+00,2.956663e+00,3.547996e+00,3.193196e+00,3.311463e+00,3.311463e+00,3.074930e+00,2.838397e+00,3.429729e+00,2.779263e+00,3.134063e+00,4.021062e+00,3.784529e+00,4.021062e+00,4.257595e+00,4.198462e+00,3.488863e+00,4.375862e+00,3.784529e+00,4.080195e+00,4.257595e+00,5.026327e+00,4.375862e+00,4.730661e+00,4.671528e+00,4.730661e+00,5.795060e+00,4.908061e+00,6.327259e+00,5.262860e+00,5.440260e+00,5.144594e+00,6.090726e+00,5.972460e+00,6.327259e+00,7.332525e+00,6.563792e+00,7.273391e+00,7.746458e+00,5.972460e+00,6.741192e+00,8.101257e+00,8.042124e+00,6.859459e+00,6.977725e+00,7.982991e+00,7.864724e+00,8.337790e+00,9.402189e+00,8.692590e+00,1.105792e+01,8.751723e+00,8.515190e+00,9.165656e+00,8.574323e+00,1.123532e+01,9.402189e+00,1.058485e+01,1.093965e+01,1.218145e+01,9.756989e+00,1.206319e+01,1.005265e+01,1.099879e+01,1.247712e+01,1.295018e+01,1.182665e+01,1.306845e+01,1.360065e+01,1.289105e+01,1.318672e+01,1.099879e+01,1.295018e+01,1.200405e+01,1.312758e+01,1.389632e+01,1.431025e+01,1.454678e+01,1.306845e+01,1.419198e+01,1.448765e+01,1.300932e+01,1.206319e+01,1.496072e+01,1.229972e+01,1.360065e+01,1.247712e+01,1.442852e+01,1.271365e+01,1.235885e+01,1.229972e+01,1.241799e+01,1.093965e+01,1.023005e+01,1.082139e+01,1.259539e+01,1.164925e+01,1.182665e+01,1.028919e+01,8.042124e+00,9.934388e+00,1.058485e+01,8.692590e+00,8.633457e+00,8.929123e+00,8.396923e+00,8.751723e+00,5.676793e+00,6.504659e+00,6.859459e+00,6.977725e+00,6.682059e+00,6.090726e+00,5.617660e+00,5.085461e+00,4.434995e+00,5.144594e+00,4.908061e+00,3.902795e+00,4.375862e+00,4.612395e+00,3.015796e+00,3.252330e+00,2.660997e+00,2.956663e+00,3.193196e+00,2.365331e+00,2.306197e+00,2.010531e+00,1.537465e+00,1.892264e+00,2.483597e+00,1.419198e+00,1.182665e+00,1.951398e+00,8.869990e-01,1.064399e+00,1.596598e+00,1.064399e+00,1.005265e+00,1.360065e+00,1.241799e+00,1.064399e+00,7.687324e-01,9.461322e-01,7.687324e-01,6.504659e-01,4.730661e-01,9.461322e-01,5.321994e-01,5.321994e-01,4.139328e-01,4.730661e-01,6.504659e-01,5.321994e-01,6.504659e-01,7.687324e-01,4.730661e-01,5.913326e-01,4.730661e-01,5.321994e-01,5.913326e-01,7.687324e-01,6.504659e-01,5.913326e-01,2.365331e-01,2.956663e-01,4.139328e-01,3.547996e-01,4.139328e-01,3.547996e-01,1.773998e-01,4.730661e-01,2.365331e-01,1.182665e-01,5.913326e-01,6.504659e-01,7.095992e-01,5.913326e-01,5.913326e-01,4.730661e-01,5.913326e-01,6.504659e-01,5.321994e-01,8.869990e-01,7.095992e-01,2.956663e-01,5.321994e-01,2.956663e-01,4.730661e-01,3.547996e-01,4.139328e-01,7.095992e-01,1.773998e-01,2.956663e-01,4.139328e-01,1.182665e-01
6.504659e-01,5.913326e-01,2.956663e-01,1.005265e+00,1.182665e+00,9.461322e-01,7.687324e-01,8.278657e-01,5.321994e-01,7.687324e-01,7.687324e-01,5.321994e-01,7.095992e-01,5.321994e-01,8.869990e-01,1.123532e+00,9.461322e-01,1.182665e+00,7.687324e-01,1.123532e+00,6.504659e-01,8.869990e-01,7.095992e-01,5.321994e-01,1.005265e+00,7.095992e-01,1.064399e+00,9.461322e-01,7.095992e-01,8.869990e-01,1.360065e+00,8.869990e-01,8.278657e-01,9.461322e-01,1.478332e+00,7.095992e-01,1.182665e+00,1.241799e+00,1.241799e+00,1.478332e+00,1.241799e+00,1.478332e+00,1.005265e+00,1.537465e+00,1.360065e+00,1.064399e+00,1.064399e+00,2.010531e+00,1.419198e+00,1.241799e+00,1.537465e+00,1.005265e+00,1.241799e+00,1.478332e+00,1.182665e+00,1.478332e+00,1.419198e+00,1.655731e+00,1.241799e+00,1.478332e+00,1.360065e+00,1.596598e+00,2.010531e+00,2.128798e+00,1.892264e+00,1.833131e+00,2.306197e+00,2.010531e+00,2.306197e+00,1.773998e+00,1.537465e+00,1.714865e+00,1.892264e+00,2.069664e+00,2.838397e+00,2.897530e+00,2.365331e+00,2.601864e+00,1.714865e+00,2.660997e+00,2.542730e+00,2.838397e+00,3.429729e+00,2.838397e+00,2.897530e+00,3.252330e+00,3.252330e+00,3.429729e+00,2.779263e+00,2.897530e+00,2.187931e+00,3.252330e+00,3.252330e+00,3.488863e+00,3.370596e+00,3.488863e+00,3.370596e+00,3.961929e+00,4.316728e+00,4.671528e+00,3.902795e+00,3.902795e+00,3.547996e+00,5.026327e+00,5.440260e+00,4.139328e+00,4.494128e+00,5.617660e+00,5.026327e+00,5.262860e+00,5.913326e+00,4.908061e+00,5.085461e+00,5.026327e+00,4.494128e+00,5.913326e+00,4.908061e+00,5.676793e+00,6.622926e+00,5.558527e+00,6.090726e+00,6.859459e+00,7.864724e+00,7.273391e+00,7.805591e+00,6.859459e+00,6.741192e+00,7.864724e+00,7.509925e+00,7.982991e+00,7.095992e+00,9.047389e+00,1.017092e+01,8.929123e+00,8.042124e+00,1.105792e+01,9.520455e+00,8.929123e+00,9.638722e+00,9.816122e+00,1.105792e+01,1.034832e+01,1.052572e+01,1.088052e+01,1.170839e+01,1.159012e+01,1.259539e+01,1.141272e+01,9.520455e+00,1.023005e+01,1.247712e+01,1.431025e+01,1.247712e+01,1.289105e+01,1.265452e+01,1.159012e+01,1.295018e+01,1.253625e+01,1.318672e+01,1.283192e+01,1.324585e+01,1.306845e+01,1.442852e+01,1.377805e+01,1.342325e+01,1.389632e+01,1.348238e+01,1.206319e+01,1.253625e+01,1.318672e+01,1.277279e+01,1.247712e+01,1.259539e+01,1.206319e+01,1.460592e+01,1.218145e+01,1.235885e+01,1.058485e+01,1.070312e+01,1.099879e+01,1.058485e+01,8.574323e+00,9.579589e+00,1.017092e+01,8.574323e+00,9.756989e+00,8.692590e+00,7.214258e+00,8.929123e+00,7.391658e+00,8.337790e+00,7.509925e+00,6.031593e+00,6.682059e+00,6.741192e+00,6.682059e+00,5.144594e+00,6.445526e+00,4.612395e+00,4.967194e+00,4.789794e+00,4.257595e+00,4.257595e+00,4.139328e+00,3.311463e+00,3.784529e+00,2.601864e+00,2.424464e+00,2.483597e+00,1.655731e+00,2.187931e+00,1.892264e+00,1.951398e+00,1.773998e+00,2.424464e+00,2.069664e+00,1.951398e+00,2.010531e+00,1.773998e+00,1.833131e+00,8.278657e-01,1.360065e+00,1.182665e+00,5.913326e-01,7.095992e-01,8.869990e-01,8.278657e-01,8.869990e-01,3.547996e-01,1.064399e+00,7.687324e-01,7.095992e-01,8.869990e-01,1.005265e+00,5.321994e-01,1.300932e+00,5.321994e-01,3.547996e-01,4.139328e-01,3.547996e-01,5.913326e-01,3.547996e-01,5.321994e-01,5.913326e-01,4.730661e-01,5.913326e-01,4.730661e-01,6.504659e-01,5.321994e-01,2.956663e-01,2.956663e-01,4.730661e-01,5.321994e-01,7.095992e-01,2.956663e-01,3.547996e-01,5.321994e-01,5.321994e-01,4.730661e-01,2.956663e-01,5.321994e-01,5.913326e-01,6.504659e-01,1.182665e-01,4.730661e-01,5.913326e-01,4.730661e-01,7.095992e-01,4.139328e-01,5.913326e-01,5.321994e-01,6.504659e-01,9.461322e-01,4.730661e-01,4.730661e-01,1.773998e-01,4.139328e-01,5.321994e-01,3.547996e-01,5.321994e-01
7.095992e-01,5.913326e-01,9.461322e-01,8.869990e-01,6.504659e-01,7.687324e-01,5.913326e-01,8.869990e-01,4.730661e-01,5.913326e-01,7.095992e-01,5.321994e-01,5.913326e-01,7.095992e-01,6.504659e-01,1.537465e+00,8.278657e-01,1.123532e+00,6.504659e-01,7.687324e-01,5.913326e-01,7.687324e-01,1.419198e+00,1.241799e+00,8.278657e-01,1.123532e+00,1.064399e+00,5.321994e-01,5.913326e-01,1.241799e+00,8.869990e-01,4.139328e-01,1.300932e+00,8.869990e-01,1.005265e+00,1.300932e+00,9.461322e-01,1.005265e+00,1.064399e+00,1.419198e+00,9.461322e-01,1.064399e+00,1.419198e+00,1.360065e+00,1.241799e+00,1.123532e+00,1.419198e+00,1.478332e+00,1.005265e+00,1.419198e+00,2.128798e+00,1.123532e+00,1.064399e+00,1.005265e+00,1.300932e+00,1.419198e+00,1.655731e+00,2.010531e+00,1.655731e+00,2.720130e+00,1.892264e+00,1.241799e+00,1.714865e+00,1.714865e+00,2.187931e+00,1.300932e+00,2.128798e+00,1.833131e+00,2.069664e+00,1.773998e+00,1.596598e+00,2.365331e+00,1.833131e+00,2.187931e+00,3.015796e+00,1.951398e+00,2.720130e+00,2.956663e+00,2.483597e+00,3.488863e+00,2.897530e+00,2.601864e+00,2.660997e+00,2.956663e+00,2.483597e+00,2.779263e+00,2.542730e+00,2.838397e+00,3.725396e+00,3.370596e+00,3.902795e+00,3.193196e+00,2.956663e+00,3.193196e+00,3.193196e+00,3.547996e+00,3.784529e+00,3.607129e+00,4.080195e+00,4.139328e+00,5.203727e+00,4.198462e+00,3.902795e+00,4.553261e+00,4.553261e+00,4.080195e+00,4.139328e+00,4.434995e+00,5.617660e+00,5.321994e+00,5.026327e+00,4.967194e+00,4.612395e+00,5.558527e+00,6.800325e+00,5.854193e+00,5.617660e+00,6.445526e+00,6.386393e+00,5.795060e+00,6.977725e+00,6.208993e+00,7.036858e+00,7.036858e+00,7.687324e+00,7.214258e+00,7.746458e+00,9.283922e+00,7.923857e+00,9.224789e+00,7.923857e+00,9.875255e+00,7.864724e+00,8.810856e+00,1.011179e+01,8.515190e+00,8.751723e+00,9.934388e+00,9.697855e+00,1.064399e+01,9.461322e+00,1.034832e+01,1.023005e+01,1.034832e+01,1.093965e+01,1.212232e+01,1.040745e+01,1.271365e+01,1.247712e+01,1.229972e+01,1.129445e+01,1.283192e+01,1.312758e+01,1.235885e+01,1.336412e+01,1.235885e+01,1.271365e+01,1.306845e+01,1.253625e+01,1.490158e+01,1.549292e+01,1.306845e+01,1.413285e+01,1.371892e+01,1.354152e+01,1.431025e+01,1.342325e+01,1.442852e+01,1.425112e+01,1.371892e+01,1.454678e+01,1.224059e+01,1.259539e+01,1.123532e+01,1.247712e+01,1.023005e+01,1.200405e+01,1.253625e+01,1.176752e+01,1.218145e+01,1.076225e+01,1.111705e+01,8.396923e+00,9.165656e+00,9.343056e+00,8.751723e+00,8.042124e+00,8.574323e+00,6.741192e+00,9.343056e+00,7.923857e+00,7.746458e+00,5.676793e+00,6.149859e+00,6.031593e+00,4.375862e+00,5.558527e+00,5.558527e+00,5.321994e+00,4.789794e+00,3.429729e+00,4.494128e+00,4.967194e+00,3.370596e+00,3.725396e+00,3.074930e+00,2.069664e+00,2.956663e+00,3.311463e+00,2.483597e+00,2.424464e+00,2.306197e+00,2.483597e+00,1.833131e+00,1.833131e+00,1.773998e+00,1.714865e+00,1.123532e+00,1.064399e+00,1.714865e+00,1.478332e+00,1.360065e+00,1.064399e+00,9.461322e-01,1.360065e+00,4.730661e-01,9.461322e-01,7.687324e-01,6.504659e-01,7.687324e-01,1.005265e+00,4.730661e-01,4.730661e-01,6.504659e-01,2.365331e-01,8.278657e-01,8.278657e-01,9.461322e-01,4.139328e-01,7.687324e-01,5.321994e-01,1.005265e+00,7.095992e-01,7.095992e-01,6.504659e-01,4.730661e-01,5.321994e-01,3.547996e-01,5.321994e-01,4.139328e-01,2.956663e-01,4.139328e-01,7.095992e-01,5.913326e-01,2.365331e-01,7.095992e-01,6.504659e-01,5.913326e-01,5.321994e-01,4.139328e-01,2.956663e-01,7.095992e-01,4.139328e-01,5.913326e-01,5.913326e-01,8.869990e-01,5.913326e-01,2.365331e-01,6.504659e-01,2.956663e-01,4.730661e-01,3.547996e-01,2.956663e-01,2.365331e-01,6.504659e-01,3.547996e-01,1.064399e+00,5.913326e-01,4.139328e-01,4.139328e-01
8.869990e-01,1.005265e+00,7.687324e-01,6.504659e-01,7.095992e-01,1.005265e+00,7.687324e-01,1.064399e+00,5.321994e-01,8.278657e-01,7.095992e-01,7.687324e-01,1.182665e+00,1.123532e+00,8.278657e-01,9.461322e-01,1.005265e+00,3.547996e-01,8.278657e-01,1.005265e+00,1.300932e+00,9.461322e-01,3.547996e-01,7.095992e-01,9.461322e-01,7.687324e-01,5.321994e-01,8.278657e-01,7.687324e-01,1.005265e+00,1.005265e+00,1.360065e+00,1.300932e+00,1.064399e+00,6.504659e-01,1.241799e+00,1.241799e+00,1.005265e+00,8.278657e-01,1.005265e+00,1.360065e+00,1.005265e+00,1.300932e+00,1.182665e+00,1.300932e+00,1.419198e+00,1.951398e+00,1.064399e+00,1.419198e+00,1.360065e+00,1.123532e+00,1.360065e+00,7.095992e-01,1.419198e+00,1.714865e+00,1.655731e+00,1.300932e+00,1.241799e+00,1.655731e+00,1.360065e+00,1.419198e+00,2.247064e+00,1.419198e+00,2.365331e+00,1.833131e+00,1.300932e+00,1.773998e+00,1.951398e+00,2.187931e+00,2.365331e+00,2.247064e+00,2.128798e+00,2.128798e+00,2.424464e+00,2.542730e+00,2.069664e+00,2.424464e+00,3.193196e+00,2.365331e+00,2.365331e+00,2.306197e+00,3.074930e+00,3.488863e+00,2.720130e+00,1.833131e+00,3.429729e+00,2.779263e+00,2.779263e+00,2.779263e+00,2.542730e+00,2.897530e+00,2.838397e+00,3.607129e+00,4.375862e+00,3.666262e+00,4.021062e+00,4.434995e+00,3.370596e+00,4.730661e+00,3.311463e+00,4.021062e+00,3.488863e+00,4.789794e+00,3.134063e+00,3.547996e+00,4.908061e+00,5.381127e+00,4.434995e+00,4.848928e+00,5.499394e+00,5.558527e+00,5.558527e+00,5.913326e+00,4.671528e+00,6.031593e+00,6.327259e+00,7.155125e+00,6.504659e+00,7.095992e+00,6.741192e+00,6.208993e+00,6.859459e+00,6.327259e+00,7.746458e+00,7.864724e+00,7.155125e+00,7.273391e+00,9.047389e+00,8.219524e+00,9.402189e+00,8.633457e+00,7.746458e+00,8.515190e+00,9.993522e+00,8.633457e+00,1.005265e+01,9.224789e+00,1.011179e+01,9.875255e+00,9.875255e+00,1.040745e+01,1.046659e+01,9.697855e+00,1.117619e+01,1.336412e+01,1.141272e+01,1.218145e+01,1.164925e+01,1.348238e+01,1.265452e+01,1.212232e+01,1.371892e+01,1.289105e+01,1.224059e+01,1.253625e+01,1.289105e+01,1.164925e+01,1.271365e+01,1.360065e+01,1.466505e+01,1.377805e+01,1.507898e+01,1.389632e+01,1.383718e+01,1.253625e+01,1.306845e+01,1.336412e+01,1.253625e+01,1.442852e+01,1.218145e+01,1.289105e+01,1.348238e+01,1.229972e+01,1.159012e+01,1.076225e+01,1.129445e+01,1.123532e+01,1.300932e+01,1.371892e+01,9.579589e+00,9.343056e+00,1.005265e+01,8.574323e+00,9.106523e+00,8.633457e+00,8.988256e+00,1.052572e+01,8.929123e+00,7.332525e+00,7.391658e+00,7.982991e+00,7.805591e+00,7.509925e+00,5.795060e+00,7.214258e+00,5.913326e+00,5.558527e+00,5.085461e+00,4.257595e+00,4.494128e+00,5.617660e+00,4.908061e+00,3.666262e+00,3.193196e+00,3.252330e+00,3.429729e+00,2.956663e+00,3.311463e+00,2.306197e+00,2.779263e+00,2.897530e+00,2.483597e+00,2.660997e+00,1.655731e+00,1.596598e+00,2.247064e+00,1.419198e+00,1.537465e+00,1.419198e+00,1.123532e+00,8.869990e-01,8.869990e-01,1.419198e+00,8.278657e-01,8.869990e-01,1.005265e+00,1.005265e+00,1.005265e+00,8.278657e-01,6.504659e-01,8.869990e-01,1.005265e+00,6.504659e-01,9.461322e-01,5.913326e-01,6.504659e-01,5.321994e-01,8.278657e-01,4.139328e-01,7.095992e-01,3.547996e-01,4.139328e-01,7.687324e-01,5.321994e-01,7.687324e-01,8.278657e-01,3.547996e-01,4.139328e-01,2.365331e-01,5.321994e-01,5.321994e-01,7.095992e-01,4.139328e-01,6.504659e-01,2.956663e-01,7.095992e-01,4.139328e-01,2.956663e-01,5.321994e-01,4.139328e-01,5.321994e-01,9.461322e-01,3.547996e-01,2.365331e-01,7.687324e-01,6.504659e-01,2.956663e-01,2.365331e-01,2.956663e-01,3.547996e-01,5.321994e-01,5.913326e-01,7.095992e-01,2.956663e-01,4.139328e-01,1.773998e-01,4.730661e-01,5.321994e-01,4.139328e-01,5.321994e-01
1.064399e+00,7.687324e-01,8.278657e-01,8.869990e-01,7.095992e-01,8.869990e-01,6.504659e-01,6.504659e-01,6.504659e-01,5.913326e-01,8.869990e-01,5.913326e-01,1.005265e+00,6.504659e-01,1.123532e+00,5.913326e-01,8.869990e-01,9.461322e-01,7.095992e-01,4.139328e-01,8.869990e-01,1.005265e+00,1.360065e+00,7.095992e-01,8.869990e-01,1.182665e+00,8.278657e-01,1.064399e+00,1.537465e+00,1.005265e+00,1.005265e+00,8.869990e-01,7.687324e-01,1.064399e+00,1.182665e+00,7.687324e-01,1.360065e+00,7.095992e-01,1.182665e+00,8.278657e-01,1.419198e+00,8.278657e-01,9.461322e-01,1.123532e+00,1.833131e+00,1.241799e+00,1.478332e+00,1.537465e+00,1.300932e+00,1.360065e+00,1.419198e+00,1.300932e+00,1.241799e+00,1.655731e+00,1.478332e+00,1.655731e+00,1.537465e+00,1.478332e+00,2.010531e+00,1.419198e+00,1.655731e+00,2.187931e+00,1.833131e+00,1.773998e+00,1.951398e+00,2.069664e+00,1.714865e+00,1.892264e+00,2.010531e+00,2.601864e+00,2.720130e+00,1.951398e+00,1.773998e+00,2.424464e+00,2.187931e+00,2.601864e+00,2.247064e+00,2.542730e+00,2.010531e+00,2.483597e+00,2.660997e+00,2.660997e+00,2.010531e+00,3.547996e+00,2.897530e+00,2.069664e+00,2.660997e+00,2.779263e+00,3.134063e+00,3.134063e+00,2.779263e+00,3.488863e+00,2.483597e+00,3.429729e+00,4.848928e+00,3.429729e+00,3.074930e+00,3.488863e+00,3.666262e+00,3.666262e+00,3.547996e+00,4.257595e+00,3.902795e+00,4.789794e+00,3.843662e+00,4.434995e+00,3.961929e+00,4.553261e+00,4.612395e+00,4.257595e+00,5.913326e+00,5.617660e+00,5.854193e+00,6.327259e+00,6.622926e+00,5.144594e+00,6.208993e+00,6.327259e+00,5.676793e+00,6.268126e+00,6.090726e+00,7.214258e+00,7.391658e+00,6.918592e+00,5.795060e+00,7.982991e+00,8.219524e+00,8.692590e+00,8.456057e+00,7.805591e+00,7.982991e+00,8.929123e+00,7.923857e+00,8.574323e+00,9.816122e+00,9.934388e+00,1.017092e+01,7.687324e+00,1.135359e+01,1.040745e+01,1.141272e+01,1.052572e+01,1.135359e+01,1.159012e+01,1.159012e+01,1.153099e+01,1.182665e+01,1.147185e+01,1.235885e+01,1.088052e+01,1.365978e+01,1.247712e+01,1.300932e+01,1.277279e+01,1.277279e+01,1.360065e+01,1.318672e+01,1.295018e+01,1.295018e+01,1.555205e+01,1.425112e+01,1.241799e+01,1.277279e+01,1.419198e+01,1.466505e+01,1.259539e+01,1.300932e+01,1.466505e+01,1.365978e+01,1.300932e+01,1.330498e+01,1.200405e+01,1.324585e+01,1.229972e+01,1.176752e+01,1.212232e+01,1.200405e+01,1.194492e+01,1.247712e+01,1.052572e+01,1.218145e+01,9.520455e+00,8.396923e+00,8.515190e+00,1.088052e+01,9.106523e+00,8.751723e+00,8.456057e+00,7.923857e+00,7.450791e+00,6.622926e+00,7.036858e+00,7.509925e+00,5.558527e+00,5.735927e+00,6.149859e+00,5.440260e+00,5.381127e+00,5.144594e+00,4.080195e+00,5.381127e+00,4.139328e+00,3.843662e+00,3.725396e+00,3.252330e+00,2.838397e+00,4.139328e+00,3.252330e+00,3.488863e+00,2.838397e+00,2.187931e+00,2.720130e+00,1.773998e+00,1.655731e+00,1.951398e+00,2.424464e+00,1.773998e+00,1.714865e+00,1.773998e+00,1.419198e+00,1.714865e+00,1.537465e+00,7.687324e-01,8.869990e-01,7.095992e-01,6.504659e-01,1.005265e+00,1.182665e+00,1.005265e+00,6.504659e-01,7.095992e-01,8.869990e-01,4.730661e-01,5.913326e-01,8.278657e-01,7.687324e-01,7.687324e-01,6.504659e-01,7.687324e-01,6.504659e-01,7.687324e-01,4.139328e-01,5.321994e-01,1.773998e-01,5.321994e-01,5.321994e-01,3.547996e-01,3.547996e-01,4.139328e-01,2.956663e-01,7.687324e-01,3.547996e-01,2.956663e-01,4.730661e-01,6.504659e-01,2.956663e-01,5.913326e-01,5.913326e-01,7.687324e-01,6.504659e-01,4.139328e-01,4.139328e-01,7.687324e-01,4.139328e-01,6.504659e-01,7.687324e-01,5.913326e-01,4.730661e-01,4.139328e-01,2.365331e-01,4.730661e-01,7.095992e-01,7.095992e-01,4.730661e-01,3.547996e-01,6.504659e-01,4.730661e-01,4.730661e-01,4.730661e-01,2.956663e-01
6.504659e-01,1.123532e+00,7.687324e-01,7.687324e-01,4.730661e-01,4.139328e-01,9.461322e-01,8.278657e-01,4.730661e-01,1.005265e+00,1.005265e+00,5.913326e-01,4.730661e-01,7.687324e-01,1.064399e+00,9.461322e-01,4.730661e-01,1.123532e+00,9.461322e-01,8.278657e-01,7.687324e-01,9.461322e-01,4.730661e-01,9.461322e-01,9.461322e-01,1.241799e+00,1.182665e+00,1.005265e+00,9.461322e-01,7.095992e-01,1.064399e+00,1.300932e+00,1.241799e+00,1.123532e+00,1.300932e+00,1.182665e+00,1.182665e+00,1.123532e+00,1.182665e+00,9.461322e-01,1.064399e+00,1.596598e+00,1.773998e+00,8.869990e-01,1.182665e+00,1.241799e+00,1.537465e+00,1.537465e+00,1.123532e+00,1.123532e+00,2.069664e+00,2.069664e+00,2.069664e+00,1.419198e+00,1.005265e+00,1.478332e+00,1.478332e+00,2.010531e+00,1.892264e+00,1.833131e+00,1.892264e+00,2.720130e+00,1.951398e+00,1.714865e+00,1.655731e+00,1.655731e+00,1.892264e+00,1.773998e+00,1.951398e+00,2.483597e+00,2.306197e+00,2.128798e+00,2.069664e+00,2.247064e+00,2.187931e+00,1.892264e+00,2.542730e+00,2.306197e+00,2.424464e+00,2.128798e+00,2.424464e+00,2.660997e+00,2.838397e+00,3.429729e+00,2.187931e+00,2.897530e+00,3.252330e+00,2.424464e+00,2.779263e+00,3.015796e+00,2.720130e+00,3.193196e+00,3.311463e+00,3.134063e+00,3.843662e+00,3.252330e+00,3.488863e+00,4.021062e+00,5.381127e+00,5.440260e+00,4.139328e+00,4.494128e+00,4.553261e+00,3.725396e+00,4.553261e+00,4.434995e+00,4.789794e+00,5.085461e+00,5.558527e+00,4.671528e+00,4.257595e+00,5.144594e+00,5.440260e+00,5.972460e+00,6.859459e+00,6.268126e+00,5.558527e+00,6.327259e+00,5.735927e+00,7.155125e+00,7.391658e+00,7.273391e+00,6.563792e+00,7.450791e+00,7.036858e+00,6.682059e+00,7.214258e+00,8.337790e+00,6.918592e+00,7.923857e+00,9.047389e+00,9.047389e+00,8.219524e+00,9.106523e+00,9.106523e+00,9.224789e+00,1.028919e+01,8.633457e+00,9.993522e+00,1.194492e+01,1.034832e+01,9.283922e+00,1.188579e+01,1.040745e+01,1.135359e+01,1.052572e+01,1.153099e+01,1.229972e+01,1.111705e+01,1.170839e+01,1.129445e+01,1.247712e+01,1.306845e+01,1.247712e+01,1.235885e+01,1.259539e+01,1.271365e+01,1.448765e+01,1.235885e+01,1.348238e+01,1.354152e+01,1.383718e+01,1.436938e+01,1.200405e+01,1.360065e+01,1.306845e+01,1.348238e+01,1.176752e+01,1.200405e+01,1.413285e+01,1.117619e+01,1.354152e+01,1.407372e+01,1.182665e+01,1.135359e+01,1.277279e+01,1.306845e+01,1.224059e+01,1.111705e+01,1.111705e+01,1.206319e+01,1.105792e+01,1.082139e+01,1.093965e+01,1.046659e+01,9.343056e+00,1.017092e+01,8.101257e+00,7.036858e+00,8.278657e+00,6.504659e+00,7.332525e+00,6.563792e+00,7.805591e+00,6.563792e+00,6.149859e+00,5.617660e+00,4.908061e+00,5.144594e+00,4.553261e+00,3.607129e+00,4.080195e+00,3.488863e+00,3.429729e+00,3.607129e+00,4.316728e+00,2.365331e+00,2.483597e+00,2.187931e+00,2.128798e+00,2.660997e+00,2.424464e+00,2.247064e+00,1.773998e+00,1.655731e+00,1.300932e+00,1.714865e+00,1.241799e+00,1.241799e+00,1.241799e+00,1.419198e+00,8.869990e-01,1.064399e+00,8.278657e-01,1.064399e+00,8.869990e-01,1.123532e+00,7.687324e-01,4.730661e-01,9.461322e-01,6.504659e-01,8.278657e-01,1.064399e+00,8.869990e-01,5.321994e-01,8.869990e-01,7.687324e-01,6.504659e-01,2.956663e-01,5.321994e-01,7.687324e-01,6.504659e-01,3.547996e-01,4.139328e-01,5.321994e-01,2.956663e-01,2.956663e-01,1.182665e-01,3.547996e-01,5.321994e-01,5.321994e-01,4.730661e-01,4.139328e-01,5.321994e-01,4.139328e-01,4.139328e-01,5.913326e-01,5.913326e-01,4.139328e-01,3.547996e-01,6.504659e-01,5.321994e-01,3.547996e-01,7.095992e-01,4.730661e-01,3.547996e-01,5.913326e-01,6.504659e-01,5.913326e-01,4.730661e-01,4.730661e-01,4.730661e-01,2.956663e-01,8.278657e-01,3.547996e-01,4.730661e-01,5.913326e-01,8.278657e-01,7.687324e-01,5.321994e-01
7.095992e-01,6.504659e-01,8.278657e-01,5.321994e-01,7.687324e-01,5.913326e-01,6.504659e-01,8.278657e-01,6.504659e-01,4.730661e-01,5.913326e-01,7.687324e-01,3.547996e-01,7.095992e-01,5.913326e-01,7.095992e-01,9.461322e-01,7.095992e-01,1.360065e+00,5.321994e-01,1.005265e+00,5.913326e-01,9.461322e-01,1.064399e+00,1.537465e+00,7.687324e-01,7.687324e-01,1.300932e+00,1.241799e+00,8.278657e-01,9.461322e-01,8.278657e-01,9.461322e-01,9.461322e-01,1.241799e+00,1.596598e+00,1.241799e+00,8.278657e-01,1.360065e+00,1.064399e+00,1.300932e+00,1.064399e+00,1.360065e+00,8.278657e-01,1.300932e+00,1.596598e+00,1.419198e+00,2.069664e+00,1.064399e+00,1.241799e+00,1.596598e+00,1.537465e+00,1.951398e+00,1.419198e+00,1.655731e+00,1.714865e+00,1.300932e+00,1.537465e+00,1.892264e+00,1.951398e+00,1.064399e+00,1.419198e+00,1.537465e+00,2.187931e+00,1.478332e+00,2.069664e+00,1.833131e+00,2.010531e+00,2.010531e+00,1.655731e+00,2.069664e+00,2.069664e+00,2.483597e+00,2.483597e+00,2.601864e+00,2.187931e+00,2.542730e+00,2.601864e+00,2.187931e+00,2.365331e+00,2.542730e+00,2.838397e+00,2.483597e+00,2.720130e+00,3.252330e+00,3.015796e+00,2.779263e+00,2.542730e+00,2.660997e+00,2.956663e+00,3.725396e+00,3.193196e+00,3.074930e+00,3.311463e+00,3.666262e+00,3.488863e+00,2.897530e+00,3.547996e+00,4.316728e+00,5.262860e+00,3.311463e+00,4.080195e+00,4.139328e+00,4.434995e+00,3.902795e+00,5.440260e+00,4.967194e+00,5.085461e+00,5.262860e+00,5.913326e+00,5.558527e+00,5.026327e+00,5.085461e+00,5.085461e+00,5.617660e+00,5.026327e+00,6.386393e+00,5.558527e+00,6.327259e+00,6.149859e+00,8.278657e+00,6.859459e+00,7.687324e+00,6.327259e+00,6.918592e+00,6.977725e+00,7.273391e+00,8.101257e+00,7.628191e+00,7.746458e+00,1.011179e+01,8.219524e+00,9.993522e+00,7.687324e+00,8.337790e+00,9.875255e+00,1.093965e+01,1.011179e+01,1.082139e+01,9.638722e+00,1.052572e+01,1.052572e+01,1.099879e+01,1.070312e+01,1.099879e+01,1.153099e+01,9.934388e+00,1.241799e+01,9.756989e+00,1.295018e+01,1.159012e+01,1.342325e+01,1.318672e+01,1.289105e+01,1.336412e+01,1.247712e+01,1.383718e+01,1.265452e+01,1.017092e+01,1.277279e+01,1.401458e+01,1.253625e+01,1.496072e+01,1.289105e+01,1.265452e+01,1.413285e+01,1.253625e+01,1.501985e+01,1.271365e+01,1.383718e+01,1.306845e+01,1.330498e+01,1.300932e+01,1.354152e+01,1.295018e+01,1.153099e+01,1.153099e+01,1.058485e+01,1.046659e+01,1.070312e+01,1.170839e+01,1.099879e+01,1.082139e+01,9.934388e+00,9.165656e+00,7.805591e+00,9.697855e+00,9.520455e+00,8.396923e+00,7.864724e+00,6.918592e+00,7.509925e+00,7.450791e+00,8.042124e+00,6.090726e+00,5.735927e+00,5.499394e+00,5.026327e+00,3.902795e+00,4.967194e+00,5.203727e+00,4.198462e+00,4.908061e+00,3.015796e+00,3.429729e+00,3.488863e+00,2.483597e+00,2.187931e+00,2.247064e+00,1.655731e+00,2.306197e+00,2.365331e+00,2.306197e+00,1.892264e+00,1.300932e+00,1.892264e+00,1.714865e+00,1.773998e+00,1.182665e+00,1.596598e+00,1.537465e+00,1.714865e+00,1.064399e+00,9.461322e-01,8.278657e-01,1.123532e+00,7.095992e-01,1.182665e+00,7.687324e-01,8.869990e-01,4.730661e-01,5.321994e-01,5.321994e-01,7.687324e-01,7.687324e-01,5.913326e-01,5.913326e-01,7.687324e-01,6.504659e-01,5.913326e-01,6.504659e-01,7.687324e-01,5.913326e-01,8.278657e-01,4.139328e-01,5.913326e-01,3.547996e-01,4.730661e-01,7.687324e-01,7.095992e-01,4.730661e-01,5.913326e-01,4.730661e-01,5.913326e-01,6.504659e-01,5.913326e-01,2.365331e-01,4.730661e-01,2.956663e-01,1.773998e-01,7.095992e-01,6.504659e-01,4.730661e-01,4.139328e-01,4.139328e-01,5.321994e-01,8.278657e-01,3.547996e-01,4.730661e-01,6.504659e-01,4.730661e-01,5.321994e-01,5.321994e-01,6.504659e-01,4.139328e-01,2.956663e-01,5.321994e-01,4.730661e-01,5.913326e-01,4.139328e-01
5.913326e-01,5.321994e-01,8.869990e-01,7.095992e-01,4.730661e-01,7.095992e-01,6.504659e-01,5.321994e-01,7.687324e-01,5.913326e-01,9.461322e-01,1.182665e+00,7.687324e-01,1.123532e+00,8.278657e-01,1.005265e+00,1.182665e+00,9.461322e-01,1.241799e+00,8.278657e-01,1.123532e+00,1.478332e+00,8.869990e-01,8.869990e-01,5.913326e-01,9.461322e-01,7.687324e-01,1.005265e+00,6.504659e-01,1.182665e+00,1.360065e+00,1.478332e+00,7.687324e-01,8.278657e-01,7.687324e-01,8.869990e-01,1.300932e+00,1.300932e+00,1.478332e+00,1.537465e+00,1.241799e+00,1.241799e+00,1.123532e+00,1.241799e+00,1.419198e+00,1.241799e+00,7.687324e-01,1.241799e+00,1.892264e+00,1.419198e+00,1.360065e+00,1.360065e+00,1.419198e+00,1.182665e+00,1.773998e+00,2.187931e+00,1.773998e+00,1.833131e+00,2.010531e+00,1.655731e+00,1.360065e+00,1.419198e+00,1.951398e+00,1.892264e+00,1.478332e+00,2.069664e+00,1.360065e+00,1.537465e+00,2.306197e+00,1.241799e+00,2.424464e+00,2.069664e+00,2.069664e+00,2.010531e+00,2.542730e+00,2.720130e+00,2.483597e+00,1.655731e+00,1.478332e+00,2.542730e+00,3.074930e+00,3.015796e+00,2.128798e+00,2.897530e+00,2.956663e+00,2.779263e+00,3.074930e+00,3.015796e+00,3.074930e+00,2.779263e+00,3.370596e+00,3.488863e+00,4.080195e+00,3.311463e+00,3.902795e+00,3.725396e+00,3.547996e+00,3.666262e+00,3.134063e+00,3.666262e+00,4.139328e+00,4.198462e+00,4.612395e+00,4.967194e+00,4.434995e+00,4.316728e+00,5.085461e+00,4.139328e+00,5.499394e+00,4.848928e+00,5.558527e+00,5.617660e+00,5.913326e+00,5.795060e+00,5.735927e+00,6.327259e+00,6.445526e+00,6.386393e+00,5.676793e+00,6.859459e+00,7.095992e+00,6.208993e+00,7.332525e+00,7.628191e+00,7.450791e+00,7.273391e+00,8.160390e+00,6.741192e+00,8.101257e+00,7.214258e+00,8.337790e+00,8.278657e+00,9.638722e+00,7.569058e+00,8.160390e+00,9.875255e+00,9.106523e+00,9.106523e+00,1.028919e+01,9.756989e+00,9.638722e+00,1.164925e+01,1.011179e+01,9.579589e+00,9.697855e+00,1.099879e+01,1.064399e+01,1.247712e+01,1.170839e+01,1.324585e+01,1.170839e+01,1.312758e+01,1.265452e+01,1.277279e+01,1.300932e+01,1.318672e+01,1.342325e+01,1.212232e+01,1.401458e+01,1.354152e+01,1.354152e+01,1.342325e+01,1.265452e+01,1.277279e+01,1.241799e+01,1.206319e+01,1.442852e+01,1.241799e+01,1.324585e+01,1.277279e+01,1.342325e+01,1.431025e+01,1.360065e+01,1.377805e+01,1.170839e+01,1.052572e+01,1.070312e+01,1.283192e+01,1.170839e+01,1.064399e+01,1.135359e+01,1.070312e+01,1.040745e+01,9.165656e+00,8.929123e+00,9.875255e+00,9.993522e+00,8.219524e+00,9.638722e+00,7.273391e+00,7.155125e+00,6.563792e+00,6.800325e+00,6.859459e+00,6.090726e+00,6.386393e+00,5.735927e+00,4.967194e+00,5.144594e+00,4.730661e+00,4.257595e+00,4.139328e+00,4.730661e+00,4.375862e+00,3.074930e+00,2.779263e+00,3.252330e+00,3.547996e+00,1.892264e+00,2.897530e+00,1.773998e+00,2.010531e+00,1.951398e+00,1.596598e+00,1.892264e+00,1.419198e+00,1.419198e+00,1.419198e+00,1.360065e+00,1.123532e+00,1.478332e+00,1.714865e+00,1.064399e+00,1.005265e+00,1.537465e+00,1.064399e+00,5.321994e-01,7.095992e-01,6.504659e-01,9.461322e-01,8.869990e-01,4.730661e-01,4.730661e-01,7.687324e-01,5.321994e-01,8.278657e-01,6.504659e-01,5.913326e-01,7.095992e-01,4.139328e-01,6.504659e-01,7.095992e-01,1.005265e+00,7.095992e-01,4.730661e-01,7.095992e-01,4.730661e-01,5.321994e-01,4.730661e-01,6.504659e-01,2.956663e-01,4.730661e-01,7.095992e-01,2.365331e-01,5.321994e-01,3.547996e-01,5.321994e-01,4.730661e-01,5.913326e-01,5.321994e-01,4.730661e-01,5.913326e-01,4.139328e-01,2.365331e-01,7.095992e-01,4.139328e-01,2.956663e-01,4.139328e-01,5.913326e-01,1.182665e-01,6.504659e-01,6.504659e-01,2.956663e-01,3.547996e-01,3.547996e-01,6.504659e-01,7.095992e-01,5.321994e-01,4.139328e-01,3.547996e-01
1.182665e+00,5.321994e-01,6.504659e-01,8.869990e-01,1.005265e+00,6.504659e-01,6.504659e-01,1.005265e+00,1.123532e+00,7.095992e-01,5.913326e-01,3.547996e-01,1.005265e+00,6.504659e-01,7.687324e-01,4.139328e-01,7.687324e-01,8.869990e-01,9.461322e-01,8.869990e-01,7.095992e-01,1.005265e+00,1.360065e+00,9.461322e-01,1.005265e+00,1.005265e+00,7.687324e-01,6.504659e-01,1.300932e+00,1.064399e+00,1.241799e+00,1.064399e+00,1.596598e+00,1.064399e+00,9.461322e-01,1.064399e+00,9.461322e-01,7.687324e-01,1.419198e+00,1.182665e+00,1.360065e+00,1.241799e+00,1.596598e+00,1.182665e+00,1.300932e+00,1.419198e+00,1.833131e+00,1.005265e+00,1.478332e+00,1.714865e+00,1.892264e+00,1.419198e+00,1.892264e+00,1.360065e+00,1.773998e+00,1.537465e+00,1.360065e+00,1.892264e+00,1.478332e+00,2.010531e+00,2.187931e+00,1.478332e+00,1.833131e+00,1.951398e+00,1.596598e+00,1.833131e+00,1.714865e+00,1.951398e+00,1.714865e+00,2.010531e+00,2.010531e+00,2.542730e+00,2.424464e+00,2.897530e+00,3.134063e+00,2.187931e+00,2.128798e+00,2.187931e+00,2.069664e+00,2.365331e+00,2.720130e+00,2.365331e+00,2.542730e+00,1.833131e+00,3.311463e+00,2.365331e+00,3.193196e+00,2.779263e+00,3.252330e+00,3.370596e+00,3.429729e+00,2.838397e+00,3.607129e+00,3.607129e+00,3.607129e+00,3.370596e+00,4.021062e+00,4.494128e+00,3.784529e+00,3.784529e+00,5.026327e+00,4.021062e+00,4.848928e+00,4.612395e+00,4.494128e+00,5.085461e+00,4.908061e+00,4.553261e+00,4.139328e+00,5.735927e+00,4.671528e+00,6.327259e+00,5.617660e+00,4.671528e+00,5.321994e+00,6.268126e+00,5.499394e+00,6.327259e+00,6.682059e+00,5.381127e+00,7.450791e+00,7.864724e+00,7.628191e+00,7.273391e+00,6.918592e+00,8.219524e+00,7.095992e+00,7.923857e+00,8.396923e+00,8.456057e+00,7.628191e+00,8.751723e+00,9.283922e+00,9.993522e+00,9.106523e+00,9.402189e+00,9.697855e+00,1.011179e+01,9.520455e+00,9.165656e+00,1.011179e+01,9.756989e+00,1.312758e+01,1.147185e+01,1.099879e+01,1.188579e+01,1.194492e+01,1.289105e+01,1.011179e+01,1.271365e+01,1.247712e+01,1.360065e+01,1.212232e+01,1.300932e+01,1.330498e+01,1.295018e+01,1.295018e+01,1.147185e+01,1.164925e+01,1.342325e+01,1.425112e+01,1.206319e+01,1.342325e+01,1.407372e+01,1.407372e+01,1.436938e+01,1.365978e+01,1.371892e+01,1.206319e+01,1.247712e+01,1.354152e+01,1.235885e+01,1.413285e+01,1.466505e+01,1.164925e+01,1.259539e+01,1.159012e+01,1.064399e+01,1.135359e+01,1.034832e+01,1.076225e+01,1.117619e+01,9.697855e+00,1.028919e+01,8.810856e+00,1.011179e+01,8.574323e+00,8.396923e+00,8.160390e+00,7.214258e+00,6.977725e+00,8.160390e+00,6.918592e+00,6.800325e+00,5.321994e+00,6.031593e+00,5.262860e+00,5.026327e+00,4.671528e+00,5.026327e+00,4.434995e+00,4.080195e+00,4.730661e+00,3.311463e+00,3.370596e+00,3.488863e+00,3.488863e+00,2.601864e+00,3.015796e+00,2.128798e+00,2.956663e+00,2.660997e+00,2.601864e+00,1.596598e+00,1.596598e+00,1.419198e+00,1.300932e+00,1.360065e+00,1.300932e+00,1.182665e+00,1.005265e+00,1.478332e+00,1.064399e+00,1.360065e+00,8.278657e-01,1.005265e+00,8.869990e-01,7.687324e-01,9.461322e-01,1.241799e+00,6.504659e-01,8.869990e-01,7.687324e-01,8.869990e-01,9.461322e-01,7.687324e-01,8.869990e-01,5.913326e-01,7.095992e-01,4.139328e-01,4.730661e-01,6.504659e-01,8.869990e-01,4.730661e-01,4.139328e-01,7.095992e-01,8.278657e-01,7.095992e-01,7.687324e-01,8.278657e-01,4.730661e-01,8.869990e-01,5.913326e-01,4.730661e-01,4.730661e-01,7.687324e-01,3.547996e-01,5.913326e-01,4.730661e-01,6.504659e-01,1.123532e+00,8.278657e-01,8.278657e-01,5.913326e-01,4.730661e-01,7.095992e-01,7.095992e-01,7.095992e-01,5.321994e-01,4.730661e-01,6.504659e-01,4.139328e-01,2.956663e-01,7.687324e-01,4.730661e-01,7.095992e-01,3.547996e-01,2.365331e-01,4.139328e-01,4.730661e-01
6.504659e-01,7.687324e-01,9.461322e-01,7.095992e-01,5.913326e-01,4.730661e-01,5.321994e-01,5.321994e-01,4.139328e-01,1.182665e+00,5.913326e-01,4.139328e-01,8.869990e-01,1.182665e+00,1.005265e+00,7.095992e-01,1.064399e+00,6.504659e-01,7.095992e-01,9.461322e-01,7.687324e-01,6.504659e-01,5.913326e-01,1.005265e+00,7.095992e-01,1.005265e+00,5.321994e-01,7.687324e-01,8.278657e-01,1.064399e+00,1.005265e+00,1.360065e+00,9.461322e-01,1.537465e+00,1.182665e+00,1.241799e+00,1.123532e+00,7.687324e-01,1.360065e+00,9.461322e-01,1.655731e+00,1.478332e+00,1.478332e+00,1.596598e+00,1.241799e+00,1.419198e+00,1.360065e+00,1.300932e+00,1.537465e+00,1.064399e+00,1.064399e+00,1.360065e+00,1.360065e+00,1.537465e+00,1.478332e+00,1.596598e+00,1.714865e+00,1.300932e+00,2.010531e+00,1.596598e+00,2.010531e+00,1.773998e+00,1.833131e+00,2.483597e+00,2.306197e+00,1.773998e+00,1.714865e+00,1.773998e+00,2.187931e+00,1.833131e+00,1.951398e+00,2.069664e+00,2.365331e+00,2.779263e+00,1.596598e+00,2.187931e+00,2.483597e+00,2.720130e+00,2.660997e+00,2.542730e+00,3.015796e+00,2.424464e+00,3.488863e+00,3.311463e+00,3.015796e+00,2.542730e+00,3.311463e+00,3.488863e+00,3.074930e+00,3.015796e+00,3.784529e+00,3.193196e+00,3.666262e+00,3.547996e+00,3.961929e+00,4.139328e+00,3.843662e+00,3.784529e+00,3.902795e+00,4.021062e+00,4.553261e+00,4.612395e+00,4.553261e+00,3.961929e+00,3.725396e+00,5.026327e+00,4.434995e+00,4.021062e+00,4.908061e+00,5.558527e+00,4.021062e+00,5.203727e+00,4.789794e+00,5.735927e+00,4.967194e+00,6.031593e+00,6.090726e+00,6.386393e+00,6.149859e+00,6.031593e+00,6.563792e+00,6.031593e+00,6.977725e+00,8.337790e+00,7.805591e+00,7.923857e+00,7.982991e+00,8.278657e+00,8.160390e+00,9.343056e+00,9.106523e+00,9.165656e+00,8.751723e+00,9.283922e+00,7.923857e+00,8.042124e+00,9.047389e+00,9.224789e+00,9.756989e+00,1.046659e+01,1.070312e+01,9.579589e+00,1.153099e+01,1.064399e+01,9.875255e+00,1.129445e+01,1.200405e+01,1.058485e+01,1.283192e+01,1.129445e+01,1.235885e+01,1.170839e+01,1.271365e+01,1.170839e+01,1.259539e+01,1.253625e+01,1.324585e+01,1.377805e+01,1.176752e+01,1.247712e+01,1.224059e+01,1.543378e+01,1.371892e+01,1.176752e+01,1.241799e+01,1.431025e+01,1.484245e+01,1.312758e+01,1.229972e+01,1.218145e+01,1.265452e+01,1.212232e+01,1.253625e+01,1.295018e+01,1.070312e+01,1.206319e+01,1.188579e+01,1.147185e+01,1.176752e+01,1.377805e+01,1.206319e+01,1.111705e+01,1.011179e+01,9.756989e+00,8.574323e+00,8.337790e+00,8.456057e+00,7.746458e+00,7.273391e+00,6.682059e+00,8.278657e+00,7.569058e+00,8.101257e+00,6.682059e+00,6.563792e+00,5.735927e+00,6.859459e+00,5.676793e+00,4.908061e+00,4.789794e+00,4.494128e+00,4.612395e+00,4.139328e+00,4.139328e+00,3.370596e+00,3.311463e+00,3.252330e+00,2.779263e+00,2.838397e+00,2.542730e+00,2.247064e+00,2.424464e+00,2.365331e+00,1.537465e+00,1.773998e+00,1.714865e+00,1.360065e+00,1.537465e+00,1.655731e+00,1.360065e+00,1.005265e+00,1.360065e+00,1.182665e+00,9.461322e-01,7.095992e-01,1.241799e+00,1.360065e+00,7.095992e-01,1.182665e+00,1.241799e+00,6.504659e-01,6.504659e-01,7.687324e-01,2.365331e-01,7.095992e-01,3.547996e-01,7.687324e-01,4.730661e-01,1.005265e+00,5.913326e-01,4.730661e-01,4.139328e-01,4.139328e-01,5.913326e-01,7.095992e-01,5.321994e-01,4.730661e-01,6.504659e-01,7.687324e-01,4.730661e-01,4.730661e-01,4.139328e-01,5.913326e-01,4.730661e-01,2.365331e-01,4.730661e-01,4.730661e-01,4.730661e-01,5.321994e-01,7.095992e-01,4.139328e-01,5.321994e-01,8.278657e-01,1.005265e+00,2.956663e-01,4.730661e-01,3.547996e-01,2.365331e-01,2.365331e-01,3.547996e-01,5.321994e-01,7.687324e-01,4.730661e-01,7.687324e-01,5.913326e-01,7.687324e-01,2.956663e-01,5.321994e-01,5.913326e-01,5.913326e-01
8.869990e-01,4.730661e-01,6.504659e-01,8.278657e-01,4.730661e-01,8.278657e-01,7.687324e-01,9.461322e-01,6.504659e-01,8.278657e-01,8.278657e-01,5.321994e-01,1.005265e+00,5.321994e-01,9.461322e-01,5.913326e-01,8.869990e-01,9.461322e-01,1.005265e+00,1.005265e+00,9.461322e-01,1.182665e+00,1.064399e+00,6.504659e-01,5.321994e-01,7.095992e-01,1.360065e+00,1.005265e+00,8.278657e-01,1.182665e+00,1.064399e+00,1.123532e+00,1.005265e+00,1.360065e+00,4.730661e-01,1.478332e+00,7.095992e-01,1.300932e+00,1.241799e+00,1.714865e+00,1.182665e+00,1.182665e+00,8.869990e-01,8.278657e-01,1.478332e+00,1.537465e+00,1.182665e+00,1.064399e+00,1.596598e+00,2.069664e+00,1.123532e+00,1.951398e+00,1.478332e+00,1.655731e+00,1.537465e+00,1.064399e+00,1.537465e+00,1.419198e+00,1.951398e+00,2.069664e+00,1.241799e+00,1.537465e+00,1.537465e+00,2.542730e+00,1.655731e+00,1.833131e+00,1.951398e+00,2.187931e+00,1.478332e+00,1.773998e+00,1.655731e+00,2.247064e+00,2.542730e+00,2.128798e+00,2.838397e+00,2.187931e+00,2.956663e+00,2.720130e+00,2.365331e+00,1.833131e+00,2.010531e+00,2.660997e+00,2.365331e+00,2.897530e+00,2.956663e+00,2.424464e+00,2.779263e+00,3.784529e+00,3.666262e+00,3.074930e+00,4.198462e+00,3.370596e+00,3.547996e+00,3.311463e+00,3.252330e+00,3.370596e+00,3.784529e+00,3.961929e+00,4.257595e+00,4.848928e+00,3.370596e+00,4.375862e+00,4.553261e+00,4.257595e+00,5.085461e+00,4.789794e+00,4.434995e+00,4.612395e+00,5.262860e+00,5.735927e+00,5.085461e+00,5.676793e+00,5.381127e+00,5.085461e+00,6.800325e+00,6.149859e+00,6.327259e+00,5.499394e+00,6.977725e+00,7.332525e+00,6.800325e+00,6.563792e+00,6.918592e+00,7.155125e+00,7.923857e+00,6.504659e+00,8.160390e+00,7.450791e+00,7.569058e+00,8.101257e+00,9.461322e+00,8.101257e+00,9.165656e+00,8.337790e+00,9.993522e+00,8.515190e+00,1.046659e+01,9.756989e+00,9.165656e+00,1.028919e+01,9.461322e+00,1.023005e+01,1.034832e+01,9.875255e+00,1.283192e+01,1.123532e+01,1.147185e+01,1.052572e+01,1.082139e+01,1.235885e+01,1.182665e+01,1.218145e+01,1.159012e+01,1.312758e+01,1.330498e+01,1.277279e+01,1.389632e+01,1.289105e+01,1.348238e+01,1.312758e+01,1.277279e+01,1.342325e+01,1.176752e+01,1.306845e+01,1.360065e+01,1.194492e+01,1.336412e+01,1.395545e+01,1.436938e+01,1.306845e+01,1.342325e+01,1.342325e+01,1.164925e+01,1.229972e+01,1.212232e+01,1.093965e+01,1.034832e+01,1.040745e+01,1.147185e+01,9.756989e+00,1.135359e+01,9.106523e+00,1.011179e+01,9.343056e+00,9.875255e+00,8.160390e+00,9.520455e+00,7.805591e+00,7.982991e+00,7.982991e+00,7.805591e+00,7.332525e+00,6.149859e+00,5.617660e+00,6.622926e+00,5.440260e+00,4.789794e+00,5.735927e+00,4.612395e+00,4.967194e+00,3.843662e+00,4.257595e+00,3.547996e+00,3.607129e+00,3.607129e+00,3.252330e+00,3.961929e+00,3.607129e+00,2.483597e+00,2.424464e+00,1.951398e+00,2.187931e+00,2.247064e+00,1.655731e+00,2.247064e+00,1.833131e+00,8.869990e-01,1.714865e+00,1.241799e+00,1.773998e+00,1.714865e+00,1.241799e+00,1.300932e+00,1.005265e+00,1.596598e+00,8.869990e-01,6.504659e-01,1.182665e+00,7.095992e-01,7.687324e-01,5.913326e-01,7.095992e-01,5.321994e-01,7.687324e-01,7.095992e-01,7.687324e-01,7.095992e-01,8.869990e-01,6.504659e-01,5.321994e-01,4.139328e-01,7.095992e-01,5.321994e-01,5.913326e-01,7.095992e-01,5.321994e-01,5.321994e-01,5.913326e-01,5.321994e-01,4.730661e-01,5.321994e-01,4.730661e-01,5.913326e-01,6.504659e-01,7.687324e-01,4.139328e-01,2.365331e-01,6.504659e-01,4.139328e-01,4.139328e-01,2.365331e-01,7.095992e-01,5.321994e-01,5.913326e-01,2.365331e-01,5.321994e-01,7.095992e-01,5.913326e-01,3.547996e-01,7.095992e-01,7.687324e-01,6.504659e-01,6.504659e-01,3.547996e-01,5.321994e-01,3.547996e-01,4.730661e-01,1.182665e-01,4.139328e-01,2.365331e-01
5.913326e-01,8.278657e-01,7.687324e-01,1.064399e+00,5.913326e-01,5.913326e-01,7.687324e-01,7.687324e-01,5.913326e-01,1.064399e+00,5.913326e-01,8.278657e-01,7.687324e-01,8.278657e-01,7.095992e-01,8.869990e-01,8.278657e-01,5.321994e-01,1.005265e+00,8.869990e-01,7.095992e-01,1.064399e+00,1.123532e+00,5.321994e-01,1.182665e+00,7.687324e-01,9.461322e-01,1.360065e+00,1.241799e+00,9.461322e-01,1.005265e+00,1.005265e+00,9.461322e-01,1.123532e+00,9.461322e-01,1.419198e+00,1.064399e+00,9.461322e-01,1.241799e+00,1.360065e+00,1.005265e+00,1.064399e+00,1.714865e+00,1.655731e+00,1.596598e+00,1.123532e+00,1.241799e+00,1.537465e+00,1.300932e+00,1.478332e+00,1.360065e+00,1.419198e+00,1.182665e+00,1.773998e+00,1.537465e+00,1.360065e+00,1.655731e+00,1.360065e+00,1.833131e+00,1.714865e+00,1.951398e+00,2.365331e+00,1.596598e+00,2.069664e+00,2.542730e+00,2.128798e+00,1.300932e+00,2.128798e+00,1.773998e+00,1.655731e+00,1.773998e+00,2.720130e+00,2.247064e+00,2.542730e+00,2.187931e+00,3.547996e+00,2.010531e+00,2.010531e+00,2.660997e+00,2.779263e+00,2.187931e+00,2.956663e+00,2.306197e+00,2.247064e+00,2.779263e+00,3.193196e+00,2.424464e+00,2.542730e+00,3.488863e+00,3.015796e+00,3.193196e+00,2.897530e+00,3.725396e+00,3.074930e+00,3.961929e+00,3.370596e+00,2.779263e+00,3.843662e+00,4.434995e+00,3.961929e+00,4.080195e+00,4.671528e+00,3.252330e+00,4.139328e+00,4.908061e+00,4.848928e+00,4.848928e+00,4.789794e+00,5.499394e+00,5.735927e+00,5.735927e+00,4.789794e+00,5.913326e+00,5.972460e+00,5.558527e+00,6.208993e+00,5.735927e+00,6.031593e+00,6.327259e+00,5.854193e+00,7.746458e+00,7.155125e+00,7.036858e+00,7.864724e+00,6.682059e+00,7.982991e+00,8.219524e+00,7.391658e+00,8.692590e+00,7.864724e+00,8.456057e+00,9.579589e+00,9.106523e+00,9.047389e+00,9.106523e+00,9.993522e+00,1.082139e+01,8.160390e+00,9.402189e+00,1.170839e+01,1.058485e+01,9.461322e+00,1.005265e+01,1.028919e+01,1.188579e+01,1.170839e+01,1.200405e+01,1.076225e+01,1.153099e+01,1.259539e+01,1.170839e+01,1.253625e+01,1.419198e+01,1.336412e+01,1.460592e+01,1.241799e+01,1.218145e+01,1.247712e+01,1.413285e+01,1.212232e+01,1.147185e+01,1.454678e+01,1.318672e+01,1.371892e+01,1.354152e+01,1.300932e+01,1.235885e+01,1.265452e+01,1.318672e+01,1.389632e+01,1.330498e+01,1.318672e+01,1.212232e+01,1.247712e+01,1.330498e+01,1.212232e+01,1.082139e+01,1.141272e+01,1.135359e+01,1.099879e+01,1.017092e+01,8.810856e+00,1.170839e+01,9.283922e+00,8.042124e+00,9.402189e+00,8.337790e+00,8.988256e+00,8.456057e+00,7.923857e+00,6.622926e+00,7.095992e+00,6.445526e+00,7.509925e+00,6.504659e+00,5.440260e+00,5.026327e+00,6.031593e+00,5.026327e+00,4.021062e+00,4.316728e+00,4.198462e+00,3.843662e+00,3.547996e+00,3.370596e+00,3.074930e+00,2.247064e+00,2.779263e+00,2.897530e+00,3.193196e+00,2.010531e+00,2.542730e+00,2.187931e+00,1.478332e+00,1.419198e+00,1.596598e+00,1.241799e+00,1.478332e+00,1.596598e+00,1.241799e+00,9.461322e-01,1.241799e+00,1.123532e+00,7.687324e-01,1.182665e+00,7.687324e-01,7.687324e-01,8.869990e-01,8.278657e-01,7.095992e-01,7.095992e-01,1.005265e+00,4.730661e-01,5.321994e-01,4.139328e-01,7.095992e-01,8.278657e-01,8.278657e-01,7.095992e-01,4.139328e-01,6.504659e-01,4.730661e-01,7.687324e-01,5.913326e-01,4.730661e-01,4.139328e-01,3.547996e-01,5.913326e-01,4.730661e-01,4.139328e-01,2.365331e-01,3.547996e-01,4.139328e-01,5.321994e-01,8.278657e-01,7.095992e-01,5.321994e-01,2.956663e-01,3.547996e-01,2.956663e-01,2.956663e-01,4.139328e-01,4.730661e-01,2.956663e-01,1.773998e-01,2.956663e-01,5.321994e-01,7.095992e-01,4.139328e-01,5.321994e-01,4.139328e-01,3.547996e-01,5.321994e-01,5.321994e-01,4.139328e-01,5.321994e-01,4.139328e-01,5.913326e-01,4.730661e-01,4.730661e-01
4.139328e-01,8.278657e-01,8.278657e-01,1.064399e+00,8.869990e-01,7.687324e-01,1.064399e+00,1.005265e+00,4.730661e-01,5.913326e-01,8.278657e-01,5.913326e-01,5.913326e-01,1.478332e+00,1.005265e+00,8.869990e-01,6.504659e-01,8.869990e-01,1.064399e+00,1.005265e+00,1.005265e+00,9.461322e-01,8.278657e-01,8.869990e-01,7.095992e-01,1.300932e+00,1.300932e+00,1.360065e+00,1.182665e+00,1.005265e+00,1.478332e+00,1.182665e+00,8.869990e-01,1.360065e+00,2.010531e+00,1.241799e+00,7.687324e-01,1.714865e+00,1.123532e+00,1.064399e+00,1.300932e+00,1.005265e+00,1.241799e+00,9.461322e-01,1.596598e+00,1.478332e+00,1.005265e+00,1.005265e+00,1.655731e+00,1.419198e+00,1.300932e+00,1.596598e+00,1.655731e+00,1.537465e+00,1.478332e+00,1.182665e+00,1.714865e+00,1.951398e+00,2.128798e+00,2.424464e+00,2.128798e+00,1.892264e+00,1.419198e+00,1.951398e+00,1.655731e+00,1.892264e+00,1.419198e+00,2.424464e+00,1.892264e+00,1.655731e+00,1.951398e+00,1.892264e+00,2.128798e+00,1.773998e+00,2.838397e+00,1.951398e+00,1.951398e+00,2.010531e+00,3.488863e+00,2.897530e+00,2.720130e+00,2.306197e+00,2.720130e+00,2.838397e+00,2.956663e+00,2.897530e+00,3.074930e+00,2.601864e+00,3.666262e+00,3.429729e+00,3.429729e+00,3.134063e+00,3.488863e+00,3.547996e+00,2.897530e+00,4.908061e+00,3.725396e+00,3.961929e+00,4.198462e+00,3.902795e+00,4.908061e+00,4.612395e+00,4.021062e+00,4.257595e+00,3.902795e+00,4.848928e+00,4.730661e+00,4.848928e+00,4.671528e+00,5.795060e+00,4.671528e+00,4.494128e+00,5.913326e+00,6.090726e+00,6.445526e+00,5.085461e+00,5.913326e+00,5.854193e+00,5.499394e+00,5.499394e+00,7.687324e+00,6.800325e+00,6.327259e+00,6.800325e+00,7.273391e+00,8.278657e+00,6.977725e+00,8.810856e+00,7.214258e+00,8.101257e+00,8.160390e+00,8.574323e+00,8.988256e+00,9.165656e+00,9.343056e+00,1.011179e+01,8.574323e+00,9.461322e+00,1.005265e+01,1.082139e+01,1.046659e+01,1.093965e+01,1.058485e+01,1.070312e+01,1.111705e+01,1.194492e+01,1.123532e+01,1.324585e+01,1.164925e+01,1.164925e+01,1.247712e+01,1.271365e+01,1.224059e+01,1.212232e+01,1.330498e+01,1.271365e+01,1.324585e+01,1.182665e+01,1.235885e+01,1.224059e+01,1.425112e+01,1.519725e+01,1.283192e+01,1.413285e+01,1.354152e+01,1.448765e+01,1.206319e+01,1.519725e+01,1.241799e+01,1.277279e+01,1.218145e+01,1.265452e+01,1.182665e+01,1.330498e+01,1.277279e+01,1.336412e+01,1.265452e+01,1.164925e+01,1.117619e+01,1.176752e+01,8.869990e+00,9.579589e+00,9.638722e+00,9.816122e+00,9.934388e+00,9.283922e+00,9.520455e+00,7.982991e+00,7.687324e+00,7.982991e+00,7.687324e+00,6.445526e+00,7.332525e+00,7.450791e+00,5.854193e+00,6.445526e+00,6.563792e+00,4.080195e+00,5.144594e+00,4.789794e+00,4.198462e+00,4.198462e+00,3.961929e+00,3.547996e+00,3.725396e+00,2.424464e+00,2.956663e+00,2.956663e+00,2.010531e+00,3.074930e+00,2.424464e+00,2.601864e+00,1.537465e+00,1.714865e+00,1.241799e+00,1.123532e+00,1.300932e+00,1.360065e+00,1.478332e+00,1.655731e+00,1.419198e+00,1.005265e+00,6.504659e-01,9.461322e-01,1.360065e+00,1.300932e+00,9.461322e-01,9.461322e-01,7.687324e-01,8.869990e-01,5.913326e-01,6.504659e-01,5.913326e-01,8.869990e-01,8.869990e-01,4.139328e-01,7.095992e-01,6.504659e-01,1.182665e-01,6.504659e-01,3.547996e-01,6.504659e-01,4.730661e-01,4.139328e-01,5.321994e-01,5.321994e-01,5.913326e-01,4.730661e-01,5.913326e-01,3.547996e-01,5.321994e-01,1.773998e-01,2.956663e-01,3.547996e-01,3.547996e-01,6.504659e-01,7.095992e-01,7.095992e-01,2.956663e-01,4.139328e-01,5.321994e-01,5.913326e-01,5.913326e-01,3.547996e-01,5.913326e-01,6.504659e-01,3.547996e-01,2.956663e-01,3.547996e-01,4.139328e-01,7.095992e-01,4.730661e-01,4.730661e-01,5.321994e-01,6.504659e-01,5.321994e-01,2.956663e-01,7.095992e-01,7.095992e-01,2.956663e-01
4.730661e-01,4.730661e-01,5.913326e-01,6.504659e-01,7.095992e-01,5.321994e-01,9.461322e-01,8.869990e-01,6.504659e-01,7.687324e-01,1.123532e+00,5.913326e-01,6.504659e-01,1.064399e+00,8.869990e-01,7.095992e-01,1.123532e+00,1.182665e+00,8.278657e-01,5.913326e-01,9.461322e-01,1.064399e+00,9.461322e-01,8.869990e-01,1.123532e+00,7.687324e-01,1.182665e+00,7.095992e-01,1.419198e+00,1.064399e+00,4.730661e-01,8.869990e-01,1.596598e+00,1.300932e+00,9.461322e-01,1.300932e+00,8.278657e-01,1.300932e+00,1.182665e+00,9.461322e-01,1.300932e+00,9.461322e-01,1.596598e+00,1.360065e+00,1.123532e+00,1.300932e+00,1.478332e+00,1.537465e+00,1.773998e+00,1.005265e+00,1.123532e+00,1.892264e+00,1.714865e+00,1.833131e+00,1.655731e+00,1.773998e+00,1.241799e+00,1.300932e+00,2.542730e+00,1.951398e+00,1.773998e+00,2.187931e+00,1.360065e+00,2.187931e+00,1.596598e+00,2.069664e+00,1.833131e+00,1.655731e+00,2.424464e+00,1.182665e+00,2.483597e+00,2.601864e+00,1.892264e+00,2.128798e+00,2.601864e+00,2.187931e+00,3.134063e+00,2.483597e+00,2.069664e+00,2.542730e+00,2.424464e+00,2.956663e+00,2.897530e+00,3.252330e+00,3.134063e+00,3.015796e+00,3.015796e+00,2.956663e+00,4.139328e+00,3.488863e+00,4.080195e+00,3.725396e+00,3.134063e+00,3.311463e+00,4.198462e+00,3.725396e+00,4.139328e+00,3.725396e+00,3.784529e+00,4.139328e+00,3.843662e+00,4.316728e+00,3.902795e+00,4.139328e+00,5.972460e+00,4.789794e+00,4.375862e+00,4.967194e+00,5.499394e+00,5.144594e+00,4.316728e+00,5.676793e+00,5.676793e+00,4.553261e+00,4.789794e+00,5.144594e+00,5.795060e+00,6.977725e+00,6.090726e+00,6.149859e+00,7.569058e+00,6.090726e+00,6.090726e+00,6.859459e+00,6.800325e+00,5.795060e+00,8.042124e+00,7.923857e+00,8.219524e+00,8.337790e+00,9.283922e+00,8.456057e+00,9.047389e+00,8.574323e+00,9.461322e+00,9.402189e+00,8.751723e+00,1.135359e+01,9.697855e+00,8.810856e+00,9.461322e+00,1.093965e+01,1.070312e+01,1.129445e+01,1.141272e+01,1.005265e+01,9.875255e+00,1.093965e+01,1.259539e+01,1.082139e+01,1.318672e+01,1.324585e+01,1.354152e+01,1.123532e+01,1.289105e+01,1.277279e+01,1.472418e+01,1.436938e+01,1.229972e+01,1.306845e+01,1.407372e+01,1.300932e+01,1.383718e+01,1.407372e+01,1.259539e+01,1.318672e+01,1.407372e+01,1.206319e+01,1.235885e+01,1.159012e+01,1.176752e+01,1.123532e+01,1.247712e+01,1.212232e+01,1.342325e+01,1.271365e+01,1.076225e+01,1.271365e+01,1.135359e+01,1.105792e+01,1.052572e+01,1.046659e+01,1.058485e+01,7.923857e+00,8.869990e+00,8.337790e+00,1.040745e+01,8.869990e+00,9.165656e+00,7.687324e+00,8.751723e+00,7.687324e+00,5.440260e+00,6.031593e+00,6.622926e+00,5.676793e+00,5.558527e+00,5.795060e+00,5.913326e+00,4.967194e+00,3.902795e+00,4.021062e+00,4.553261e+00,3.961929e+00,3.429729e+00,3.666262e+00,3.666262e+00,2.187931e+00,2.720130e+00,1.773998e+00,2.720130e+00,1.773998e+00,1.655731e+00,1.182665e+00,1.773998e+00,1.241799e+00,2.306197e+00,1.419198e+00,1.892264e+00,8.869990e-01,1.005265e+00,1.360065e+00,1.241799e+00,8.278657e-01,7.687324e-01,1.123532e+00,1.123532e+00,6.504659e-01,7.687324e-01,7.095992e-01,1.773998e-01,5.913326e-01,7.095992e-01,1.005265e+00,4.139328e-01,5.913326e-01,4.730661e-01,5.913326e-01,4.139328e-01,4.730661e-01,4.139328e-01,5.321994e-01,7.095992e-01,3.547996e-01,4.139328e-01,5.321994e-01,6.504659e-01,5.913326e-01,3.547996e-01,4.139328e-01,8.869990e-01,4.139328e-01,4.139328e-01,5.913326e-01,3.547996e-01,4.730661e-01,5.321994e-01,1.773998e-01,3.547996e-01,4.139328e-01,5.321994e-01,5.321994e-01,4.139328e-01,8.869990e-01,5.321994e-01,4.730661e-01,3.547996e-01,3.547996e-01,7.095992e-01,4.139328e-01,3.547996e-01,2.956663e-01,3.547996e-01,5.913326e-01,5.913326e-01,6.504659e-01,4.730661e-01,4.139328e-01,5.321994e-01,4.730661e-01
6.504659e-01,4.139328e-01,8.869990e-01,5.913326e-01,7.687324e-01,7.687324e-01,7.687324e-01,7.687324e-01,1.005265e+00,4.139328e-01,1.064399e+00,7.095992e-01,8.278657e-01,5.321994e-01,9.461322e-01,6.504659e-01,1.005265e+00,8.278657e-01,9.461322e-01,1.064399e+00,8.869990e-01,5.913326e-01,9.461322e-01,5.321994e-01,8.869990e-01,7.687324e-01,8.869990e-01,1.005265e+00,8.869990e-01,1.064399e+00,1.241799e+00,1.005265e+00,1.005265e+00,9.461322e-01,8.869990e-01,1.123532e+00,7.095992e-01,1.005265e+00,7.095992e-01,1.182665e+00,1.005265e+00,1.419198e+00,1.064399e+00,1.478332e+00,1.241799e+00,1.478332e+00,1.300932e+00,1.419198e+00,1.360065e+00,1.419198e+00,1.537465e+00,1.419198e+00,1.182665e+00,1.478332e+00,1.951398e+00,1.360065e+00,1.833131e+00,1.833131e+00,1.833131e+00,1.833131e+00,1.773998e+00,2.069664e+00,2.424464e+00,2.010531e+00,2.424464e+00,2.306197e+00,2.010531e+00,2.128798e+00,1.951398e+00,2.010531e+00,2.542730e+00,2.542730e+00,2.247064e+00,2.247064e+00,2.483597e+00,2.424464e+00,2.010531e+00,2.483597e+00,2.660997e+00,2.660997e+00,1.773998e+00,2.779263e+00,3.015796e+00,2.720130e+00,3.134063e+00,2.424464e+00,3.547996e+00,2.838397e+00,2.660997e+00,3.134063e+00,4.139328e+00,2.720130e+00,3.015796e+00,4.080195e+00,3.015796e+00,3.607129e+00,3.725396e+00,4.257595e+00,4.021062e+00,4.139328e+00,4.553261e+00,4.316728e+00,5.085461e+00,4.021062e+00,5.026327e+00,4.198462e+00,4.848928e+00,4.730661e+00,4.671528e+00,4.375862e+00,5.144594e+00,5.617660e+00,5.972460e+00,6.386393e+00,5.913326e+00,6.682059e+00,6.563792e+00,6.090726e+00,7.569058e+00,6.327259e+00,6.504659e+00,6.149859e+00,8.456057e+00,6.149859e+00,7.095992e+00,7.687324e+00,6.977725e+00,7.273391e+00,8.160390e+00,8.515190e+00,7.628191e+00,8.751723e+00,8.692590e+00,1.011179e+01,7.864724e+00,9.106523e+00,9.756989e+00,9.697855e+00,1.052572e+01,1.099879e+01,1.011179e+01,1.105792e+01,9.343056e+00,1.058485e+01,1.224059e+01,1.153099e+01,1.200405e+01,1.164925e+01,1.229972e+01,1.088052e+01,1.194492e+01,1.135359e+01,1.253625e+01,1.265452e+01,1.259539e+01,1.253625e+01,1.247712e+01,1.448765e+01,1.247712e+01,1.395545e+01,1.182665e+01,1.413285e+01,1.265452e+01,1.300932e+01,1.371892e+01,1.271365e+01,1.253625e+01,1.295018e+01,1.389632e+01,1.360065e+01,1.360065e+01,1.407372e+01,1.283192e+01,1.295018e+01,1.153099e+01,1.188579e+01,9.579589e+00,1.064399e+01,1.052572e+01,9.875255e+00,1.034832e+01,1.088052e+01,9.934388e+00,9.816122e+00,1.017092e+01,9.165656e+00,7.628191e+00,1.005265e+01,8.456057e+00,7.628191e+00,8.219524e+00,6.859459e+00,6.386393e+00,6.090726e+00,6.682059e+00,5.854193e+00,5.381127e+00,4.553261e+00,5.558527e+00,5.381127e+00,4.612395e+00,3.902795e+00,3.488863e+00,3.843662e+00,2.897530e+00,3.784529e+00,3.429729e+00,2.660997e+00,2.365331e+00,2.956663e+00,1.951398e+00,1.833131e+00,1.951398e+00,1.833131e+00,1.714865e+00,1.833131e+00,1.833131e+00,1.714865e+00,1.064399e+00,1.596598e+00,1.005265e+00,1.360065e+00,1.005265e+00,7.687324e-01,1.064399e+00,8.278657e-01,9.461322e-01,7.095992e-01,8.278657e-01,7.687324e-01,1.005265e+00,7.095992e-01,9.461322e-01,5.913326e-01,8.278657e-01,4.730661e-01,6.504659e-01,3.547996e-01,4.730661e-01,6.504659e-01,5.913326e-01,4.139328e-01,7.687324e-01,3.547996e-01,7.095992e-01,6.504659e-01,3.547996e-01,4.139328e-01,2.956663e-01,2.365331e-01,4.139328e-01,6.504659e-01,9.461322e-01,6.504659e-01,3.547996e-01,6.504659e-01,5.913326e-01,3.547996e-01,3.547996e-01,6.504659e-01,6.504659e-01,7.095992e-01,2.956663e-01,4.139328e-01,4.139328e-01,1.773998e-01,1.773998e-01,4.730661e-01,2.956663e-01,3.547996e-01,3.547996e-01,6.504659e-01,6.504659e-01,4.139328e-01,4.730661e-01,4.139328e-01,5.321994e-01,2.956663e-01,7.095992e-01,4.139328e-01
4.139328e-01,8.869990e-01,5.913326e-01,2.956663e-01,7.687324e-01,4.730661e-01,1.064399e+00,5.913326e-01,8.278657e-01,6.504659e-01,8.278657e-01,4.730661e-01,5.913326e-01,7.687324e-01,5.321994e-01,9.461322e-01,6.504659e-01,8.278657e-01,5.321994e-01,7.687324e-01,1.182665e+00,8.278657e-01,8.869990e-01,1.064399e+00,1.005265e+00,1.182665e+00,1.005265e+00,1.064399e+00,8.869990e-01,1.005265e+00,9.461322e-01,8.869990e-01,1.182665e+00,1.182665e+00,7.095992e-01,1.773998e+00,1.241799e+00,1.300932e+00,1.241799e+00,1.064399e+00,8.869990e-01,1.596598e+00,1.300932e+00,1.537465e+00,1.064399e+00,1.123532e+00,1.064399e+00,1.123532e+00,1.537465e+00,1.478332e+00,1.419198e+00,1.005265e+00,1.714865e+00,1.064399e+00,1.596598e+00,1.833131e+00,1.300932e+00,2.365331e+00,1.478332e+00,2.424464e+00,2.365331e+00,2.128798e+00,1.360065e+00,2.128798e+00,2.187931e+00,1.951398e+00,2.247064e+00,1.714865e+00,2.365331e+00,2.424464e+00,1.714865e+00,2.779263e+00,2.306197e+00,2.187931e+00,2.010531e+00,2.660997e+00,2.720130e+00,1.833131e+00,2.601864e+00,2.720130e+00,2.601864e+00,2.660997e+00,3.252330e+00,3.074930e+00,2.660997e+00,3.547996e+00,2.956663e+00,3.193196e+00,2.187931e+00,3.193196e+00,2.897530e+00,3.843662e+00,3.666262e+00,3.429729e+00,2.779263e+00,3.784529e+00,4.494128e+00,3.961929e+00,3.961929e+00,4.198462e+00,4.257595e+00,4.553261e+00,3.607129e+00,4.021062e+00,4.967194e+00,5.262860e+00,5.617660e+00,5.440260e+00,5.440260e+00,4.789794e+00,5.795060e+00,5.499394e+00,5.854193e+00,5.262860e+00,5.735927e+00,4.967194e+00,7.155125e+00,5.795060e+00,5.676793e+00,6.208993e+00,7.036858e+00,6.800325e+00,7.923857e+00,7.569058e+00,6.622926e+00,7.450791e+00,8.515190e+00,7.982991e+00,7.450791e+00,7.628191e+00,8.337790e+00,8.042124e+00,1.005265e+01,8.396923e+00,8.574323e+00,9.224789e+00,8.692590e+00,1.052572e+01,8.929123e+00,9.343056e+00,9.165656e+00,1.111705e+01,1.023005e+01,1.052572e+01,1.176752e+01,1.176752e+01,1.159012e+01,1.070312e+01,1.306845e+01,1.200405e+01,1.484245e+01,1.082139e+01,1.295018e+01,1.336412e+01,1.265452e+01,1.253625e+01,1.247712e+01,1.306845e+01,1.407372e+01,1.129445e+01,1.289105e+01,1.419198e+01,1.318672e+01,1.365978e+01,1.312758e+01,1.241799e+01,1.395545e+01,1.235885e+01,1.283192e+01,1.300932e+01,1.224059e+01,1.105792e+01,1.159012e+01,1.283192e+01,1.289105e+01,1.147185e+01,1.235885e+01,1.164925e+01,1.046659e+01,1.093965e+01,1.147185e+01,9.697855e+00,9.756989e+00,8.810856e+00,9.047389e+00,9.993522e+00,9.106523e+00,9.106523e+00,8.456057e+00,6.918592e+00,6.800325e+00,6.918592e+00,7.273391e+00,6.622926e+00,7.036858e+00,5.381127e+00,5.499394e+00,5.321994e+00,5.381127e+00,4.908061e+00,4.612395e+00,3.843662e+00,3.843662e+00,3.074930e+00,3.488863e+00,3.252330e+00,3.370596e+00,2.897530e+00,3.134063e+00,1.951398e+00,1.892264e+00,2.424464e+00,2.601864e+00,1.892264e+00,2.187931e+00,1.596598e+00,1.241799e+00,1.833131e+00,1.241799e+00,8.278657e-01,9.461322e-01,6.504659e-01,7.095992e-01,9.461322e-01,1.064399e+00,1.005265e+00,1.478332e+00,1.064399e+00,1.123532e+00,8.278657e-01,7.095992e-01,5.913326e-01,8.869990e-01,8.869990e-01,2.365331e-01,5.913326e-01,4.730661e-01,4.139328e-01,4.139328e-01,6.504659e-01,9.461322e-01,2.956663e-01,7.687324e-01,4.139328e-01,2.365331e-01,5.913326e-01,8.278657e-01,3.547996e-01,4.139328e-01,4.139328e-01,4.730661e-01,4.730661e-01,5.321994e-01,2.365331e-01,5.913326e-01,8.278657e-01,2.365331e-01,6.504659e-01,3.547996e-01,2.956663e-01,1.182665e-01,4.139328e-01,6.504659e-01,7.687324e-01,6.504659e-01,4.139328e-01,4.139328e-01,7.687324e-01,4.139328e-01,4.730661e-01,4.139328e-01,7.687324e-01,5.913326e-01,2.956663e-01,7.687324e-01,4.730661e-01,5.321994e-01,4.139328e-01,4.730661e-01,7.687324e-01
5.321994e-01,6.504659e-01,8.869990e-01,1.300932e+00,9.461322e-01,7.687324e-01,5.321994e-01,5.913326e-01,5.321994e-01,4.139328e-01,4.730661e-01,8.278657e-01,8.278657e-01,6.504659e-01,1.005265e+00,8.869990e-01,7.687324e-01,1.241799e+00,8.869990e-01,6.504659e-01,1.005265e+00,1.182665e+00,6.504659e-01,7.687324e-01,1.300932e+00,1.241799e+00,1.123532e+00,1.300932e+00,7.687324e-01,1.182665e+00,1.064399e+00,1.064399e+00,1.005265e+00,9.461322e-01,1.596598e+00,6.504659e-01,1.182665e+00,1.064399e+00,1.064399e+00,1.360065e+00,8.278657e-01,1.596598e+00,1.300932e+00,1.714865e+00,1.419198e+00,1.596598e+00,1.123532e+00,1.478332e+00,1.005265e+00,1.123532e+00,1.419198e+00,1.360065e+00,1.419198e+00,1.241799e+00,1.655731e+00,1.655731e+00,1.655731e+00,1.360065e+00,1.714865e+00,1.833131e+00,1.241799e+00,2.128798e+00,1.478332e+00,2.187931e+00,2.128798e+00,2.365331e+00,2.542730e+00,1.714865e+00,2.187931e+00,2.187931e+00,1.714865e+00,1.714865e+00,1.833131e+00,2.424464e+00,2.365331e+00,2.542730e+00,2.897530e+00,3.193196e+00,2.601864e+00,2.010531e+00,3.015796e+00,2.897530e+00,3.193196e+00,2.010531e+00,2.424464e+00,2.720130e+00,2.897530e+00,2.720130e+00,3.488863e+00,3.429729e+00,3.134063e+00,3.666262e+00,4.257595e+00,3.607129e+00,4.080195e+00,2.601864e+00,4.908061e+00,3.843662e+00,4.257595e+00,4.198462e+00,4.080195e+00,4.553261e+00,4.316728e+00,3.784529e+00,4.908061e+00,4.494128e+00,4.671528e+00,5.676793e+00,4.375862e+00,4.967194e+00,5.262860e+00,5.321994e+00,4.789794e+00,6.149859e+00,6.208993e+00,6.090726e+00,7.214258e+00,6.445526e+00,6.918592e+00,6.208993e+00,6.622926e+00,6.563792e+00,6.149859e+00,7.214258e+00,6.859459e+00,7.391658e+00,6.741192e+00,7.923857e+00,8.219524e+00,7.450791e+00,8.456057e+00,8.751723e+00,9.461322e+00,8.574323e+00,1.011179e+01,9.165656e+00,9.579589e+00,9.875255e+00,1.023005e+01,9.047389e+00,1.017092e+01,1.088052e+01,9.697855e+00,1.058485e+01,1.034832e+01,1.034832e+01,1.241799e+01,1.212232e+01,1.200405e+01,1.271365e+01,1.088052e+01,1.159012e+01,1.300932e+01,1.365978e+01,1.105792e+01,1.253625e+01,1.407372e+01,1.318672e+01,1.531552e+01,1.241799e+01,1.354152e+01,1.377805e+01,1.206319e+01,1.277279e+01,1.200405e+01,1.271365e+01,1.200405e+01,1.324585e+01,1.212232e+01,1.265452e+01,1.389632e+01,1.259539e+01,1.466505e+01,1.324585e+01,1.383718e+01,1.023005e+01,1.135359e+01,9.638722e+00,1.164925e+01,1.011179e+01,9.638722e+00,9.165656e+00,1.028919e+01,9.106523e+00,9.520455e+00,1.052572e+01,8.160390e+00,8.633457e+00,7.155125e+00,8.751723e+00,7.214258e+00,6.386393e+00,6.327259e+00,6.741192e+00,6.268126e+00,5.735927e+00,6.327259e+00,4.908061e+00,2.956663e+00,5.144594e+00,4.553261e+00,4.198462e+00,4.494128e+00,3.429729e+00,4.139328e+00,2.956663e+00,3.784529e+00,2.542730e+00,3.074930e+00,2.187931e+00,3.193196e+00,2.956663e+00,1.833131e+00,1.951398e+00,2.010531e+00,1.655731e+00,1.537465e+00,1.005265e+00,1.478332e+00,1.360065e+00,8.869990e-01,7.687324e-01,1.478332e+00,1.064399e+00,1.005265e+00,7.095992e-01,1.182665e+00,8.278657e-01,7.095992e-01,7.687324e-01,1.064399e+00,8.278657e-01,9.461322e-01,5.321994e-01,4.730661e-01,6.504659e-01,8.278657e-01,1.005265e+00,4.730661e-01,8.869990e-01,3.547996e-01,7.687324e-01,2.956663e-01,1.773998e-01,6.504659e-01,2.365331e-01,4.139328e-01,7.095992e-01,7.095992e-01,4.139328e-01,5.913326e-01,4.139328e-01,7.095992e-01,4.730661e-01,4.139328e-01,3.547996e-01,4.730661e-01,5.913326e-01,2.956663e-01,5.321994e-01,5.321994e-01,4.730661e-01,4.139328e-01,6.504659e-01,7.095992e-01,4.139328e-01,2.956663e-01,3.547996e-01,4.139328e-01,5.321994e-01,2.956663e-01,5.321994e-01,2.365331e-01,5.321994e-01,3.547996e-01,5.321994e-01,5.321994e-01,5.321994e-01,1.773998e-01,6.504659e-01
4.730661e-01,7.095992e-01,8.869990e-01,8.278657e-01,1.064399e+00,7.687324e-01,3.547996e-01,5.913326e-01,9.461322e-01,8.278657e-01,8.869990e-01,1.182665e+00,9.461322e-01,1.005265e+00,8.869990e-01,8.869990e-01,4.730661e-01,5.913326e-01,1.064399e+00,8.869990e-01,7.687324e-01,1.064399e+00,7.095992e-01,8.278657e-01,7.095992e-01,1.005265e+00,8.278657e-01,1.123532e+00,1.241799e+00,8.278657e-01,1.241799e+00,9.461322e-01,1.005265e+00,1.123532e+00,1.360065e+00,1.300932e+00,1.182665e+00,9.461322e-01,1.064399e+00,1.064399e+00,5.913326e-01,7.687324e-01,1.182665e+00,1.182665e+00,1.655731e+00,1.596598e+00,1.714865e+00,1.300932e+00,1.714865e+00,1.596598e+00,1.300932e+00,1.419198e+00,1.300932e+00,1.773998e+00,1.241799e+00,1.596598e+00,1.300932e+00,1.478332e+00,2.010531e+00,1.892264e+00,2.010531e+00,1.596598e+00,1.892264e+00,2.365331e+00,1.951398e+00,2.365331e+00,1.833131e+00,2.010531e+00,1.419198e+00,1.833131e+00,2.306197e+00,1.833131e+00,2.660997e+00,2.601864e+00,2.838397e+00,2.542730e+00,2.601864e+00,2.660997e+00,2.128798e+00,2.660997e+00,2.779263e+00,2.956663e+00,2.247064e+00,2.365331e+00,2.897530e+00,3.961929e+00,3.370596e+00,3.252330e+00,3.961929e+00,3.193196e+00,3.547996e+00,2.779263e+00,3.547996e+00,3.784529e+00,4.080195e+00,3.902795e+00,3.370596e+00,4.612395e+00,4.612395e+00,4.198462e+00,4.139328e+00,4.967194e+00,3.902795e+00,3.252330e+00,3.488863e+00,6.563792e+00,5.972460e+00,5.144594e+00,6.445526e+00,4.908061e+00,5.144594e+00,5.262860e+00,5.321994e+00,5.440260e+00,6.090726e+00,6.563792e+00,6.149859e+00,5.854193e+00,6.800325e+00,6.327259e+00,7.450791e+00,6.682059e+00,7.214258e+00,7.628191e+00,8.101257e+00,7.805591e+00,7.391658e+00,7.923857e+00,8.988256e+00,7.509925e+00,8.337790e+00,9.283922e+00,9.224789e+00,8.160390e+00,9.165656e+00,9.047389e+00,8.456057e+00,1.005265e+01,9.993522e+00,8.869990e+00,8.869990e+00,1.017092e+01,1.176752e+01,1.017092e+01,1.147185e+01,1.147185e+01,1.141272e+01,1.224059e+01,1.295018e+01,1.117619e+01,1.182665e+01,1.224059e+01,1.212232e+01,1.188579e+01,1.235885e+01,1.466505e+01,1.212232e+01,1.135359e+01,1.218145e+01,1.360065e+01,1.371892e+01,1.371892e+01,1.235885e+01,1.289105e+01,1.383718e+01,1.389632e+01,1.525638e+01,1.454678e+01,1.129445e+01,1.354152e+01,1.312758e+01,1.277279e+01,1.330498e+01,1.153099e+01,1.360065e+01,1.164925e+01,1.135359e+01,1.182665e+01,9.520455e+00,1.129445e+01,1.052572e+01,1.135359e+01,1.052572e+01,9.165656e+00,9.283922e+00,8.278657e+00,8.515190e+00,8.988256e+00,8.101257e+00,6.918592e+00,6.327259e+00,6.977725e+00,6.149859e+00,6.149859e+00,6.090726e+00,5.913326e+00,5.321994e+00,5.085461e+00,4.967194e+00,4.848928e+00,3.193196e+00,3.784529e+00,4.730661e+00,3.429729e+00,3.311463e+00,3.429729e+00,2.069664e+00,3.015796e+00,2.897530e+00,1.714865e+00,1.892264e+00,2.069664e+00,2.010531e+00,1.655731e+00,1.064399e+00,2.128798e+00,1.773998e+00,1.360065e+00,1.596598e+00,1.537465e+00,1.655731e+00,1.064399e+00,1.182665e+00,7.095992e-01,8.869990e-01,1.360065e+00,6.504659e-01,1.123532e+00,7.095992e-01,8.869990e-01,1.064399e+00,1.064399e+00,5.321994e-01,8.869990e-01,5.913326e-01,4.139328e-01,5.321994e-01,5.913326e-01,4.139328e-01,5.321994e-01,2.365331e-01,7.095992e-01,4.730661e-01,2.956663e-01,5.321994e-01,4.139328e-01,5.913326e-01,4.730661e-01,8.278657e-01,4.730661e-01,7.095992e-01,4.139328e-01,3.547996e-01,4.730661e-01,2.956663e-01,6.504659e-01,4.139328e-01,5.913326e-01,5.321994e-01,7.687324e-01,5.321994e-01,5.913326e-01,2.365331e-01,7.095992e-01,7.687324e-01,6.504659e-01,5.913326e-01,5.321994e-01,4.730661e-01,8.278657e-01,2.956663e-01,4.730661e-01,4.139328e-01,5.913326e-01,5.913326e-01,4.730661e-01,7.687324e-01,5.913326e-01,3.547996e-01,4.730661e-01
7.095992e-01,9.461322e-01,8.869990e-01,5.321994e-01,5.321994e-01,8.278657e-01,1.005265e+00,8.869990e-01,4.730661e-01,1.005265e+00,8.278657e-01,1.005265e+00,1.182665e+00,8.869990e-01,5.913326e-01,7.095992e-01,7.687324e-01,7.095992e-01,8.278657e-01,1.182665e+00,8.278657e-01,1.064399e+00,1.123532e+00,1.241799e+00,1.123532e+00,1.360065e+00,1.064399e+00,1.005265e+00,6.504659e-01,7.687324e-01,5.913326e-01,1.833131e+00,7.095992e-01,1.241799e+00,9.461322e-01,1.892264e+00,1.360065e+00,9.461322e-01,1.773998e+00,1.892264e+00,1.655731e+00,1.182665e+00,1.419198e+00,1.300932e+00,1.123532e+00,1.123532e+00,1.655731e+00,9.461322e-01,1.360065e+00,1.892264e+00,1.833131e+00,1.714865e+00,1.241799e+00,1.241799e+00,1.596598e+00,1.537465e+00,1.951398e+00,1.241799e+00,1.419198e+00,1.773998e+00,1.478332e+00,1.951398e+00,2.187931e+00,1.892264e+00,2.247064e+00,2.187931e+00,2.128798e+00,2.779263e+00,1.596598e+00,1.833131e+00,2.247064e+00,2.660997e+00,2.424464e+00,2.306197e+00,2.720130e+00,1.892264e+00,2.187931e+00,3.311463e+00,2.897530e+00,2.128798e+00,2.424464e+00,3.015796e+00,3.015796e+00,3.193196e+00,3.429729e+00,3.252330e+00,2.897530e+00,3.370596e+00,3.725396e+00,3.311463e+00,4.198462e+00,3.488863e+00,3.311463e+00,4.139328e+00,3.902795e+00,4.730661e+00,2.897530e+00,3.961929e+00,4.434995e+00,5.085461e+00,3.961929e+00,3.784529e+00,3.902795e+00,4.316728e+00,4.021062e+00,3.784529e+00,5.321994e+00,5.381127e+00,4.730661e+00,5.795060e+00,4.848928e+00,4.257595e+00,5.440260e+00,5.262860e+00,5.617660e+00,6.622926e+00,5.558527e+00,5.795060e+00,6.682059e+00,6.741192e+00,5.735927e+00,6.504659e+00,6.977725e+00,7.805591e+00,8.337790e+00,7.923857e+00,7.746458e+00,8.101257e+00,7.982991e+00,8.515190e+00,9.106523e+00,7.923857e+00,9.165656e+00,9.106523e+00,9.993522e+00,1.005265e+01,8.692590e+00,9.934388e+00,1.082139e+01,9.402189e+00,1.247712e+01,1.023005e+01,9.934388e+00,1.123532e+01,1.088052e+01,1.111705e+01,1.099879e+01,1.336412e+01,1.218145e+01,1.206319e+01,1.295018e+01,1.401458e+01,1.253625e+01,1.188579e+01,1.318672e+01,1.153099e+01,1.348238e+01,1.277279e+01,1.336412e+01,1.330498e+01,1.277279e+01,1.448765e+01,1.271365e+01,1.330498e+01,1.354152e+01,1.300932e+01,1.501985e+01,1.253625e+01,1.224059e+01,1.289105e+01,1.170839e+01,1.212232e+01,1.289105e+01,1.265452e+01,1.224059e+01,1.259539e+01,1.194492e+01,1.159012e+01,9.993522e+00,1.052572e+01,1.271365e+01,1.129445e+01,1.105792e+01,9.934388e+00,1.070312e+01,9.816122e+00,8.574323e+00,8.456057e+00,8.988256e+00,8.574323e+00,8.042124e+00,6.800325e+00,6.386393e+00,5.735927e+00,6.859459e+00,5.499394e+00,5.795060e+00,4.789794e+00,4.316728e+00,4.375862e+00,4.434995e+00,3.902795e+00,3.193196e+00,3.547996e+00,3.607129e+00,3.134063e+00,2.897530e+00,3.015796e+00,2.838397e+00,2.069664e+00,2.365331e+00,1.773998e+00,2.187931e+00,1.655731e+00,2.247064e+00,1.537465e+00,1.419198e+00,1.951398e+00,1.773998e+00,1.360065e+00,1.360065e+00,1.360065e+00,1.419198e+00,6.504659e-01,1.241799e+00,7.687324e-01,1.241799e+00,1.064399e+00,4.730661e-01,7.687324e-01,5.913326e-01,1.005265e+00,5.913326e-01,3.547996e-01,4.139328e-01,5.913326e-01,6.504659e-01,5.321994e-01,5.913326e-01,2.956663e-01,7.095992e-01,4.139328e-01,4.730661e-01,5.321994e-01,5.321994e-01,8.278657e-01,7.095992e-01,5.913326e-01,6.504659e-01,5.321994e-01,4.730661e-01,7.687324e-01,3.547996e-01,5.913326e-01,2.365331e-01,4.139328e-01,4.730661e-01,1.182665e-01,4.139328e-01,4.139328e-01,2.956663e-01,4.730661e-01,4.139328e-01,7.687324e-01,6.504659e-01,5.913326e-01,9.461322e-01,5.321994e-01,4.730661e-01,6.504659e-01,5.321994e-01,4.730661e-01,5.913326e-01,5.321994e-01,4.730661e-01,4.730661e-01,5.913326e-01,6.504659e-01,4.139328e-01,8.278657e-01
5.913326e-01,1.064399e+00,4.139328e-01,7.687324e-01,8.869990e-01,6.504659e-01,6.504659e-01,4.730661e-01,5.321994e-01,9.461322e-01,8.278657e-01,7.687324e-01,7.687324e-01,5.321994e-01,6.504659e-01,8.278657e-01,4.730661e-01,7.095992e-01,7.095992e-01,4.139328e-01,8.869990e-01,1.005265e+00,1.005265e+00,1.300932e+00,1.360065e+00,1.064399e+00,9.461322e-01,1.005265e+00,9.461322e-01,1.419198e+00,1.064399e+00,8.278657e-01,7.095992e-01,1.064399e+00,1.241799e+00,1.123532e+00,8.869990e-01,1.005265e+00,1.537465e+00,1.123532e+00,1.478332e+00,1.182665e+00,1.123532e+00,1.182665e+00,1.537465e+00,1.241799e+00,2.010531e+00,1.241799e+00,1.300932e+00,1.537465e+00,1.182665e+00,1.714865e+00,1.419198e+00,1.655731e+00,1.833131e+00,1.537465e+00,1.537465e+00,1.833131e+00,1.241799e+00,1.655731e+00,1.478332e+00,1.655731e+00,1.714865e+00,1.714865e+00,1.537465e+00,1.892264e+00,1.892264e+00,2.542730e+00,2.542730e+00,2.542730e+00,2.601864e+00,3.429729e+00,2.838397e+00,1.892264e+00,2.601864e+00,2.601864e+00,2.187931e+00,2.128798e+00,2.838397e+00,2.542730e+00,3.015796e+00,3.193196e+00,2.542730e+00,3.193196e+00,3.193196e+00,2.542730e+00,2.897530e+00,3.311463e+00,2.838397e+00,3.725396e+00,2.424464e+00,3.725396e+00,3.429729e+00,3.015796e+00,4.080195e+00,4.375862e+00,4.021062e+00,4.257595e+00,4.375862e+00,4.848928e+00,4.021062e+00,4.316728e+00,4.434995e+00,4.139328e+00,5.144594e+00,4.908061e+00,5.085461e+00,5.026327e+00,4.434995e+00,5.203727e+00,4.908061e+00,5.203727e+00,4.908061e+00,6.445526e+00,5.085461e+00,5.913326e+00,5.795060e+00,5.558527e+00,7.155125e+00,7.391658e+00,6.859459e+00,7.214258e+00,6.504659e+00,7.095992e+00,7.214258e+00,8.574323e+00,8.574323e+00,7.805591e+00,7.036858e+00,9.224789e+00,7.864724e+00,7.450791e+00,8.810856e+00,7.746458e+00,7.864724e+00,8.692590e+00,1.088052e+01,9.165656e+00,1.046659e+01,1.023005e+01,1.099879e+01,1.082139e+01,1.005265e+01,1.159012e+01,1.058485e+01,1.147185e+01,1.200405e+01,1.141272e+01,1.253625e+01,1.265452e+01,1.206319e+01,1.194492e+01,1.224059e+01,1.383718e+01,1.289105e+01,1.407372e+01,1.324585e+01,1.431025e+01,1.348238e+01,1.330498e+01,1.259539e+01,1.413285e+01,1.253625e+01,1.466505e+01,1.431025e+01,1.253625e+01,1.342325e+01,1.182665e+01,1.259539e+01,1.253625e+01,1.259539e+01,1.330498e+01,1.247712e+01,1.324585e+01,1.271365e+01,1.153099e+01,1.088052e+01,1.206319e+01,1.017092e+01,1.135359e+01,9.283922e+00,1.046659e+01,8.810856e+00,9.047389e+00,9.756989e+00,9.047389e+00,9.224789e+00,6.977725e+00,8.278657e+00,7.864724e+00,7.864724e+00,7.332525e+00,5.144594e+00,6.741192e+00,7.450791e+00,5.203727e+00,5.499394e+00,4.908061e+00,5.203727e+00,3.488863e+00,4.967194e+00,4.198462e+00,3.666262e+00,4.021062e+00,3.429729e+00,3.607129e+00,3.015796e+00,3.074930e+00,2.306197e+00,2.128798e+00,2.010531e+00,2.128798e+00,1.833131e+00,2.128798e+00,1.360065e+00,2.010531e+00,1.714865e+00,1.892264e+00,1.892264e+00,1.360065e+00,1.596598e+00,1.241799e+00,1.241799e+00,1.123532e+00,1.241799e+00,6.504659e-01,5.913326e-01,1.241799e+00,1.241799e+00,7.687324e-01,9.461322e-01,5.913326e-01,8.869990e-01,6.504659e-01,6.504659e-01,8.278657e-01,6.504659e-01,4.730661e-01,5.321994e-01,5.913326e-01,5.913326e-01,1.005265e+00,4.139328e-01,1.123532e+00,5.913326e-01,4.730661e-01,1.773998e-01,5.913326e-01,2.956663e-01,5.913326e-01,3.547996e-01,4.730661e-01,6.504659e-01,7.095992e-01,6.504659e-01,5.321994e-01,3.547996e-01,4.139328e-01,3.547996e-01,4.730661e-01,2.956663e-01,4.730661e-01,4.139328e-01,6.504659e-01,5.321994e-01,4.730661e-01,5.913326e-01,4.139328e-01,5.321994e-01,4.730661e-01,5.321994e-01,2.365331e-01,2.956663e-01,8.278657e-01,5.321994e-01,4.139328e-01,5.913326e-01,4.730661e-01,4.730661e-01,3.547996e-01
4.730661e-01,5.913326e-01,7.687324e-01,6.504659e-01,8.278657e-01,7.687324e-01,6.504659e-01,8.278657e-01,9.461322e-01,9.461322e-01,6.504659e-01,1.182665e+00,7.095992e-01,7.687324e-01,9.461322e-01,1.005265e+00,1.182665e+00,8.869990e-01,1.182665e+00,6.504659e-01,8.278657e-01,6.504659e-01,1.182665e+00,1.241799e+00,1.005265e+00,1.064399e+00,1.064399e+00,1.241799e+00,7.687324e-01,1.182665e+00,1.300932e+00,7.095992e-01,1.300932e+00,9.461322e-01,1.241799e+00,1.478332e+00,7.095992e-01,1.005265e+00,1.182665e+00,8.278657e-01,1.064399e+00,1.300932e+00,9.461322e-01,1.241799e+00,1.005265e+00,1.655731e+00,1.714865e+00,9.461322e-01,1.478332e+00,1.596598e+00,1.360065e+00,1.123532e+00,1.655731e+00,1.360065e+00,1.655731e+00,1.419198e+00,1.537465e+00,9.461322e-01,2.010531e+00,1.833131e+00,1.478332e+00,1.182665e+00,2.306197e+00,2.069664e+00,2.128798e+00,2.483597e+00,2.187931e+00,2.601864e+00,2.187931e+00,2.247064e+00,1.714865e+00,2.010531e+00,1.833131e+00,2.069664e+00,2.660997e+00,2.601864e+00,2.247064e+00,2.247064e+00,2.720130e+00,2.601864e+00,3.015796e+00,2.483597e+00,1.833131e+00,3.547996e+00,3.074930e+00,3.074930e+00,3.843662e+00,2.660997e+00,3.370596e+00,4.316728e+00,3.311463e+00,2.956663e+00,3.134063e+00,3.843662e+00,3.607129e+00,3.902795e+00,4.612395e+00,5.262860e+00,3.725396e+00,4.257595e+00,4.021062e+00,4.848928e+00,4.553261e+00,4.671528e+00,4.257595e+00,4.375862e+00,4.908061e+00,5.203727e+00,4.730661e+00,5.203727e+00,5.499394e+00,5.440260e+00,5.499394e+00,5.262860e+00,5.913326e+00,6.268126e+00,5.617660e+00,6.149859e+00,6.859459e+00,7.332525e+00,7.155125e+00,6.622926e+00,8.219524e+00,8.337790e+00,7.391658e+00,7.628191e+00,7.628191e+00,7.628191e+00,6.445526e+00,7.746458e+00,9.165656e+00,8.751723e+00,1.023005e+01,9.461322e+00,9.402189e+00,8.456057e+00,8.633457e+00,9.520455e+00,9.697855e+00,9.520455e+00,1.005265e+01,1.076225e+01,1.129445e+01,1.206319e+01,1.170839e+01,1.046659e+01,1.159012e+01,1.241799e+01,1.076225e+01,1.247712e+01,1.088052e+01,1.206319e+01,1.224059e+01,1.318672e+01,1.324585e+01,1.259539e+01,1.153099e+01,1.289105e+01,1.200405e+01,1.283192e+01,1.407372e+01,1.224059e+01,1.212232e+01,1.289105e+01,1.312758e+01,1.360065e+01,1.383718e+01,1.383718e+01,1.496072e+01,1.395545e+01,1.283192e+01,1.277279e+01,1.271365e+01,1.105792e+01,1.360065e+01,1.159012e+01,1.040745e+01,1.034832e+01,1.070312e+01,1.176752e+01,1.017092e+01,9.993522e+00,8.633457e+00,8.101257e+00,8.515190e+00,9.165656e+00,8.396923e+00,9.934388e+00,9.224789e+00,7.746458e+00,8.219524e+00,7.569058e+00,7.095992e+00,5.972460e+00,5.381127e+00,6.386393e+00,4.908061e+00,5.262860e+00,5.026327e+00,4.730661e+00,4.730661e+00,4.257595e+00,3.961929e+00,3.134063e+00,4.257595e+00,3.193196e+00,2.897530e+00,3.193196e+00,2.838397e+00,2.128798e+00,3.193196e+00,1.655731e+00,2.128798e+00,1.655731e+00,1.596598e+00,2.069664e+00,1.419198e+00,1.182665e+00,1.005265e+00,9.461322e-01,1.360065e+00,1.773998e+00,1.123532e+00,6.504659e-01,1.005265e+00,4.730661e-01,8.278657e-01,1.182665e+00,5.913326e-01,6.504659e-01,9.461322e-01,8.869990e-01,5.913326e-01,1.005265e+00,4.730661e-01,5.913326e-01,4.139328e-01,4.730661e-01,3.547996e-01,7.095992e-01,5.913326e-01,7.687324e-01,6.504659e-01,8.869990e-01,7.095992e-01,5.321994e-01,7.687324e-01,4.139328e-01,5.321994e-01,8.278657e-01,4.730661e-01,4.730661e-01,7.095992e-01,7.095992e-01,5.913326e-02,6.504659e-01,5.321994e-01,2.365331e-01,4.139328e-01,4.139328e-01,4.139328e-01,3.547996e-01,6.504659e-01,4.730661e-01,4.139328e-01,5.913326e-01,7.095992e-01,5.321994e-01,4.730661e-01,2.956663e-01,7.687324e-01,7.095992e-01,8.869990e-01,6.504659e-01,4.730661e-01,7.687324e-01,1.773998e-01,7.687324e-01,5.321994e-01,4.730661e-01
7.687324e-01,7.095992e-01,8.278657e-01,8.278657e-01,7.687324e-01,5.913326e-01,7.095992e-01,6.504659e-01,7.687324e-01,7.095992e-01,6.504659e-01,7.095992e-01,7.095992e-01,9.461322e-01,9.461322e-01,8.869990e-01,1.005265e+00,1.064399e+00,1.064399e+00,1.300932e+00,1.005265e+00,8.278657e-01,1.123532e+00,7.095992e-01,7.687324e-01,8.869990e-01,9.461322e-01,1.064399e+00,1.005265e+00,1.064399e+00,8.278657e-01,7.095992e-01,8.869990e-01,1.360065e+00,1.241799e+00,6.504659e-01,1.300932e+00,1.182665e+00,1.182665e+00,1.182665e+00,1.182665e+00,1.596598e+00,1.241799e+00,1.300932e+00,1.241799e+00,7.687324e-01,1.596598e+00,1.064399e+00,1.596598e+00,1.951398e+00,1.537465e+00,1.714865e+00,1.596598e+00,1.655731e+00,1.300932e+00,2.187931e+00,1.241799e+00,1.714865e+00,1.951398e+00,1.123532e+00,1.892264e+00,1.892264e+00,1.773998e+00,1.182665e+00,1.655731e+00,2.069664e+00,1.773998e+00,2.542730e+00,2.247064e+00,1.596598e+00,2.483597e+00,2.306197e+00,2.483597e+00,2.306197e+00,2.187931e+00,2.306197e+00,2.720130e+00,2.779263e+00,2.247064e+00,2.660997e+00,2.306197e+00,2.306197e+00,2.660997e+00,3.193196e+00,2.483597e+00,2.838397e+00,3.134063e+00,2.187931e+00,3.074930e+00,2.365331e+00,3.902795e+00,2.720130e+00,4.139328e+00,3.666262e+00,3.252330e+00,4.671528e+00,4.434995e+00,4.434995e+00,3.193196e+00,4.967194e+00,3.784529e+00,4.494128e+00,5.085461e+00,4.848928e+00,4.553261e+00,4.198462e+00,5.558527e+00,4.789794e+00,4.198462e+00,5.203727e+00,5.144594e+00,5.381127e+00,5.440260e+00,5.203727e+00,6.031593e+00,5.795060e+00,6.149859e+00,5.676793e+00,5.262860e+00,6.445526e+00,6.800325e+00,5.972460e+00,7.095992e+00,7.687324e+00,7.805591e+00,7.155125e+00,6.859459e+00,8.456057e+00,7.746458e+00,7.982991e+00,7.746458e+00,9.047389e+00,9.047389e+00,9.106523e+00,8.929123e+00,1.028919e+01,1.034832e+01,1.011179e+01,8.988256e+00,1.017092e+01,1.023005e+01,9.816122e+00,1.040745e+01,1.052572e+01,1.046659e+01,1.164925e+01,1.117619e+01,1.194492e+01,1.076225e+01,1.265452e+01,1.295018e+01,1.425112e+01,1.229972e+01,1.206319e+01,1.141272e+01,1.306845e+01,1.200405e+01,1.224059e+01,1.218145e+01,1.312758e+01,1.472418e+01,1.377805e+01,1.312758e+01,1.283192e+01,1.194492e+01,1.277279e+01,1.235885e+01,1.277279e+01,1.324585e+01,1.176752e+01,1.360065e+01,1.330498e+01,1.271365e+01,1.218145e+01,1.170839e+01,1.295018e+01,1.017092e+01,1.076225e+01,1.129445e+01,9.520455e+00,1.105792e+01,1.088052e+01,9.993522e+00,9.283922e+00,8.337790e+00,8.042124e+00,9.224789e+00,8.160390e+00,8.101257e+00,7.155125e+00,8.042124e+00,6.208993e+00,6.090726e+00,6.149859e+00,4.908061e+00,4.848928e+00,5.321994e+00,4.848928e+00,5.026327e+00,4.671528e+00,4.139328e+00,4.434995e+00,4.612395e+00,3.843662e+00,3.429729e+00,3.902795e+00,3.547996e+00,2.424464e+00,2.720130e+00,2.010531e+00,2.187931e+00,2.306197e+00,2.424464e+00,1.951398e+00,1.833131e+00,1.892264e+00,1.360065e+00,1.182665e+00,1.300932e+00,1.300932e+00,7.687324e-01,1.360065e+00,1.300932e+00,9.461322e-01,6.504659e-01,1.064399e+00,8.869990e-01,9.461322e-01,5.321994e-01,8.869990e-01,1.064399e+00,6.504659e-01,5.321994e-01,4.139328e-01,9.461322e-01,4.730661e-01,4.139328e-01,5.321994e-01,8.278657e-01,4.730661e-01,6.504659e-01,6.504659e-01,7.095992e-01,3.547996e-01,2.956663e-01,2.365331e-01,4.139328e-01,5.913326e-01,4.139328e-01,5.321994e-01,2.956663e-01,3.547996e-01,4.730661e-01,7.687324e-01,5.321994e-01,5.321994e-01,4.730661e-01,5.321994e-01,5.321994e-01,5.321994e-01,5.321994e-01,5.321994e-01,3.547996e-01,5.321994e-01,4.730661e-01,1.005265e+00,2.956663e-01,4.139328e-01,4.139328e-01,2.365331e-01,5.321994e-01,3.547996e-01,4.139328e-01,5.321994e-01,7.095992e-01,7.095992e-01,3.547996e-01,2.365331e-01,4.139328e-01,5.321994e-01
4.139328e-01,4.730661e-01,2.956663e-01,8.278657e-01,6.504659e-01,3.547996e-01,7.687324e-01,2.956663e-01,6.504659e-01,1.005265e+00,5.321994e-01,1.064399e+00,7.095992e-01,8.869990e-01,1.005265e+00,3.547996e-01,8.278657e-01,8.278657e-01,9.461322e-01,1.064399e+00,7.687324e-01,6.504659e-01,7.687324e-01,1.655731e+00,1.123532e+00,1.300932e+00,7.095992e-01,7.095992e-01,9.461322e-01,1.182665e+00,1.005265e+00,1.182665e+00,7.687324e-01,1.064399e+00,1.182665e+00,1.360065e+00,1.182665e+00,1.478332e+00,6.504659e-01,1.419198e+00,1.300932e+00,1.123532e+00,1.123532e+00,1.478332e+00,1.005265e+00,1.241799e+00,1.300932e+00,1.300932e+00,1.419198e+00,1.064399e+00,1.478332e+00,1.833131e+00,1.241799e+00,1.537465e+00,1.241799e+00,1.419198e+00,1.773998e+00,1.951398e+00,1.537465e+00,1.892264e+00,1.773998e+00,1.833131e+00,1.596598e+00,2.010531e+00,2.247064e+00,1.892264e+00,1.833131e+00,2.128798e+00,2.542730e+00,1.892264e+00,2.010531e+00,2.069664e+00,2.365331e+00,2.483597e+00,2.897530e+00,2.601864e+00,2.897530e+00,2.424464e+00,2.779263e+00,3.015796e+00,3.074930e+00,2.128798e+00,3.488863e+00,2.897530e+00,3.311463e+00,3.252330e+00,3.547996e+00,2.601864e+00,2.779263e+00,3.547996e+00,2.956663e+00,3.134063e+00,3.311463e+00,3.784529e+00,3.370596e+00,4.198462e+00,4.139328e+00,3.902795e+00,3.784529e+00,3.370596e+00,3.961929e+00,4.494128e+00,3.784529e+00,4.553261e+00,4.671528e+00,4.257595e+00,5.321994e+00,5.440260e+00,5.085461e+00,4.671528e+00,5.558527e+00,4.612395e+00,5.558527e+00,5.735927e+00,6.149859e+00,5.795060e+00,6.208993e+00,5.381127e+00,6.622926e+00,6.031593e+00,5.735927e+00,7.273391e+00,7.864724e+00,7.214258e+00,8.160390e+00,8.515190e+00,7.214258e+00,7.036858e+00,8.692590e+00,7.864724e+00,9.283922e+00,8.160390e+00,9.520455e+00,9.697855e+00,1.040745e+01,9.579589e+00,1.034832e+01,1.046659e+01,1.088052e+01,1.076225e+01,1.176752e+01,1.034832e+01,1.046659e+01,1.164925e+01,1.283192e+01,1.117619e+01,1.153099e+01,1.194492e+01,1.194492e+01,1.200405e+01,1.159012e+01,1.241799e+01,1.330498e+01,1.265452e+01,1.265452e+01,1.401458e+01,1.206319e+01,1.425112e+01,1.330498e+01,1.277279e+01,1.241799e+01,1.259539e+01,1.383718e+01,1.395545e+01,1.330498e+01,1.531552e+01,1.389632e+01,1.300932e+01,1.194492e+01,1.241799e+01,1.318672e+01,1.401458e+01,1.111705e+01,1.312758e+01,1.241799e+01,1.147185e+01,1.064399e+01,1.088052e+01,1.117619e+01,1.135359e+01,1.135359e+01,9.283922e+00,1.005265e+01,1.164925e+01,9.756989e+00,8.810856e+00,8.278657e+00,7.982991e+00,7.628191e+00,7.746458e+00,7.628191e+00,6.741192e+00,6.918592e+00,6.800325e+00,5.440260e+00,5.321994e+00,4.908061e+00,5.854193e+00,5.617660e+00,4.021062e+00,3.666262e+00,4.316728e+00,4.021062e+00,3.902795e+00,3.429729e+00,2.720130e+00,2.838397e+00,2.365331e+00,2.247064e+00,2.365331e+00,2.483597e+00,1.714865e+00,1.596598e+00,1.596598e+00,1.537465e+00,2.069664e+00,1.655731e+00,1.655731e+00,1.123532e+00,1.360065e+00,1.478332e+00,1.241799e+00,7.687324e-01,1.537465e+00,1.241799e+00,7.095992e-01,8.278657e-01,1.005265e+00,1.300932e+00,1.005265e+00,5.913326e-01,7.687324e-01,7.687324e-01,4.139328e-01,2.956663e-01,7.687324e-01,8.278657e-01,5.913326e-01,4.139328e-01,4.139328e-01,6.504659e-01,5.321994e-01,7.095992e-01,4.730661e-01,5.913326e-01,9.461322e-01,4.139328e-01,8.278657e-01,5.913326e-01,5.913326e-01,5.321994e-01,7.687324e-01,2.956663e-01,3.547996e-01,5.913326e-01,7.687324e-01,4.730661e-01,2.365331e-01,5.321994e-01,5.321994e-01,3.547996e-01,6.504659e-01,4.730661e-01,5.913326e-01,6.504659e-01,1.182665e-01,3.547996e-01,4.730661e-01,7.687324e-01,3.547996e-01,4.730661e-01,5.321994e-01,7.095992e-01,5.321994e-01,4.730661e-01,4.730661e-01,8.278657e-01,4.730661e-01,5.321994e-01,1.773998e-01
5.913326e-01,1.064399e+00,7.095992e-01,8.869990e-01,7.095992e-01,7.687324e-01,6.504659e-01,5.913326e-01,1.300932e+00,5.321994e-01,1.123532e+00,7.687324e-01,9.461322e-01,1.064399e+00,7.687324e-01,6.504659e-01,6.504659e-01,1.123532e+00,1.005265e+00,8.869990e-01,8.278657e-01,1.537465e+00,8.278657e-01,6.504659e-01,7.687324e-01,1.123532e+00,8.278657e-01,8.278657e-01,1.182665e+00,1.478332e+00,1.182665e+00,9.461322e-01,9.461322e-01,8.869990e-01,5.913326e-01,1.300932e+00,1.300932e+00,8.869990e-01,8.869990e-01,1.478332e+00,1.478332e+00,1.655731e+00,1.537465e+00,1.241799e+00,1.892264e+00,1.064399e+00,1.360065e+00,1.241799e+00,1.300932e+00,1.478332e+00,1.773998e+00,1.714865e+00,1.773998e+00,1.123532e+00,1.360065e+00,1.714865e+00,1.596598e+00,1.655731e+00,2.247064e+00,1.773998e+00,1.714865e+00,1.773998e+00,2.306197e+00,1.064399e+00,2.010531e+00,2.247064e+00,2.010531e+00,1.714865e+00,1.478332e+00,2.483597e+00,1.892264e+00,2.306197e+00,2.483597e+00,2.128798e+00,2.306197e+00,2.424464e+00,2.779263e+00,2.306197e+00,2.247064e+00,2.128798e+00,2.601864e+00,2.779263e+00,3.252330e+00,2.720130e+00,2.306197e+00,3.725396e+00,3.134063e+00,3.725396e+00,3.193196e+00,3.134063e+00,3.311463e+00,3.429729e+00,3.547996e+00,3.666262e+00,4.908061e+00,3.666262e+00,4.494128e+00,4.139328e+00,4.021062e+00,4.139328e+00,3.843662e+00,4.139328e+00,4.553261e+00,4.375862e+00,4.553261e+00,4.316728e+00,4.553261e+00,4.967194e+00,5.972460e+00,5.144594e+00,6.682059e+00,5.440260e+00,5.913326e+00,5.854193e+00,6.327259e+00,5.381127e+00,6.682059e+00,5.913326e+00,5.735927e+00,7.273391e+00,7.155125e+00,6.090726e+00,7.391658e+00,7.214258e+00,7.273391e+00,7.214258e+00,8.278657e+00,8.692590e+00,9.165656e+00,8.160390e+00,8.751723e+00,9.520455e+00,8.692590e+00,1.011179e+01,9.697855e+00,1.011179e+01,9.875255e+00,1.141272e+01,9.106523e+00,1.099879e+01,1.135359e+01,1.194492e+01,1.147185e+01,1.093965e+01,1.023005e+01,1.212232e+01,1.253625e+01,1.241799e+01,1.017092e+01,1.064399e+01,1.099879e+01,1.253625e+01,1.277279e+01,1.407372e+01,1.324585e+01,1.224059e+01,1.318672e+01,1.200405e+01,1.218145e+01,1.401458e+01,1.484245e+01,1.365978e+01,1.519725e+01,1.448765e+01,1.383718e+01,1.342325e+01,1.235885e+01,1.389632e+01,1.365978e+01,1.141272e+01,1.229972e+01,1.123532e+01,1.271365e+01,1.241799e+01,1.218145e+01,1.259539e+01,1.241799e+01,1.111705e+01,1.064399e+01,1.147185e+01,1.034832e+01,9.875255e+00,8.515190e+00,9.224789e+00,9.106523e+00,8.633457e+00,7.982991e+00,8.574323e+00,7.155125e+00,8.101257e+00,7.036858e+00,7.687324e+00,6.327259e+00,5.913326e+00,5.972460e+00,4.553261e+00,5.676793e+00,5.854193e+00,5.321994e+00,4.730661e+00,4.198462e+00,4.139328e+00,3.488863e+00,3.961929e+00,3.370596e+00,3.725396e+00,3.134063e+00,3.015796e+00,2.542730e+00,1.892264e+00,2.187931e+00,2.247064e+00,1.773998e+00,1.182665e+00,1.300932e+00,2.069664e+00,1.655731e+00,1.478332e+00,1.478332e+00,8.869990e-01,1.005265e+00,1.241799e+00,1.419198e+00,1.005265e+00,1.005265e+00,1.005265e+00,1.360065e+00,8.869990e-01,8.869990e-01,5.321994e-01,9.461322e-01,7.095992e-01,3.547996e-01,8.278657e-01,8.869990e-01,5.913326e-01,8.869990e-01,5.321994e-01,3.547996e-01,7.095992e-01,5.321994e-01,4.730661e-01,4.139328e-01,5.321994e-01,6.504659e-01,4.139328e-01,4.730661e-01,7.095992e-01,4.730661e-01,4.730661e-01,3.547996e-01,4.730661e-01,2.365331e-01,5.913326e-01,7.095992e-01,2.956663e-01,1.773998e-01,6.504659e-01,4.139328e-01,4.139328e-01,7.687324e-01,4.730661e-01,2.956663e-01,5.321994e-01,7.095992e-01,3.547996e-01,3.547996e-01,7.095992e-01,2.365331e-01,5.321994e-01,4.139328e-01,3.547996e-01,4.139328e-01,4.139328e-01,4.730661e-01,5.913326e-01,5.913326e-01,2.956663e-01,5.321994e-01,5.321994e-01
